S0240000776966695F656D6265646465645F6D7174745F636C69656E745F736F632E733337F1
S31500000000010000000D900D90901602000100000006
S3150000001000102000E8D6A2C7000000000000000083
S3150000002000000000000000000000000000000000CA
S315000000300000000000000000000000000D900D9080
S31500000040A55A0000002020080000008000000000E3
S31500000050000000000000000000000000000000009A
S31500000060000000000000000000000000000000008A
S31500000070000000000000000000000000000000007A
S31500000080000000000000000000000000000000006A
S31500000090000000000000000000000000000000005A
S315000000A0000000000000000000000000000000004A
S315000000B0000000000000000000000000000000003A
S315000000C0000000000000000000000000000000002A
S315000000D0000000000000000000000000000000001A
S315000000E0000000000000000000000000000000000A
S315000000F000000000000000000000000000000000FA
S3150000010000000000000000000000000000000000E9
S3150000011000000000000000000000000000000000D9
S3150000012000000000000000000000000000000000C9
S3150000013000000000000000000000000000000000B9
S3150000014000000000000000000000000000000000A9
S315000001500000000000000000000000000000000099
S315000001600000000000000000000000000000000089
S315000001700000000000000000000000000000000079
S315000001800000000000000000000000000000000069
S315000001900000000000000000000000000000000059
S315000001A00000000000000000000000000000000049
S315000001B00000000000000000000000000000000039
S315000001C00000000000000000000000000000000029
S315000001D00000000000000000000000000000000019
S315000001E00000000000000000000000000000000009
S315000001F000000000000000000000000000000000F9
S3150000020000000000000000000000000000000000E8
S3150000021000000000000000000000000000000000D8
S3150000022000000000000000000000000000000000C8
S3150000023000000000000000000000000000000000B8
S3150000024000000000000000000000000000000000A8
S315000002500000000000000000000000000000000098
S315000002600000000000000000000000000000000088
S315000002700000000000000000000000000000000078
S315000002800000000000000000000000000000000068
S315000002900000000000000000000000000000000058
S315000002A00000000000000000000000000000000048
S315000002B00000000000000000000000000000000038
S315000002C00000000000000000000000000000000028
S315000002D00000000000000000000000000000000018
S315000002E00000000000000000000000000000000008
S315000002F000000000000000000000000000000000F8
S3150000030000000000000000000000000000000000E7
S3150000031000000000000000000000000000000000D7
S3150000032000000000000000000000000000000000C7
S3150000033000000000000000000000000000000000B7
S3150000034000000000000000000000000000000000A7
S315000003500000000000000000000000000000000097
S315000003600000000000000000000000000000000087
S315000003700000000000000000000000000000000077
S315000003800000000000000000000000000000000067
S315000003900000000000000000000000000000000057
S315000003A00000000000000000000000000000000047
S315000003B00000000000000000000000000000000037
S315000003C00000000000000000000000000000000027
S315000003D00000000000000000000000000000000017
S315000003E00000000000000000000000000000000007
S315000003F000000000000000000000000000000000F7
S3150000040000000000000000000000000000000000E6
S3150000041000000000000000000000000000000000D6
S3150000042000000000000000000000000000000000C6
S3150000043000000000000000000000000000000000B6
S3150000044000000000000000000000000000000000A6
S315000004500000000000000000000000000000000096
S315000004600000000000000000000000000000000086
S315000004700000000000000000000000000000000076
S315000004800000000000000000000000000000000066
S315000004900000000000000000000000000000000056
S315000004A00000000000000000000000000000000046
S315000004B00000000000000000000000000000000036
S315000004C00000000000000000000000000000000026
S315000004D00000000000000000000000000000000016
S315000004E00000000000000000000000000000000006
S315000004F000000000000000000000000000000000F6
S3150000050000000000000000000000000000000000E5
S3150000051000000000000000000000000000000000D5
S3150000052000000000000000000000000000000000C5
S3150000053000000000000000000000000000000000B5
S3150000054000000000000000000000000000000000A5
S315000005500000000000000000000000000000000095
S315000005600000000000000000000000000000000085
S315000005700000000000000000000000000000000075
S315000005800000000000000000000000000000000065
S315000005900000000000000000000000000000000055
S315000005A00000000000000000000000000000000045
S315000005B00000000000000000000000000000000035
S315000005C00000000000000000000000000000000025
S315000005D00000000000000000000000000000000015
S315000005E00000000000000000000000000000000005
S315000005F000000000000000000000000000000000F5
S3150000060000000000000000000000000000000000E4
S3150000061000000000000000000000000000000000D4
S3150000062000000000000000000000000000000000C4
S3150000063000000000000000000000000000000000B4
S3150000064000000000000000000000000000000000A4
S315000006500000000000000000000000000000000094
S315000006600000000000000000000000000000000084
S315000006700000000000000000000000000000000074
S315000006800000000000000000000000000000000064
S315000006900000000000000000000000000000000054
S315000006A00000000000000000000000000000000044
S315000006B00000000000000000000000000000000034
S315000006C00000000000000000000000000000000024
S315000006D00000000000000000000000000000000014
S315000006E00000000000000000000000000000000004
S315000006F000000000000000000000000000000000F4
S3150000070000000000000000000000000000000000E3
S3150000071000000000000000000000000000000000D3
S3150000072000000000000000000000000000000000C3
S3150000073000000000000000000000000000000000B3
S3150000074000000000000000000000000000000000A3
S315000007500000000000000000000000000000000093
S315000007600000000000000000000000000000000083
S315000007700000000000000000000000000000000073
S315000007800000000000000000000000000000000063
S315000007900000000000000000000000000000000053
S315000007A00000000000000000000000000000000043
S315000007B00000000000000000000000000000000033
S315000007C00000000000000000000000000000000023
S315000007D00000000000000000000000000000000013
S315000007E00000000000000000000000000000000003
S315000007F000000000000000000000000000000000F3
S3150000080000000000000000000000000000000000E2
S3150000081000000000000000000000000000000000D2
S3150000082000000000000000000000000000000000C2
S3150000083000000000000000000000000000000000B2
S3150000084000000000000000000000000000000000A2
S315000008500000000000000000000000000000000092
S315000008600000000000000000000000000000000082
S315000008700000000000000000000000000000000072
S315000008800000000000000000000000000000000062
S315000008900000000000000000000000000000000052
S315000008A00000000000000000000000000000000042
S315000008B00000000000000000000000000000000032
S315000008C00000000000000000000000000000000022
S315000008D00000000000000000000000000000000012
S315000008E00000000000000000000000000000000002
S315000008F000000000000000000000000000000000F2
S3150000090000000000000000000000000000000000E1
S3150000091000000000000000000000000000000000D1
S3150000092000000000000000000000000000000000C1
S3150000093000000000000000000000000000000000B1
S3150000094000000000000000000000000000000000A1
S315000009500000000000000000000000000000000091
S315000009600000000000000000000000000000000081
S315000009700000000000000000000000000000000071
S315000009800000000000000000000000000000000061
S315000009900000000000000000000000000000000051
S315000009A00000000000000000000000000000000041
S315000009B00000000000000000000000000000000031
S315000009C00000000000000000000000000000000021
S315000009D00000000000000000000000000000000011
S315000009E00000000000000000000000000000000001
S315000009F000000000000000000000000000000000F1
S31500000A0000000000000000000000000000000000E0
S31500000A1000000000000000000000000000000000D0
S31500000A2000000000000000000000000000000000C0
S31500000A3000000000000000000000000000000000B0
S31500000A4000000000000000000000000000000000A0
S31500000A500000000000000000000000000000000090
S31500000A600000000000000000000000000000000080
S31500000A700000000000000000000000000000000070
S31500000A800000000000000000000000000000000060
S31500000A900000000000000000000000000000000050
S31500000AA00000000000000000000000000000000040
S31500000AB00000000000000000000000000000000030
S31500000AC00000000000000000000000000000000020
S31500000AD00000000000000000000000000000000010
S31500000AE00000000000000000000000000000000000
S31500000AF000000000000000000000000000000000F0
S31500000B0000000000000000000000000000000000DF
S31500000B1000000000000000000000000000000000CF
S31500000B2000000000000000000000000000000000BF
S31500000B3000000000000000000000000000000000AF
S31500000B40000000000000000000000000000000009F
S31500000B50000000000000000000000000000000008F
S31500000B60000000000000000000000000000000007F
S31500000B70000000000000000000000000000000006F
S31500000B80000000000000000000000000000000005F
S31500000B90000000000000000000000000000000004F
S31500000BA0000000000000000000000000000000003F
S31500000BB0000000000000000000000000000000002F
S31500000BC0000000000000000000000000000000001F
S31500000BD0000000000000000000000000000000000F
S31500000BE000000000000000000000000000000000FF
S31500000BF000000000000000000000000000000000EF
S31500000C0000000000000000000000000000000000DE
S31500000C1000000000000000000000000000000000CE
S31500000C2000000000000000000000000000000000BE
S31500000C3000000000000000000000000000000000AE
S31500000C40000000000000000000000000000000009E
S31500000C50000000000000000000000000000000008E
S31500000C60000000000000000000000000000000007E
S31500000C70000000000000000000000000000000006E
S31500000C80000000000000000000000000000000005E
S31500000C90000000000000000000000000000000004E
S31500000CA0000000000000000000000000000000003E
S31500000CB0000000000000000000000000000000002E
S31500000CC0000000000000000000000000000000001E
S31500000CD0000000000000000000000000000000000E
S31500000CE000000000000000000000000000000000FE
S31500000CF000000000000000000000000000000000EE
S31500000D0000000000000000000000000000000000DD
S31500000D1000000000000000000000000000000000CD
S31500000D2000000000000000000000000000000000BD
S31500000D3000000000000000000000000000000000AD
S31500000D40000000000000000000000000000000009D
S31500000D50000000000000000000000000000000008D
S31500000D60000000000000000000000000000000007D
S31500000D70000000000000000000000000000000006D
S31500000D80000000000000000000000000000000005D
S31500000D90000000000000000000000000000000004D
S31500000DA0000000000000000000000000000000003D
S31500000DB0000000000000000000000000000000002D
S31500000DC0000000000000000000000000000000001D
S31500000DD0000000000000000000000000000000000D
S31500000DE000000000000000000000000000000000FD
S31500000DF000000000000000000000000000000000ED
S31500000E0000000000000000000000000000000000DC
S31500000E1000000000000000000000000000000000CC
S31500000E2000000000000000000000000000000000BC
S31500000E3000000000000000000000000000000000AC
S31500000E40000000000000000000000000000000009C
S31500000E50000000000000000000000000000000008C
S31500000E60000000000000000000000000000000007C
S31500000E70000000000000000000000000000000006C
S31500000E80000000000000000000000000000000005C
S31500000E90000000000000000000000000000000004C
S31500000EA0000000000000000000000000000000003C
S31500000EB0000000000000000000000000000000002C
S31500000EC0000000000000000000000000000000001C
S31500000ED0000000000000000000000000000000000C
S31500000EE000000000000000000000000000000000FC
S31500000EF000000000000000000000000000000000EC
S31500000F0000000000000000000000000000000000DB
S31500000F1000000000000000000000000000000000CB
S31500000F2000000000000000000000000000000000BB
S31500000F3000000000000000000000000000000000AB
S31500000F40000000000000000000000000000000009B
S31500000F50000000000000000000000000000000008B
S31500000F60000000000000000000000000000000007B
S31500000F70000000000000000000000000000000006B
S31500000F80000000000000000000000000000000005B
S31500000F90000000000000000000000000000000004B
S31500000FA0000000000000000000000000000000003B
S31500000FB0000000000000000000000000000000002B
S31500000FC0000000000000000000000000000000001B
S31500000FD0000000000000000000000000000000000B
S31500000FE000000000000000000000000000000000FB
S31500000FF000000000000000000000000000000000EB
S31500001000188E0100A1C7200875E0210875E02108A7
S3150000101075E0210875E0210875E021080000000050
S31500001020000000000000000000000000B1320000D7
S3150000103075E021080000000041320000EF220000A8
S3150000104075E0210875E02108A14B2108D14B210844
S31500001050014C2108314C210875E0210875E0210872
S3150000106075E0210875E0210851080000A90621084D
S3150000107021EB20084546210875E0210875E0210886
S3150000108075E0210875E02108493E2108ED3E21085A
S3150000109075E02108E13D21086D07000075E0210893
S315000010A075E0210875E0210875E0210875E0210842
S315000010B075E0210875E02108188E010075E0210809
S315000010C0A1C72008A907000075E0210875E02108DE
S315000010D075E0210875E0210809EB200815EB2008CA
S315000010E0FD08000075E021082D4621087B1F13929C
S315000010F075E0210875E0210875E0210875E02108F2
S3150000110075E0210875E02108B13D2108C93D210897
S31500001110F13C2108093D2108213D2108393D2108DE
S31500001120513D2108693D2108813D2108993D21084D
S3150000113075E021083946210875E0210875E0210887
S3150000114075E0210875E0210875E0210875E02108A1
S3150000115075E0210875E0210875E0210875E0210891
S3150000116075E0210875E02108AD0E000000000000C2
S315000011700000000000000000000000000000000069
S3150000118010B962B6BFF36F8F7047EFF3108072B677
S31500001190704780F31188BFF36F8F7047EFF31180AC
S315000011A00C2383F3118870470E4A136830B54161EA
S315000011B083B9106083600CE0491B9D6841611C4641
S315000011C02B461DB15D698D42F6D92CB1A0608360B6
S315000011D023B930BD0024F5E7106083605A69521ABE
S315000011E05A61F6E73C4501000D490B68A0B10022A3
S315000011F0A3B1834203D1836822B90B6003E01A4688
S315000012009B68F5E7936083680BB9002070475A69BD
S3150000121041690A445A61F8E7222070470220704764
S315000012203C45010010B500F0EDF80A4C0A4B196870
S315000012302368C31A09B9206010BD002BFBD04A6988
S315000012409A422EBFD21A9B1A00224A6128BF002357
S315000012508968EFE7384501003C4501002DE9F0417A
S315000012600569044675B300F0CDF8A269861AF3172E
S31500001270AE4273F1000326DB23691344A361012305
S315000012802269C2B1BBB9A38BAD1B33B1E28B134448
S315000012909BB2B3F57A7F21D2E383FFF77FFF29461E
S315000012A006462046FFF780FFA36922691344A3611F
S315000012B03046FFF76EFFE368C3B121682046BDE8FC
S315000012C0F04118472E46FFF769FF07462046FFF70D
S315000012D08BFF3846FFF75DFF0023D1E7A3F57A734E
S315000012E0E383A369013B013DA361D6E7BDE8F08135
S315000012F0094B0A491A6800230B705AB1D088800737
S3150000130002D501230B70704792681AB150690344E5
S31500001310012BF3D9704700BF3C450100344501005D
S315000013200D4B1B6810B5ABB15B6963B10B4A146812
S3150000133002201C4400F073F8204600F079F8FFF70D
S31500001340D7FF002010BD022000F069F8022000F04F
S31500001350C3F8F4E72220F5E73C45010038450100D3
S315000013602DE9F0410446E00707D5234A1368013307
S315000013701360FFF757FFFFF7D3FFA1073AD5FFF733
S315000013800DFF0546FFF74EFF0027DFF874803E4647
S31500001390D8F800400CB163699BB1184B0022012EAE
S315000013A01A7002D1BA0748BF1E70FFF7B9FF22288C
S315000013B002D1022000F07AF82846BDE8F041FFF796
S315000013C0E8BE23465A693AB91A792179914288BF0B
S315000013D01C469B68002BF5D12846FFF7DAFE20460F
S315000013E0FFF73CFFE788FFF7D9FE01360546FFF712
S315000013F019FFCDE7BDE8F081444501002C45010009
S315000014003C450100014B9869704700BF008C0424DD
S315000014100021084600F030BA4FF40040704700F053
S315000014200101830748BF41F00201002000F0ECB93A
S315000014302DE9F0410446FFF7A8FE1A4D0746D5F8F8
S315000014401880FFF7E5FF0646002000F007FA83073D
S3150000145005D4A6EB0803042B01D8464514D1A96987
S31500001460B4F1FF3F28BF0134C1F103032344072B26
S3150000147098BFCC1C00210846621E00F017FA022015
S31500001480FFF7CDFF00F03EFA3846FFF779FE064A31
S3150000149013782BB1AB6C43F00103AB6400231370DC
S315000014A0BDE8F081008C0424485D0000830700F04D
S315000014B0010109D5064B01221A70064A936C23F0E6
S315000014C0010341F002019364002000F0ABB900BFB4
S315000014D0485D0000008C0424830742BF024B0222B1
S315000014E0C3F84021704700BF008C042438B500F0D3
S315000014F017FAFFF753FE0446002000F0AFF9830702
S3150000150000F0010548BF45F0020500F00301002088
S3150000151000F096F92846FFF723FF2046FFF739FE2D
S31500001520BDE8384000F0EEB938B5234B0222C3F8C7
S315000015308420BFF34F8FBFF36F8F204BD3F8002863
S31500001540D30735D401231946202B01D11C4606E0CA
S3150000155001FA03F4144203F1010027D0DCB2184B60
S3150000156003EB04139A68C2F38162032A22D09B68B4
S315000015709B0F032B1ED0134B142202FB0433D3E91B
S315000015800253ED1A18BF01250F4B0E4ADB680C49B2
S31500001590DB690E4898472DB1084A01235169A340DB
S315000015A00B435361044B02225A6038BD0346CBE716
S315000015B00024D4E70025E7E700E100E0000003444B
S315000015C000FC02007C47010000013000305C000096
S315000015D038B5244B4FF48062C3F88020BFF34F8F99
S315000015E0BFF36F8F204BD3F80028D30736D40123DF
S315000015F019460C2B01D11C4606E001FA03F41442ED
S3150000160003F1010028D0DCB2184B03EB04139A68EF
S31500001610C2F38162032A23D09B689B0F032B1FD042
S31500001620134B142202FB0433D3E90253ED1A18BFFD
S315000016300125104B0E4ADB680C49DB690E489847BA
S315000016402DB1094A01235169A3400B435361054B50
S315000016504FF480621A6038BD0346CAE70024D3E718
S315000016600025E6E700E100E000800724001C0624D0
S315000016708C46010000013000245C00000B4BD3F8BF
S3150000168000D05DF804EB5DF804CB5DF804BB5DF8B3
S3150000169004AB5DF8049B5DF8048B80BC40BC20BCA9
S315000016A010BC08BC04BC02BC01BC70473446010037
S315000016B00C4AD2F8103623F48073C2F810360A4B5F
S315000016C0596B41F001015963596B41F002015963AD
S315000016D00423C2F838340A2300BF013B13F0FF038A
S315000016E0FAD170470080042400840424024B0122AE
S315000016F0C3F80421704700BF008C0424054B9A6888
S315000017009107FCD45A689207F9D4DA69002AF6D10F
S31500001710704700BF008C0424024A936D002BFCD155
S31500001720704700BF008C0424024A936F002BFCD143
S31500001730704700BF008C0424034B02221A61DA6949
S315000017409207FCD4704700BF008C04240749486800
S31500001750012808B508D1FFF7EFFFC1F80402BDE87C
S3150000176008408860FFF7CABF08BD00BF008C04248C
S3150000177038B5074DFFF7C2FF6B68012B044603D14E
S31500001780FFF7E4FFFFF7BAFF2378EB6038BD00BF31
S31500001790008C042410B101281AD070474A680B78CF
S315000017A012B1127843EAC2034A7843EA42038A68CE
S315000017B012B1127843EA82138A7843EA8203CA682E
S315000017C012B1127843EA42230E4A9364FFF7A4BF8C
S315000017D04A680B7812B1127843EAC2034A7843EAA0
S315000017E042038A6812B1127843EA82138A7843EA7E
S315000017F08203CA6812B1127843EA4223014A936609
S31500001800FFF792BF008C042410B1012804D0704762
S31500001810034BC3F844117047014BC3F8641170477A
S31500001820008C042410B1012804D07047034BC3F880
S3150000183044127047014BC3F864127047008C0424AD
S3150000184010B1012804D07047034BC3F8401270470B
S31500001850014BC3F860127047008C042418B10128AC
S3150000186004D000207047034B186C7047014B186E6C
S31500001870704700BF008C042418B101280BD000204B
S31500001880704711B1012903D07047074BD86C7047D8
S31500001890054B186D704721B10129F0D1024B186F25
S315000018A07047014BD86E7047008C042410B1012894
S315000018B00BD0704719B1012904D0FFF72DBF084B93
S315000018C0DA64FAE7064B1A65F7E719B1012904D07D
S315000018D0FFF72ABF024BDA66FAE7014B1A67F7E70A
S315000018E0008C0424064B1A6A61F397421A621A6A3C
S315000018F060F34C221A621A6A9204FCD5704700BF44
S3150000190000800424044B4FF480625A60034B4FF46A
S3150000191080021A60704700BF0000081200E100E074
S31500001920094B4FF48002C3F88020BFF34F8FBFF3FB
S315000019306F8F064B4FF480629A601A60044AD36B2D
S3150000194043F48063D363704700E100E000000812AF
S3150000195000810424024AD369002BFCD1704700BFE2
S31500001960008C0424024B01221A61FFF7F3BF00BF6B
S31500001970008C0424024B9861DA695207FCD4704744
S31500001980008C042472B6012809D1104B2022C3F81A
S315000019906C21D3F870219006FBD462B670470228FA
S315000019A008D10A4B4022C3F86C21D3F870215106A6
S315000019B0FBD4F2E70328F0D1044B4FF48072C3F84E
S315000019C06C21D3F87021D205FBD4E6E700800046EF
S315000019D0054B06480422C3F86C2100684FF0FF331C
S315000019E00022022101F030BE00800046D8540100DA
S315000019F038B52E4CD4F880315D070CD52C4B02211E
S31500001A00186801F0C5FD04232A4AC4F88031002075
S31500001A10C2F890300CE0D4F88031980709D500F070
S31500001A200FF928B9234A0223C4F88031C2F890304E
S31500001A3038BDD4F88031D9050DD54FF48075C4F87A
S31500001A40785100F00FF90028F2D11A4BC4F88051F2
S31500001A50C3F89050ECE7D4F880319A0604D50220FA
S31500001A60FFF790FF2023CFE7D4F880311B0604D57B
S31500001A700320FFF787FF8023C6E7D4F8805115F0CF
S31500001A80100504D00120FFF77DFF1023BCE704F00A
S31500001A9067FE042802D8084B1B780BB90120C7E75C
S31500001AA006492A46022004F02FFEF7E7008000468A
S31500001AB0D8540100000005410C450100E6AA2008A3
S31500001AC0014BC3F87801704700800046014BC3F80C
S31500001AD06C01704700800046064BD3F8742142F033
S31500001AE00102C3F87421D3F874211207FBD5002034
S31500001AF0704700BF0080004610B5034C206810B93F
S31500001B0001F030FD206010BDD8540100034AD2F820
S31500001B10743123F00103C2F8743170470080004627
S31500001B200B4BD3F8742142F00102C3F87421D3F8A9
S31500001B3074211207FBD5C3F86C01D3F8802110423B
S31500001B40FBD0C3F88001034BC3F89000FFF7DEBF5C
S31500001B50008000460000054110B5114C23786BB992
S31500001B60104AD2F880319B0509D54FF40073C2F8AC
S31500001B7080310D4AC2F890300123237010BD04F065
S31500001B807FFD40B14FF40070FFF7CAFF4FF40060CD
S31500001B90FFF7C6FFF0E7054B01221A70ECE700BF1E
S31500001BA0D65401000080004600000541D7540100CC
S31500001BB008B5074B1B784BB14FF40070FFF7B0FF29
S31500001BC0BDE808404FF40060FFF7AABF08BD00BF9C
S31500001BD0D754010008B5124BD86910F008001CD183
S31500001BE0104BD3F8742142F00102C3F87421D3F8E4
S31500001BF074211107FBD54FF48052C3F86C21D3F83A
S31500001C008021D204FBD54FF48052C3F88021064BC5
S31500001C10C3F89020FFF77AFF08BD0120FCE700BF5C
S31500001C20000008120080004600000541FFF7E0BEF4
S31500001C30024B5B68DBB20380002070470000054161
S31500001C40064B0748196810B504F04EFD044610B956
S31500001C50082000F0F9F8204610BD00BFDC54010052
S31500001C60E054010008B5402000F0EEF8002008BD61
S31500001C7010B5134AD2F874311B07FBD504F070FD7A
S31500001C80022806D80F4B1B781BB10F49002004F021
S31500001C903BFD01F05DFA4FF0640C0446002140F272
S31500001CA0E7304FF47A720023E4FB0C0104F050FD98
S31500001CB001F098FB054B064A5A63064ADA6510BDE1
S31500001CC0008000460C450100FEAA200800000541E0
S31500001CD000550100F0540100064B38B9064AD26996
S31500001CE0D20703D45A6B12F4204FFBD1034A5A632E
S31500001CF0704700BF000005410000081200550100B2
S31500001D00014B024ADA65704700000541F0540100B4
S31500001D1008B50921044804F0C7FC4FF48070FFF7AA
S31500001D20CFFE002008BD00BFE054010037B50023F8
S31500001D30ADF80630164BD3F86C319B07024624D417
S31500001D40144D01212B46062004F006FD044638B149
S31500001D501148022104F0C0FC1924204603B030BD0E
S31500001D600DF106020146286804F0C2FC0B4B102256
S31500001D7000F5A000186010449A8098604FF4C8627D
S31500001D8002209A81FFF7A2FEE7E76FF00104E4E77D
S31500001D9000800046DC540100C4052208F05401000E
S31500001DA00146014804F0C8BCE054010008B5074BE1
S31500001DB000F5A000186001F5A00110209880996038
S31500001DC09A81FFF705FE002008BD00BF00550100FF
S31500001DD010B504460220FFF773FE2046FFF7A6FF64
S31500001DE0044658B104F0BCFC042807D8064B1B78FF
S31500001DF023B106492246022004F086FC022000F0A8
S31500001E001DF8204610BD00BF0C45010018AB200888
S31500001E10094BA622C3F87C21D3F8742142F00202B2
S31500001E20C3F874214FF0E0234FF48062C3F8082111
S31500001E30142283F84A24704700800046014BC3F8F9
S31500001E407C0170470080004608B5064B01461868BD
S31500001E5030B101F09DFBC31C012B98BF002008BDCB
S31500001E601120FCE718550100F7B50023019307463A
S31500001E700E46154601AB4FF47A720121042004F098
S31500001E806BFC044670B90199089BCB60099B0880DE
S31500001E904F608B60304604F027FC044628B1019859
S31500001EA004F00AFC204603B0F0BD034B294618682F
S31500001EB001F06EFB0524F5E71855010007B5CDE9DD
S31500001EC000230B4602220349FFF7CEFF03B05DF85D
S31500001ED004FB00BF4055010007B5CDE900230B46C2
S31500001EE002220349FFF7C0FF03B05DF804FB00BF01
S31500001EF04055010007B5CDE900230B4604220349EE
S31500001F00FFF7B2FF03B05DF804FB00BF30550100D8
S31500001F102DE9F3410546FFF7DFFD044670B104F0F5
S31500001F201FFC042806D82D4B1B781BB12C49022018
S31500001F3004F0EAFB204602B0BDE8F081012004F07F
S31500001F40C3FB2E886F78B5F80280C6F30B063F09EF
S31500001F50002E41D005F1100132462846FFF726FF34
S31500001F60044650B104F0FCFB042806D81B4B1B7832
S31500001F701BB11C49022004F0C7FBB8F11C0F01D1AC
S31500001F80FFF776FE1848009643463A46022104F0CB
S31500001F90EBFBDCB96B88B02B03D04D2B01D01C2B8F
S31500001FA002D1012004F070FB6A88A2F110039BB2F3
S31500001FB01B2B0BD80D4921FA03F3DB0706D50C4B77
S31500001FC00C4801211970022104F066FBFFF79EFD03
S31500001FD0002004F079FBADE73146BDE70C45010072
S31500001FE04AAB200869AB2008F10722082110000837
S31500001FF016550100D307220808B50B4601460548C9
S315000020000022006801F020FBC31C012B98BF0020B2
S3150000201008BD00BF1855010010B509B9404210BDF2
S31500002020114B1B780BB10C071AD5880711D5D307AE
S315000020300FD501F08DF84FF00A0C0446002140F24E
S31500002040E7304FF47A720023E4FB0C0104F080FBC6
S31500002050E5E711F00400E2D012F01000DFD0E8E767
S315000020604FF0FF30DBE700BF1655010073B50023C4
S31500002070044601A91048019304F05EFBD0B9019B08
S315000020805868FFF745FF019BDE6805461EB101460D
S315000020909A681888B04709482A46022104F0FCFAD3
S315000020A0019804F009FB044B1B681BB9236823F055
S315000020B00403236002B070BD30550100E808220811
S315000020C0F7B5174E0446002301A93046019304F0E4
S315000020D033FB58B11348022104F0FEFA33681BB9EA
S315000020E0236823F00203236003B0F0BD019B586808
S315000020F0FFF70EFF019BDF6805461FB101469A6890
S315000021001888B8472A460221074804F0C5FA019BF9
S31500002110586804F0D1FA019804F0CEFADEE700BF61
S3150000212040550100CC082208AD0822082DE9F341EC
S315000021308389457BB0F81880C3F30B0343602D09F0
S315000021400093C38904460F462C48022116462A46A8
S3150000215004F00AFB2A484246022104F09DFAE3896C
S31500002160B02B03D04D2B01D01C2B02D1002004F044
S315000021708BFAE289A2F110039BB21B2B0BD82149E3
S3150000218021FA03F3DB0706D51F4B204800211970FF
S31500002190022104F081FAAB1E062B1CD8DFE803F0FF
S315000021A02A1B2C041B1B19000121A38918480C3378
S315000021B000259BB20095224600F086F9154B1B6858
S315000021C01BB9336823F0080333603D7002B0BDE8E5
S315000021D0F0810421E9E704F0C3FA042802D80E4B83
S315000021E01B780BB90021E0E70C492A46022004F0CF
S315000021F08BFAF7E70221D8E70321D6E78E082208F3
S315000022008208220821100008165501005F082208DE
S31500002210705D0000205501000C4501007FAB2008D1
S3150000222008B504F09DFA022806D80F4B1B781BB19F
S315000022300E49002004F068FA0D4B2021186801F0C1
S31500002240A7F9021E03DA0B48022104F025FA0A4B0D
S31500002250186800F0EFFF024628B1BDE808400748BD
S31500002260022104F019BA08BD0C4501009DAB2008F7
S31500002270185501002E0822081C55010011082208D5
S31500002280F0B5002485B0CDE90244354E354FADF8A2
S31500002290064002258DF80540029CBDF806209DF8F3
S315000022A005002146FFF7B8FE01465E20FFF7A4FEB3
S315000022B004430DF106000294FFF7BAFC6106BDF86F
S315000022C0063044BF24F040040294DA0703D54FF4E5
S315000022D08070FFF7B3FDE30601D5FFF7A1FF2407E2
S315000022E009D503A8FFF75CFD28B9039802AA0DF1EA
S315000022F00501FFF71BFF029B980708D5BDF80630BE
S31500002300D90704D4337813B902A8FFF7D9FE029B84
S315000023105A0708D5BDF80630DB0604D4337813B95E
S3150000232002A8FFF7A3FE9DF80540002CB4D1312D7D
S315000023309ABF6D00EDB232252846FFF749FD58B128
S3150000234004F00EFA0428A5D83B78002BA2D0064943
S31500002350022004F0D9F99DE7012402259AE700BF7F
S31500002360165501000C450100C3AB20080022194B8D
S31500002370194810B511461A7004F0AAF9024618B1A8
S315000023801648022104F088F900221146144804F088
S315000023909FF9024618B11348022104F07DF9002284
S315000023A01146114804F094F9024618B10F4802216B
S315000023B004F072F90E4C206858B101F079F9002347
S315000023C02360024628B1BDE810400A48022104F005
S315000023D063B910BD1655010040550100A707220834
S315000023E0305501007D0722082055010057072208B5
S315000023F0185501002C07220870B58AB004F060F960
S315000024000446E0B9FFF784FC0446C0B90921244814
S3150000241004F04AF90921234804F046F90921224823
S3150000242004F042F9204601F09DF8204B186090B95F
S31500002430FFF79CFF04F094F9042803D901242046F1
S315000024400AB070BD1A4B1B78002BF7D01949022031
S3150000245004F05AF9F2E7184E3568002DEFD1202224
S31500002460294602A804F06CF9144B01934FF48062DC
S315000024703123CDE90623124801AA294600F06BFE56
S3150000248030600028DBD1FFF771FF04F069F90428FA
S31500002490D4D8074B1B78002BD0D00A49D7E700BF0A
S315000024A04055010030550100205501001855010026
S315000024B00C450100DEAB20081C55010001AC2008CC
S315000024C0011500000BAC200870B50C461946838830
S315000024D0A34216461DD918235C4303681D191C59CF
S315000024E024B9E86850B90446204670BD049B6A6862
S315000024F03046A04704460028F3D0F5E7314604F0FD
S31500002500F3F804460028EFD1D5E9040101F040F8BC
S31500002510EAE72124E8E7000001207047488AA0F195
S31500002520CB035842584170472DE9F3411446002227
S315000025300846114604F0DCF80646002800F05381F0
S315000025404588477804F0A4F8737803F00F03737096
S31500002550338823823F09A08080466582A348009382
S315000025603A462B46022104F0FFF8A14842460221D2
S3150000257004F092F8042F09D0052F00F0B380022F43
S3150000258000F02F819B483A46022117E06E2D00F29B
S31500002590C1805F2D78D8432D00F0158100F2A4800C
S315000025A0402D00F29D80232D00F28280A5F10C03C0
S315000025B0112B40F28D8090482A46022104F06CF8D7
S315000025C02720EEE0A5F1C2038C4A9BB2012101FA55
S315000025D003F31A40002A40F0AE80894A1A40002AC6
S315000025E064D113F4046FE6D0CD2D228140F0D8805B
S315000025F0892373806382D3E0A5F1A1039BB20122F4
S3150000260002FA03F313F4886F6CD140F201210B42F6
S3150000261040F0D38013F0120FBFE07A491940002929
S3150000262040F0BD8013F4842FC5D03FE0A5F16F03C1
S31500002630122BC0D801A252F823F000BF9119000056
S3150000264091190000911900009119000091190000DC
S315000026506519000037180000ED1900003718000052
S315000026603718000037180000911900009119000072
S3150000267091190000371800003718000037180000BD
S315000026803718000091190000A5F160039BB20122E2
S3150000269002FA03F342F229510B4240F0858041F6DB
S315000026A00602134240F08F806E2D84D102235EE035
S315000026B0A5F12403544A9BB2012101FA03F31A40FF
S315000026C0002A38D113F4C27F50D113F0600FABE764
S315000026D04E49012303FA05F20A4248D14C4B42E027
S315000026E0412DE3D0042342E0A5F144039BB2192B0C
S315000026F03FF661AF012202FA03F313F4ED6F4ED1F8
S3150000270002F538321342D1D113F0607F3FF453AF54
S3150000271001232CE0AB2D10D8A02D3FF66DAF812DF7
S3150000272084D9A5F182033B4A9BB2012101FA03F346
S315000027301A403FF472AF218132E0E02D19D8C12D45
S315000027403FF640AFA5F1AE039BB2102B3FF633AF79
S315000027503149012202FA03F30B4220D113F0280F6C
S31500002760A4D141F204021A423FF425AF002323818B
S3150000277016E0A5F1E4039BB21B2B3FF61CAF274ADC
S31500002780012101FA03F31A40002AD4D141F681024D
S315000027901A408BD144F220010B423FF40CAF228148
S315000027A0002002B0BDE8F0816A2D2281F8D1B8F18F
S315000027B0000FF5D11A4B1A70F2E70223A12D2381DF
S315000027C0EED1902316E7304603F09AFF38B18368BE
S315000027D005339BB2612D2381E2D16C230AE70423E2
S315000027E0F8E70323C3E70120DBE700BF68092208F7
S315000027F05C0922082A09220843092208A321004469
S315000028000006000281000140010C5C1B00009E23B3
S3150000281000102118001E88000380010040A0010856
S31500002820D456010038B501460446054803F064FF56
S31500002830054618B114B1204603F03EFF284638BDC0
S315000028405055010070B50D4616460446002849D07D
S31500002850002947D0838A5B0542D5406A03F028FFEA
S31500002860A26903469A42E06802D803F025FF0BE00E
S31500002870A68003F021FFE8680023E360238240B1CD
S31500002880214603F031FF20B12046BDE8704003F039
S3150000289013BFA06A90B1296981B100F0F7FC002846
S315000028A020DA03F05DFF03281CD80F4B1B78CBB151
S315000028B00E49BDE87040012003F026BF6B698BB15D
S315000028C0296979B1186800F063FE00280ADA03F076
S315000028D047FF032806D8044B1B781BB10449E8E7D9
S315000028E0C068C2E770BD00BF0C450100D9AC200826
S315000028F011AD200837B514461D466BB372B393F875
S315000029002C30022B22D1002101AB4FF47A72032026
S31500002910019103F021FFB8B9019A2B4605F1300168
S3150000292053F8040B42F8040B8B42F9D101980023AB
S31500002930C360038201222146FFF784FF102385F836
S315000029402C30012003B030BD0423F8E701222146D4
S315000029502846FFF777FFF4E71846F3E71046F1E756
S3150000296050B149B142B10B6833B191F82110137ED1
S31500002970994201D203F0D4BE704750B1006900B944
S315000029807047436813B15B8A8B4201D00068F6E753
S315000029900120704737B500241546234601AA019445
S315000029A003F0B6FE30B9019810B12946FFF7E5FFEE
S315000029B003B030BD2046FBE72DE9F74FBDF8348064
S315000029C007460C4615461E46B8F1000F6CD0002986
S315000029D06AD0002A68D000230093354B002E08BF2A
S315000029E01E46236833B10C9A6B463146204603F0E7
S315000029F03BFEB8B104F1100B4FF00009236933B167
S31500002A000C9A6B463146584603F02EFE80B12A4694
S31500002A1021463846FFF7A4FF4FF0000A504603B0A0
S31500002A20BDE8F08F009842462946FFF70BFFD8E72E
S31500002A3094F8213013B1013B84F82130009890F8C6
S31500002A402C30022B2BD101AB4FF47A7200210320DC
S31500002A50CDF8049003F080FE009B824640B104212D
S31500002A6083F82C102A4621463846FFF779FFD5E72A
S31500002A70019A03F1300153F8040B42F8040B8B4220
S31500002A80F9D101984246C0F80C90A0F8109029465A
S31500002A90FFF7D8FE009B042283F82C20AEE74246BF
S31500002AA02946FFF7CFFEA9E74FF0210AB6E700BF98
S31500002AB09917000037B5054640B3002101AB4FF426
S31500002AC07A720120CDE9001103F046FE0446E8B90A
S31500002AD002460146284603F00BFE054622462146DD
S31500002AE0019803F005FE2A88C2F30B02103229462C
S31500002AF003F0D6FD6B464FF47A722146032003F0AD
S31500002B002BFE019B20B1184603F0D6FD03B030BD65
S31500002B10009909480B6001230B7103F0E5FD20B114
S31500002B20009803F0C9FD0198EEE7044B4FF48021AD
S31500002B30186800F02DFDE9E7FC5501005C56010020
S31500002B40F0B5054685B01746002A61D000285FD04B
S31500002B5004295DD94B1FDBB2132B59D82F4A52F8E3
S31500002B602360002E54D0C06F002853D003798B42C7
S31500002B7034D10024234600F1080200F13001019708
S31500002B8000942846FFF718FF96F8C431002B3DD075
S31500002B90214603AB4FF47A720320039403F0DCFD65
S31500002BA00446002838D10398002835D02146302223
S31500002BB003F0C6FD0399D6F8A8018F80CC600C827D
S31500002BC08C820C840D6058B103F08EFD044638B13A
S31500002BD0039803F071FD204605B0F0BD0068C3E719
S31500002BE0D6F8B03193B1D6F8AC1179B1186800F0C7
S31500002BF0CFFC00280ADA03F0B3FD032806D8084BF9
S31500002C001B781BB10749012003F07EFD0024E2E793
S31500002C102124E0E72D24DEE71924DCE778560100BD
S31500002C200C45010048AD20082DE9F0470C46174633
S31500002C309946064638B332B329B30A461348144DAB
S31500002C40022103F029FD03F04BFD05F1500A8046F1
S31500002C5055F8041B21B95545FAD10020BDE8F08787
S31500002C603A784B46404603F003FD0028F3D055F86A
S31500002C70043C99680531224689B23046FFF760FF69
S31500002C800028E8D0EAE72120E8E700BF0709220884
S31500002C9078560100F7B50E460546B8B1B1B1C46F16
S31500002CA0002714B9204603B0F0BD237913B1023BC7
S31500002CB0022B09D8CDE90076002304F1080204F1BD
S31500002CC030012846FFF778FE2468EAE72120EAE784
S31500002CD02DE9F0411746002288B00446884638465A
S31500002CE0114603F005FD0646002800F0CA8003F0F1
S31500002CF0CFFC7388A12B05462CD00AD8192B50D0AF
S31500002D00622B00F08F80142B1CD0002008B0BDE889
S31500002D10F081C32B66D0F02B00F08D80AE2BF4D162
S31500002D200028F2D101238DF80C3003F019FD02289A
S31500002D3006D8554B1B781BB15449284603F0E4FCD2
S31500002D4000234DE00028E0D003F0F2FC3846FFF700
S31500002D50B1FEDAE70028D8D0902241462046FFF798
S31500002D6019FE0028D1D103F0FBFC032807D8464BF7
S31500002D701B7823B146492A46012003F0C5FC2946A3
S31500002D802046FFF787FF034600287AD18DF80C000E
S31500002D9003AA4BF636312046FFF746FF0028B4D08B
S31500002DA0B4E70028B1D1304603F0CEFC0546002832
S31500002DB0ABD103F0D5FC022806D8334B1B781BB1E8
S31500002DC03449284603F0A0FC03F0B2FC40F6283153
S31500002DD02046FFF75FFF0346002852D18DF80C000E
S31500002DE003AA16E01122002103A803F0A9FC03A9F7
S31500002DF006F1100003F098FC01238DF80830002836
S31500002E0083D103A803F0B4FC00287FF47EAF03ABA4
S31500002E1002AA4BF636312046FFF706FF00287FF45C
S31500002E2075AF93E74BF636324146204608B0BDE80B
S31500002E30F041FFF785BE03F093FC022806D8124B3B
S31500002E401B781BB11449002003F05EFC0023CDE97A
S31500002E50023302AA03AB0221204603F059FC0028E4
S31500002E607FF453AF029900293FF44FAF039A002A2B
S31500002E703FF44BAFCDE90065084B2046FFF79CFDBC
S31500002E808CE7212042E700BF0C450100C5AD2008B4
S31500002E9087AD2008ADAD2008DBAD20089D170000EA
S31500002EA00F4B07B502461868B8B100238DF8042009
S31500002EB001228DF8052001A91A468DF8063000F08A
S31500002EC0C6FC50B103F04CFC042806D8054B1B7811
S31500002ED01BB10549022003F017FC03B05DF804FBA3
S31500002EE0CC5A01000C45010012AE200838B5154633
S31500002EF018B312B3FFF7ECFE0446D0B902460146FA
S31500002F00284603F0F5FB054698B103F0C1FB6B8834
S31500002F10142B0AD168B1284603F016FC58B10228D2
S31500002F2007D10920FFF7BCFF03E0192B01D10028C8
S31500002F30F1D0204638BD0820F4E72124F9E7000047
S31500002F4070B5314E00250921304603F0ADFB04462D
S31500002F5090B90135082D06F11006F4D12B4803F07F
S31500002F607FFB044640B90146294A274803F084FB03
S31500002F70044618B103F0D0FB204670BD254A26480A
S31500002F80012103F079FB04460028F3D1234A2448A3
S31500002F90032103F071FB04460028EBD1214A2248A5
S31500002FA0022103F069FB04460028E3D11F4A2048AA
S31500002FB0042103F061FB04460028DBD11D4A1E48AC
S31500002FC0052103F059FB04460028D3D11B4A1C48AF
S31500002FD0062103F051FB04460028CBD1194A1A48B2
S31500002FE0072103F049FB04460028C5D003F0B8FBCF
S31500002FF00428BFD8154B1B78002BBBD0144922469A
S31500003000022003F081FBB5E7DC5501005C560100A8
S31500003010A562210811622108EC55010089E8210802
S315000030200C560100C9E82108FC550100FDE82108FD
S315000030301C560100BFE821082C560100D961210861
S315000030403C56010093E821084C5601000C4501004E
S3150000305087AE200810B503F078F8012806D920F0CD
S315000030600100BDE81040D0E90030184710BD08B592
S315000030704FF0E0231B6902F081F9012803D0BDE877
S31500003080084001F02FB808BD10B5EFF3058414B160
S315000030900124204610BD02F071F90128F9D0EFF3A2
S315000030A01083002BF4D1EFF31184003C18BF0124E8
S315000030B0EFE7000008B5FFF7E7FF48B902F05EF951
S315000030C00128034607D1054A106820B9136008BDD8
S315000030D06FF00500FBE74FF0FF30F8E7D87400000B
S315000030E008B502F04BF938B1022804D0034B186832
S315000030F0431E5842584108BD0320FCE7D87400001F
S3150000310010B5FFF7C1FF044668B902F037F9012888
S315000031100CD1084B1A68012A08D102221A6002F063
S3150000312085FF204610BD6FF00500FBE74FF0FF302E
S31500003130F8E700BFD874000008B5FFF7A5FF18B17F
S31500003140BDE8084001F08ABEBDE8084001F080BE37
S315000031504FF47A707047F0B587B0002306460F46E5
S3150000316014460593FFF790FF18BB16B36CB3A56919
S3150000317025B16B1E372B02D907B0F0BD1825636841
S31500003180DB0733D46369B3B19A08D4E902C0216876
S31500003190BCF1000F12D077280BD9206948B143B192
S315000031A0013DCDE9010C00953B46304602F02AFF71
S315000031B005900598E0E74FF48072E6E70028F8D11D
S315000031C02369002BF5D10C4602E018254FF48072D6
S315000031D005AB013D019300953B462146304602F082
S315000031E0A4FF01281CBF00230593E2E70020C3E7E4
S315000031F002F0B8B810B50446FFF746FF28B924B167
S31500003200204601F0C3FD013010BD4FF0FF30FBE753
S3150000321008B5FFF739FF50B94FF0E0234FF0805261
S31500003220C3F8042DBFF34F8FBFF36F8F08BD6FF048
S315000032300500FBE738B50546FFF726FF044628B923
S315000032403DB1284602F0A4FB204638BD6FF00500CC
S31500003250FBE76FF00300F8E738B50546FFF714FF04
S31500003260044650B965B1284601F09EFD04280AD0EF
S31500003270284602F031FB204638BD6FF00500FBE71B
S315000032806FF00300F8E76FF00200F5E7F0B50E46C1
S3150000329085B0044608B1002905DA6FF003030293EE
S315000032A0029805B0F0BD4FF0FF330293FFF7ECFE36
S315000032B002AF054600B3002503ABCDE90053324605
S315000032C0012329462046039501F088FE2B46CDE9C9
S315000032D000752A462946204601F080FE039B002BF6
S315000032E0DED04FF0E0234FF08052C3F8042DBFF339
S315000032F04F8FBFF36F8FD3E700903246014601230D
S31500003300204601F0DDFD00972B462A462946204639
S3150000331001F0D6FDC4E72DE9F04F87B00546894692
S315000033201646FFF7B1FE0446002853D1002D54DBA4
S3150000333019F0020F0CBF2B460023039301F088FD02
S3150000334037468046A2466FEA050B0021039A00978E
S3150000335005AB084602F00CFD01282FD1059B2C4039
S315000033601C430BEA0403002B18BF4AF0010A19F0AC
S31500003370010F05EA04030CD0AB420CD03EB301F0BA
S3150000338067FDA0EB08039E422AD306EB08073F1A07
S31500003390DBE7002BF2D0BAF1010F0BD101F0E2FF0F
S315000033A0002300931A46194601F08AFD012818BF2A
S315000033B04FF0FF34204607B0BDE8F08F002E14BF53
S315000033C06FF001046FF002040028BED1E3E76FF04E
S315000033D00204E0E76FF00504ECE76FF00304E9E7A9
S315000033E00027B2E710B50446FFF74EFE28B914B120
S315000033F0204602F097FC002010BD6FF00500FBE7A9
S315000034002DE9F74307460E4690469946FFF73CFEE0
S31500003410054640BB3FB3B9F1000F08D0D9F8080004
S3150000342028B1D9F80C30332B01D92C3004D108201F
S3150000343000F012FDB8B10125321EC0E9007818BFB0
S31500003440012240EA0504B9F1000F23D0D9E902317F
S31500003450D9F800004BB12B2910D8012D03D124F047
S31500003460010000F07FFC002011E00029F5D10A4B95
S3150000347000930121234603F0AEF806E00193064BC4
S3150000348000930121234603F0C1F80028E5D003B0DC
S31500003490BDE8F0834846EAE7D522000037B5044682
S315000034A00D46FFF7F1FD034670B984B17DB100907A
S315000034B02A460421204602F085FE012814BF6FF03B
S315000034C00200002003B030BD6FF00500FAE76FF090
S315000034D00300F7E737B50446FFF7D6FD054688B97A
S315000034E09CB1204602F044FE90B100952B462A4638
S315000034F00321204602F066FE013818BF4FF0FF3068
S3150000350003B030BD6FF00500FAE76FF00300F7E790
S315000035106FF00200F4E773B50446FFF7B5FD054604
S31500003520B8B9CCB1204602F010FE009506462B46EF
S315000035302A460521204602F045FE01280FD1F30751
S3150000354002D4002002B070BD26F0010000F00AFC93
S31500003550F7E76FF00500F5E76FF00300F2E76FF0AD
S315000035600200EFE710B50446FFF78EFD50B95CB1D7
S31500003570D4E9020328B11F2B04D9BDE8104000F09E
S315000035800FBA0BB1002010BDBDE8104000F0FAB92B
S3150000359037B50C46054630B3B1F1807F23D2FFF72D
S315000035A073FDC8B1002301AA21462846019300F005
S315000035B08FFAD8B1284600F093FA019B20434BB10D
S315000035C04FF0E0234FF08052C3F8042DBFF34F8F26
S315000035D0BFF36F8F03B030BD2146284603B0BDE868
S315000035E0304000F02FBA6FF00300F3E76FF00200EF
S315000035F0F0E770B50E46054600B3B1F1807F1DD2E7
S31500003600FFF742FDA0B1284600F06AFA31460446AB
S31500003610284600F00FFAA0B14FF0E0234FF0805299
S31500003620C3F8042DBFF34F8FBFF36F8F204670BDD5
S3150000363031462846BDE8704000F0D6B96FF0030465
S31500003640F4E76FF00204F1E72DE9F3410C46154665
S315000036501E46074620B96FF0030002B0BDE8F081B0
S31500003660B1F1807FF7D2FFF70FFD20B1002EF2D126
S315000036706FF00500F1E705F00108C5F3400282F09E
S315000036800102009643462146384600F06EFA04EAE7
S315000036900002B8F1000F08D0A242DED0002E14BFFF
S315000036A06FF001006FF00200D7E7002AF6D0D4E7EA
S315000036B038B50546FFF7E8FC044628B93DB128466B
S315000036C000F01CFA204638BD6FF00500FBE76FF0EE
S315000036D00300F8E770B50546FFF7D6FC10B10024E5
S315000036E0204670BD1DB36E683307F8D4D5E90213C2
S315000036F006F0010691B14F2BF1D9B6B1042001F0C5
S315000037005DFA04460028EAD0296811B1204600F087
S315000037103BFE002EE4D044F00104E1E7002BDED1AD
S315000037202EB1042001F03FFAEBE70120E7E7012084
S3150000373001F039FA04460028D1D0002DD0D0002659
S31500003740E2E7F8B505460C4620F0010600F0010751
S31500003750FFF79AFCA0B9012D15D92146304667B16D
S3150000376001F0F6FA012801D10020F8BD002C14BFA3
S315000037706FF001006FF00200F7E701F035FAF1E7AC
S315000037806FF00500F1E76FF00300EEE770B5044651
S3150000379020F0010500F00106FFF776FC90B9012C38
S315000037A013D946B1284600F0EAFF01280CBF0020D5
S315000037B06FF0020070BD334632463146284600F0AF
S315000037C033FFF2E76FF00500F4E76FF00300F1E76F
S315000037D0F7B505460E461446FFF756FC18B1002508
S315000037E0284603B0F0BD002DF9D0002EF7D01CB34B
S315000037F0D4E90232C3B14F2AF1D92269002AEED0A8
S31500003800676906FB05F18F42E9D3009031462846E9
S3150000381001F08BF905460028E1D021680029DFD0A8
S31500003820284600F0B1FDDBE7002AD8D12369002B3A
S31500003830D5D16369002BD2D128460022314601F04A
S3150000384049F905460028CAD0002CE6D1C8E773B569
S315000038501C4605460E46FFF717FC0346F0B15DB35E
S3150000386056B34CBB234601AA31462846019400F0C4
S31500003870A5FF012803D06FF0020002B070BD019BC6
S315000038800BB90020F9E74FF0E0234FF08052C3F860
S31500003890042DBFF34F8FBFF36F8FF2E765B15EB1B3
S315000038A022463146284600F0BFFE0128E9D0002C0A
S315000038B0E1D06FF00100E0E76FF00300DDE773B5DC
S315000038C005460E461C46FFF7DFFBE8B155B34EB37F
S315000038D044BB01AA31462846019401F08FF801281D
S315000038E003D06FF0020002B070BD019B0BB900203F
S315000038F0F9E74FF0E0234FF08052C3F8042DBFF3F1
S315000039004F8FBFF36F8FF2E765B15EB12246314646
S31500003910284600F0D4FF0128E9D0002CE1D06FF052
S315000039200100E0E76FF00300DDE738B50546FFF775
S31500003930ABFB044640B955B1284600F04DFD28467C
S3150000394000F06CFD204638BD6FF00500FBE76FF018
S315000039500300F8E7034B0360034B0B604FF48073DF
S31500003960136070476074000060700000034B0360D2
S31500003970034B0B604FF4007313607047E86F000051
S31500003980E867000038B5202000F066FA044628B142
S31500003990002540F8045B00F06AF92577204638BD1B
S315000039A013B5044640B94FF0140383F31188BFF3EF
S315000039B06F8FBFF34F8FFEE720230193019B202BD0
S315000039C008D04FF0140383F31188BFF36F8FBFF352
S315000039D04F8FFEE7002340F8043B00F048F901232F
S315000039E02046237702B010BD70B50C46054640B997
S315000039F04FF0140383F31188BFF36F8FBFF34F8F1C
S31500003A00FEE7B1F1807F08D34FF0140383F31188EA
S31500003A10BFF36F8FBFF34F8FFEE700F053FC2E68A6
S31500003A2026EA04042C6000F06DFC304670BDFFF7FA
S31500003A30DBBF00000A4600230146014802F0AEBB88
S31500003A40AF2C00002DE9F0410D46044640B94FF079
S31500003A50140383F31188BFF36F8FBFF34F8FFEE715
S31500003A60B1F1807F08D34FF0140383F31188BFF3BD
S31500003A706F8FBFF34F8FFEE700F10C0601F0E0F900
S31500003A80236820692B4323600025B042216807D1B3
S31500003A9021EA0501216002F097F82068BDE8F0816F
S31500003AA0D0E9002822F07F4312F0806F03EA010775
S31500003AB002D11FB94046E8E7BB42FBD1D20141F033
S31500003AC0007148BF1D4301F0A1FBF3E7FFF7BABF42
S31500003AD013460A460146014802F060BB4D2D000020
S31500003AE0EFF311834FF0140282F31188BFF36F8F47
S31500003AF0BFF34F8F006883F31188704738B50446CB
S31500003B0040B94FF0140383F31188BFF36F8FBFF3EF
S31500003B104F8FFEE701F094F904F10C05636843B991
S31500003B2002F052F8237FABB92046BDE8384000F0DA
S31500003B3019B92069A84208D14FF0140383F31188FC
S31500003B40BFF36F8FBFF34F8FFEE74FF0007101F0A9
S31500003B505DFBE3E738BD08401AB9003818BF0120FD
S31500003B6070470B1A5842584170472DE9F843DDF863
S31500003B7020900D4617469846064640B94FF0140366
S31500003B8083F31188BFF36F8FBFF34F8FFEE7B1F159
S31500003B90807F08D34FF0140383F31188BFF36F8F30
S31500003BA0BFF34F8FFEE741B94FF0140383F311883B
S31500003BB0BFF36F8FBFF34F8FFEE701F0DFFB58B9FE
S31500003BC0B9F1000F08D04FF0140383F31188BFF347
S31500003BD06F8FBFF34F8FFEE701F032F9346842462C
S31500003BE029462046FFF7B7FF70B317B124EA05034D
S31500003BF033604FF0000901F0E7FFB9F1000F20D064
S31500003C0048B94FF0E0234FF08052C3F8042DBFF3BC
S31500003C104F8FBFF36F8F01F099FB830104460ED4DB
S31500003C2000F050FB3468424629462046FFF793FFD2
S31500003C3018B117B124EA0505356000F063FB24F0DE
S31500003C407F442046BDE8F883B9F1000FD1D0391E74
S31500003C5018BF01210906B8F1000F01D041F08061BB
S31500003C604A462943301D01F0C3FD0024C3E700F195
S31500003C7008034FF0FF32C0E90223436003610023CB
S31500003C800360704700230361704730B50C68631CFE
S31500003C900AD103695A684A6091608B60596003686B
S31500003CA008610133036030BD00F108021346526813
S31500003CB01568A542FAD9EDE743684B609A688A60B1
S31500003CC05160996003680861013303607047D0E969
S31500003CD0011203698A6051605968814208BF5A60BF
S31500003CE000220261186801381860704710B5194B38
S31500003CF019461A461B688342FBD38A420ED01649E0
S31500003D008A4202D315498A4208D94FF0140383F335
S31500003D101188BFF36F8FBFF34F8FFEE754681119F9
S31500003D20884201BF4168104609195160446801196B
S31500003D308B420CD10A4909688B4203D05968214449
S31500003D40416019680160904218BF106010BD1946A5
S31500003D50F8E700BFF0740000F8740000F73C0100BB
S31500003D60EC74000038B50446002840D0204BA0F182
S31500003D7008059D4212D31F4B9D420FD850F8043CB4
S31500003D80002B14DA50F8082CD2B14FF0140383F349
S31500003D901188BFF36F8FBFF34F8FFEE74FF0140309
S31500003DA083F31188BFF36F8FBFF34F8FFEE74FF09A
S31500003DB0140383F31188BFF36F8FBFF34F8FFEE7B2
S31500003DC023F0004340F8043C01F03AF80A4A54F85C
S31500003DD0043C116828460B441360FFF787FF074A27
S31500003DE0136801331360BDE8384001F0EDBE38BDFD
S31500003DF0F8740000F73C0100E8740000DC74000071
S31500003E00104A114853071FBFD11D21F0070102F5C3
S31500003E104842531A0CBF4FF448430A461344002144
S31500003E20083B23F00703026041600848C3E900111C
S31500003E30991AC2E900310360054B1960054B1960F8
S31500003E40704700BFF8740000F0740000EC740000C6
S31500003E50E4740000E8740000431E0A332DE9F041C3
S31500003E602DD810F0070300F1080405D0A3F10902CC
S31500003E70A24224D31030C41ADFF8348100F0E0FFE8
S31500003E80D8F800300BB9FFF7BBFF002C40F3818058
S31500003E90DFF820C1DCF80000A0427AD33F49404F4A
S31500003EA00B68BB4202D33F4EB34219D94FF01403FD
S31500003EB083F31188BFF36F8FBFF34F8FFEE70024A4
S31500003EC0DAE7BD4202D3B542194608D94FF01403CA
S31500003ED083F31188BFF36F8FBFF34F8FFEE72B4637
S31500003EE05A68A24202D21D68002DEAD1D8F80050C5
S31500003EF09D424ED00D680835BD4201D3B54208D962
S31500003F004FF0140383F31188BFF36F8FBFF34F8F06
S31500003F10FEE71E680E60A2420FD3171B102F19D999
S31500003F201A1912F0070F11D04FF0140383F31188FA
S31500003F30BFF36F8FBFF34F8FFEE74FF0140383F38A
S31500003F401188BFF36F8FBFF34F8FFEE757601E5187
S31500003F500A602246811A42F000425A600022124844
S31500003F601A60124A04681368CCF80010A14203F1E3
S31500003F70010338BF0160136001F026FE6B070AD00B
S31500003F804FF0140383F31188BFF36F8FBFF34F8F86
S31500003F90FEE70025F0E72846BDE8F081F074000052
S31500003FA0F8740000F73C0100E4740000E0740000BF
S31500003FB0EC740000E874000000000000000000003F
S31500003FC0EFF30980BFF36F8F154B1A681EF0100FC1
S31500003FD008BF20ED108A20E9F04F10602DE9090096
S31500003FE04FF0140080F31188BFF34F8FBFF36F8F2C
S31500003FF001F06AF94FF0000080F3118809BC1968D6
S315000040000868B0E8F04F1EF0100F08BFB0EC108A39
S3150000401080F30988BFF36F8F704700BFAFF300804E
S315000040204042010000000000000000000000000007
S31500004030074B19680868B0E8F04F80F30988BFF3AA
S315000040406F8F4FF0000080F311887047AFF3008048
S315000040504042010082B0002301930D4B1B680133DF
S3150000406008D04FF0140383F31188BFF36F8FBFF3AB
S315000040704F8FFEE74FF0140383F31188BFF36F8F62
S31500004080BFF34F8F019B002BFCD002B0704700BFDF
S31500004090845B00004FF0807340F8043C074B40F807
S315000040A00C3C21F001016FF0020340F8081C40F8B7
S315000040B0202C40F8243C4438704700BFD53200001D
S315000040C04FF0E022002313619361054B4FF47A71A0
S315000040D01B68B3FBF1F3013B536107231361704780
S315000040E08846010008B54FF0140383F31188BFF327
S315000040F06F8FBFF34F8F01F0A5FC28B14FF0E0237F
S315000041004FF08052C3F8042D002383F3118808BDB5
S3150000411008480068006880F308884FF0000080F3C4
S31500004120148862B661B6BFF34F8FBFF36F8F00DF9F
S3150000413000BF000008ED00E0DFF80C00016841F464
S31500004140700101607047000088ED00E04FF0E02349
S3150000415037B5D3F8001D534A914208D14FF01403E6
S3150000416083F31188BFF36F8FBFF34F8FFEE7D3F84A
S31500004170001D4D4A914208D14FF0140383F3118874
S31500004180BFF36F8FBFF34F8FFEE7D3F8083D474A63
S31500004190D96A914208D04FF0140383F31188BFF314
S315000041A06F8FBFF34F8FFEE79A6B414B9A4208D051
S315000041B04FF0140383F31188BFF36F8FBFF34F8F54
S315000041C0FEE7002301933B4B1A78D2B28DF802200A
S315000041D0FF221A701B78384ADBB28DF803309DF83F
S315000041E0033003F01403137043B94FF0140383F341
S315000041F01188BFF36F8FBFF34F8FFEE79DF8033033
S31500004200DB4313F0140F10D04FF0140383F311881F
S31500004210BFF36F8FBFF34F8FFEE7013301939DF816
S3150000422003305B00DBB28DF803309DF8033013F0EA
S31500004230800F019BF1D1082B18BF019B1F4A14BFA9
S31500004240C3F1070300231B0203F4E06313609DF828
S315000042500230184A4FF0E024DBB21370D4F8203D48
S3150000426043F47F03C4F8203DD4F8203D002543F0F5
S315000042707F43C4F8203DC4F81C5DFFF721FF104BB7
S315000042801D60FFF759FFD4F8343F43F04043C4F8AC
S31500004290343FFFF73DFF01F017F8FFF7DBFE284636
S315000042A003B030BD71C20F4170C20F41B132000080
S315000042B04132000000E400E0FC3C0100F83C010053
S315000042C0845B00004FF0140383F31188BFF36F8FF4
S315000042D0BFF34F8F0A4A13680133012B13600ED1C7
S315000042E04FF0E023D3F8043DDBB243B14FF01403A3
S315000042F083F31188BFF36F8FBFF34F8FFEE77047CD
S31500004300845B0000084A136843B94FF0140383F333
S315000043101188BFF36F8FBFF34F8FFEE7013B13602A
S315000043200BB983F311887047845B0000EFF30583B4
S315000043300F2B0ED9114A9B5C114A12789A4208D962
S315000043404FF0140383F31188BFF36F8FBFF34F8FC2
S31500004350FEE74FF0E0230B4AD3F80C3D126803F456
S31500004360E063934208D94FF0140383F31188BFF337
S315000043706F8FBFF34F8FFEE7704700BFF0E300E09B
S31500004380FC3C0100F83C010070B540B94FF0140345
S3150000439083F31188BFF36F8FBFF34F8FFEE7B9B179
S315000043A00C4A00231C4615465668864204D105EB86
S315000043B0C403C3E900100BE01BB91668002E08BF42
S315000043C013460134082C02F10802EDD1002BF0D17E
S315000043D070BD00BF003D010010B540B94FF0140399
S315000043E083F31188BFF36F8FBFF34F8FFEE7094A40
S315000043F0002352F8331081424FEAC30406D1064A1D
S31500004400002142F833102244516010BD0133082BBD
S31500004410EFD1FAE7043D0100003D010010B540B9B7
S315000044204FF0140383F31188BFF36F8FBFF34F8FE1
S31500004430FEE7FFF7D1FF90F846301BB9BDE8104004
S31500004440FFF790BC10BD70B50E46044640B94FF05C
S31500004450140383F31188BFF36F8FBFF34F8FFEE70B
S31500004460C56BA5B3036CA3FB053585BBFFF72AFF18
S31500004470D4E90F31226862604B43D0185B1A1A44A4
S31500004480FF23A563A06084F84430E26084F84530D9
S31500004490A6B9236973B104F1100000F053FE48B1C8
S315000044A04FF0E0234FF08052C3F8042DBFF34F8F37
S315000044B0BFF36F8FFFF726FF012070BD04F11000D8
S315000044C0FFF7D5FB04F12400FFF7D1FBF2E74FF02D
S315000044D0140383F31188BFF36F8FBFF34F8FFEE78B
S315000044E070B50446FFF7EEFE94F8455004F1240635
S315000044F06DB2002D01DD636AB3B9FF2384F8453040
S31500004500FFF700FFFFF7DEFE94F8445004F11006B3
S315000045106DB2002D01DD23697BB9FF2384F8443099
S31500004520BDE87040FFF7EEBE304600F00BFE08B166
S3150000453000F01EFF013D6DB2DBE7304600F002FEE3
S3150000454008B100F015FF013D6DB2E2E770B5044613
S315000045500D461646FFF7B6FE94F84430FF2B04BF0F
S31500004560002384F8443094F84530FF2B04BF002321
S3150000457084F84530FFF7C6FEA36B2BB932462946B1
S3150000458004F1240001F06CF92046BDE87040FFF705
S31500004590A7BF10B50446FFF795FEA46BFFF7B2FE62
S315000045A0B4FA84F0400910BD10B50446FFF78AFE40
S315000045B0A36BE46BE31A5C425C41FFF7A3FE204663
S315000045C010BD70B51646026C856B044642B9066886
S315000045D09EB9806800F028FFA6600135A56370BD0E
S315000045E06EB9406802F05CF86368226C1344A268F6
S315000045F06360934224BF236863600020EDE7C068D0
S3150000460002F04EF8226CE36851429B1A2268E3607E
S3150000461093423EBFA3685B18E360022EEDD10DB155
S31500004620013DEAE72846D8E72DE9FF410F4601920A
S315000046301E46044640B94FF0140383F31188BFF3B6
S315000046406F8FBFF34F8FFEE751B9036C43B14FF045
S31500004650140383F31188BFF36F8FBFF34F8FFEE709
S31500004660022E0BD1E36B012B08D04FF0140383F31A
S315000046701188BFF36F8FBFF34F8FFEE700F07EFE0A
S31500004680054650B9019B4BB14FF0140383F31188D3
S31500004690BFF36F8FBFF34F8FFEE700254FF0000883
S315000046A03FE0022E43D0019B1BB9FFF72BFE0020F3
S315000046B056E015B902A800F05DFFFFF723FE00F0F3
S315000046C0BFFBFFF7FFFD94F84430FF2B08BF84F8CB
S315000046D0448094F84530FF2B08BF84F84580FFF7E7
S315000046E011FE01A902A800F051FF002841D1204681
S315000046F0FFF75AFFB8B3019904F1100001F05EF814
S315000047002046FFF7EDFE01F05FFA48B94FF0E023CF
S315000047104FF08052C3F8042DBFF34F8FBFF36F8F56
S315000047200125FFF7CFFDA26BE36B9A42B9D2324661
S3150000473039462046FFF745FF636A1BB104F12400A2
S3150000474000F000FD48B14FF0E0234FF08052C3F86F
S31500004750042DBFF34F8FBFF36F8FFFF7D3FD0120FB
S3150000476004B0BDE8F0812046FFF7BAFE01F02CFA4E
S31500004770D6E72046FFF7B4FE01F026FA97E738B5EC
S31500004780044640B94FF0140383F31188BFF36F8FCB
S31500004790BFF34F8FFEE7856800F0E4FD85420BD13D
S315000047A0E368013BE3600BB1012038BD1A461946A8
S315000047B02046FFF739FFF7E70020F6E72DE9F84333
S315000047C0894617461E46044640B94FF0140383F344
S315000047D01188BFF36F8FBFF34F8FFEE751B9036C9C
S315000047E043B14FF0140383F31188BFF36F8FBFF308
S315000047F04F8FFEE7022E0BD1E36B012B08D04FF053
S31500004800140383F31188BFF36F8FBFF34F8FFEE757
S31500004810FFF78CFDEFF311884FF0140383F3118833
S31500004820BFF36F8FBFF34F8FA26BE36B9A4201D337
S31500004830022E2DD194F84550A36B6DB232464946EF
S315000048402046FFF7BEFE6B1C0ED1636A3BB104F136
S31500004850240000F077FC10B10FB101233B6001206A
S3150000486088F31188BDE8F88300F000FB8542F6D294
S315000048707F2D08D14FF0140383F31188BFF36F8F98
S31500004880BFF34F8FFEE701356DB284F84550E6E77A
S315000048900020E5E7034610B41A6C084662B1DC68EE
S315000048A0A1189C68D960A14228BF19685DF8044B1D
S315000048B028BFD96001F0F4BE5DF8044B70472DE9BE
S315000048C0FF410E460192044640B94FF0140383F3AC
S315000048D01188BFF36F8FBFF34F8FFEE751B9036C9B
S315000048E043B14FF0140383F31188BFF36F8FBFF307
S315000048F04F8FFEE700F042FD054650B9019B4BB1D4
S315000049004FF0140383F31188BFF36F8FBFF34F8FFC
S31500004910FEE700254FF000083DE0019B1BB9FFF7BD
S31500004920F1FC002056E015B902A800F023FEFFF7BF
S31500004930E9FC00F085FAFFF7C5FC94F84430FF2B3C
S3150000494008BF84F8448094F84530FF2B08BF84F8EC
S315000049504580FFF7D7FC01A902A800F017FE002842
S3150000496041D12046FFF715FEB8B3019904F12400A2
S3150000497000F024FF2046FFF7B3FD01F025F948B902
S315000049804FF0E0234FF08052C3F8042DBFF34F8F52
S31500004990BFF36F8F0125FFF795FCA76B002FBCD0E7
S315000049A031462046FFF776FF2369013FA76373B1BF
S315000049B004F1100000F0C6FB48B14FF0E0234FF0C1
S315000049C08052C3F8042DBFF34F8FBFF36F8FFFF7ED
S315000049D099FC012004B0BDE8F0812046FFF780FD78
S315000049E001F0F2F8D6E72046FFF77AFD01F0ECF881
S315000049F02046FFF7CEFD0028CCD092E72DE9F843FC
S31500004A0089469046044640B94FF0140383F3118853
S31500004A10BFF36F8FBFF34F8FFEE751B9036C43B1FE
S31500004A204FF0140383F31188BFF36F8FBFF34F8FDB
S31500004A30FEE7FFF77BFCEFF311874FF0140383F3D8
S31500004A401188BFF36F8FBFF34F8FA66B86B394F8B1
S31500004A50445049466DB22046FFF71CFF013E6B1CD1
S31500004A60A66311D1236953B104F1100000F06AFB6B
S31500004A7028B1B8F1000F02D00123C8F80030012098
S31500004A8087F31188BDE8F88300F0F0F98542F6D285
S31500004A907F2D08D14FF0140383F31188BFF36F8F76
S31500004AA0BFF34F8FFEE701356DB284F84450E6E759
S31500004AB03046E5E738B5049C002908BF2246C4E91C
S31500004AC00F011D46226001212046FFF7BCFC84F839
S31500004AD04C5038BD2DE9F3410E4617460546D8B170
S31500004AE0A1FB0038B8F1000F16D1484310F1510F61
S31500004AF012D85030FFF7B0F9044648B180F8468026
S31500004B0000F1500200903B4631462846FFF7D2FF9F
S31500004B10204602B0BDE8F0814FF0140383F31188FC
S31500004B20BFF36F8FBFF34F8FFEE71FB51C4643B928
S31500004B304FF0140383F31188BFF36F8FBFF34F8FCA
S31500004B40FEE708B14AB151B94FF0140383F3118857
S31500004B50BFF36F8FBFF34F8FFEE70029F4D15023C9
S31500004B600393039B502B08D04FF0140383F3118853
S31500004B70BFF36F8FBFF34F8FFEE7039B012384F8CC
S31500004B8046309DF818300094FFF794FF204604B095
S31500004B9010BD38B1002383600360C3601A4619460E
S31500004BA0FFF742BD704710B5024600210120FFF70E
S31500004BB091FF0446FFF7EDFF204610BD13B5002216
S31500004BC00B46009011460120FFF7AFFF0446FFF7A2
S31500004BD0E0FF204602B010BD0346406A18B11B6BC9
S31500004BE01868C0F138007047F0B585B004460191E9
S31500004BF040B94FF0140383F31188BFF36F8FBFF3EF
S31500004C004F8FFEE7056C45B14FF0140383F311880F
S31500004C10BFF36F8FBFF34F8FFEE700F0AFFB064683
S31500004C2050B9019B5BB14FF0140383F31188BFF3B6
S31500004C306F8FBFF34F8FFEE72E4600274AE00546EB
S31500004C40FBE7019B1BB9FFF75DFB002062E016B98D
S31500004C5002A800F08FFCFFF755FB00F0F1F8FFF714
S31500004C6031FB94F84430FF2B08BF84F8447094F865
S31500004C704530FF2B08BF84F84570FFF743FB01A9B9
S31500004C8002A800F083FC00284CD12046FFF781FCE7
S31500004C90002841D023683BB9FFF714FBA06800F059
S31500004CA07DFB0546FFF72EFB019904F1240000F079
S31500004CB085FD2046FFF714FC00F086FF48B94FF04B
S31500004CC0E0234FF08052C3F8042DBFF34F8FBFF39C
S31500004CD06F8F0126FFF7F6FAA36B002BB1D0013BCD
S31500004CE0A363236813B900F03BFCA060236973B18A
S31500004CF004F1100000F026FA48B14FF0E0234FF01F
S31500004D008052C3F8042DBFF34F8FBFF36F8FFFF7A9
S31500004D10F9FA012005B0F0BD2046FFF7E1FB00F0EF
S31500004D2053FFD6E72046FFF7DBFB00F04DFF20469A
S31500004D30FFF72FFC0028CCD0002D86D0FFF7C2FA53
S31500004D402046FFF749FF0146A06800F0B7FB7AE767
S31500004D5070B50D46044640B94FF0140383F311882D
S31500004D60BFF36F8FBFF34F8FFEE7866800F0FAFA46
S31500004D70864204D1E3680133E360012005E0294659
S31500004D802046FFF731FF0028F4D170BD10B5044668
S31500004D90FFF798FA0CB9034B1C68E46AFFF7B2FAFE
S31500004DA0204610BD404201002DE9F041044640B9BD
S31500004DB04FF0140383F31188BFF36F8FBFF34F8F48
S31500004DC0FEE7194B1B68834226D0FFF77BFA174B89
S31500004DD0D4F828801F68164B65691E68FFF792FA9B
S31500004DE0144B98451AD0BD421AD0B54218D0124B72
S31500004DF09D4209D1A36A9BB994F87030012B0CBF70
S31500004E0002200320BDE8F0810C4B9D420AD0002D04
S31500004E100CBF04200120F5E70020F3E70120F1E7AD
S31500004E200220EFE70420EDE740420100B43D010017
S31500004E30B03D01009C3D0100703D0100883D010030
S31500004E40024A136801331360704700BF403D0100FA
S31500004E50014B1868704700BF643D010008B5FFF7B5
S31500004E6065FA014B186808BD643D0100014B1868DE
S31500004E70704700BF683D010004290FD858B9084B98
S31500004E80186840B94FF0140383F31188BFF36F8F8E
S31500004E90BFF34F8FFEE7163140F82120704700BF61
S31500004EA040420100042906D808B9044B1868163197
S31500004EB050F8210070470020704700BF40420100B3
S31500004EC0F8B5069F044615461E4641B14FF0140339
S31500004ED083F31188BFF36F8FBFF34F8FFEE740B99F
S31500004EE04FF0140383F31188BFF36F8FBFF34F8F17
S31500004EF0FEE7FFF7E7F90FB1E36E3B6094F8702029
S31500004F000223D2B284F87030042E3CD8DFE806F0D3
S31500004F10060334393700E36E2B43E366012A4ED18C
S31500004F20D4E9021263698A6051605968251DA94255
S31500004F3008BF5A601A68013A1A60244BE26A196877
S31500004F408A4288BF1A60224914235343CE187068D8
S31500004F50A0608768E7607D608560C858666101303B
S31500004F60C850A36AE3B14FF0140383F31188BFF36B
S31500004F706F8FBFF34F8FFEE7E36E0133CDE7022A53
S31500004F8022D0E566CAE7134B1B68002BC6D04FF04C
S31500004F90140383F31188BFF36F8FBFF34F8FFEE7C0
S31500004FA00D4B1B68DB6A9A4209D94FF0E0234FF09C
S31500004FB08052C3F8042DBFF34F8FBFF36F8F0124C8
S31500004FC0FFF7A0F92046F8BD0024F9E7603D01008F
S31500004FD0E03D0100643D0100404201002DE9F04141
S31500004FE01546DDE906861F46044640B94FF0140310
S31500004FF083F31188BFF36F8FBFF34F8FFEE741B185
S315000050004FF0140383F31188BFF36F8FBFF34F8FF5
S31500005010FEE7FFF78BF9EFF3118C4FF0140383F3E0
S315000050201188BFF36F8FBFF34F8FB8F1000F02D017
S31500005030E36EC8F8003094F870200223D2B284F8E8
S315000050407030042F1BD8DFE807F00603131816008C
S31500005050E36E2B43E366012A50D1A36AE3B14FF016
S31500005060140383F31188BFF36F8FBFF34F8FFEE7EF
S31500005070E36E0133EEE7022A53D0E566EBE72A4BEF
S315000050801B68002BE7D04FF0140383F31188BFF39E
S315000050906F8FBFF34F8FFEE7244BE26A1B68002B2E
S315000050A031D1D4E902016369816048605868251DE1
S315000050B0A84208BF59601968013919601C4B196864
S315000050C08A4288BF1A601B4914235343CF18786855
S315000050D0A060D0F808E0C4F80CE0CEF80450856073
S315000050E0C85867610130C850134B1B68DB6A9A4287
S315000050F004D9012306B13360104A136001208CF3F2
S315000051001188BDE8F0810E4B5968E1618D68256212
S3150000511004F11800686088601968A362013119609B
S31500005120E2E70020EBE700BF643D0100403D0100DF
S31500005130603D0100E03D010040420100543D010098
S315000051409C3D0100C368DB68F0B543B94FF014031A
S3150000515083F31188BFF36F8FBFF34F8FFEE7D3E959
S3150000516007019A6A81604860506803F11804A042FA
S3150000517008BF5160002199621168013911601D4A0A
S31500005180D96A1268002A29D1D3E902405A69A06077
S31500005190446054681D1DAC4208BF50601068013859
S315000051A01060154A1068814288BF116013481422A6
S315000051B04A43861874689C60A768DF607D60A560B6
S315000051C05E618358013383500D4B1B68DB6A99423D
S315000051D083BF0C4B012018600020F0BD0A4A5068BE
S315000051E0D86185681D626C6084609A6213680133B9
S315000051F01360E9E7403D0100603D0100E03D01002C
S3150000520040420100543D01009C3D0100294B1B68B2
S31500005210F0B543B94FF0140383F31188BFF36F8FD2
S31500005220BFF34F8FFEE7C36841F00041016043B909
S315000052304FF0140383F31188BFF36F8FBFF34F8FC3
S31500005240FEE7D0E901410269A1604C6054688442DE
S3150000525008BF516000210161116801391160D3E96D
S3150000526002015A698160486050681D1DA84208BF46
S3150000527051601168013911600F4AD96A106881427C
S3150000528088BF11600D4814224A43861874689C60D2
S31500005290A768DF607D60A5605E6183580133835037
S315000052A0074B1B68DB6A994282BF064B01221A60D4
S315000052B0F0BD00BF403D0100603D0100E03D010042
S315000052C040420100543D01001A4B1A681A4BF0B5D2
S315000052D012B101221A60F0BD18481A60184E036810
S315000052E0184F32685A67184D3A684FF0140C0CFB89
S315000052F002F35C19E95881B1616808334968616055
S315000053002B44994204BFE1686160CB6803603A6050
S31500005310036803685B6F3360DDE742B94FF014033F
S3150000532083F31188BFF36F8FBFF34F8FFEE7013A08
S31500005330DDE700BF403D0100543D01004042010051
S315000053406C3D0100603D0100E03D0100044B1A6820
S31500005350196890691A68CB6AC3F13803936170477C
S3150000536040420100014B1868704700BF40420100EF
S31500005370014B01221A607047543D0100054B1B6822
S3150000538033B1054B1868B0FA80F040094000704709
S31500005390012070475C3D0100403D0100F8B5044620
S315000053A000282ED01D4DC36A2A68D26A93422DD298
S315000053B082691B4E002AA1BF2A68D26AC2F138024E
S315000053C08261142202FB036342699A421AD1071DC5
S315000053D03846FEF77CFC2B68124ADB6A1168E362EA
S315000053E08B4288BF136014225343F1184A68A260A7
S315000053F09068E06047609760F25861610132F25050
S315000054000120F8BD2B68DB6AC362F9E72B68006DE3
S31500005410DB6A98422CBF00200120F2E740420100DF
S31500005420E03D0100603D010070B5044608B900206A
S3150000543070BD1F4B1B68834208D04FF0140383F3E3
S315000054401188BFF36F8FBFF34F8FFEE75B6D43B9D4
S315000054504FF0140383F31188BFF36F8FBFF34F8FA1
S31500005460FEE7C16A026D013B91424365DFD0002B26
S31500005470DDD1051D2846FEF72AFC236DE362C3F144
S315000054803802A2610B4A11688B4288BF136014214F
S31500005490094A4B43D0184168A1608E68E660756082
S315000054A08D60D15860610131D1500120C0E700BF45
S315000054B040420100603D0100E03D010070B5044638
S315000054C0002846D0426D42B94FF0140383F3118889
S315000054D0BFF36F8FBFF34F8FFEE7036D994238BF5F
S315000054E01946C36A8B4234D0012A32D1194A12684E
S315000054F0824208D14FF0140383F31188BFF36F8FF4
S31500005500BFF34F8FFEE78269134DC162002A4FF049
S31500005510140202FB03534269A4BFC1F13801816141
S315000055209A4216D1061D3046FEF7D1FB0B4AE36AB6
S3150000553011688B4288BF136014225343E9184A68E6
S31500005540A2609068E06046609660EA586161013248
S31500005550EA5070BD40420100E03D0100603D01009F
S31500005560034B186810B1436D01334365704700BFA4
S3150000557040420100034B1B680360034B1B684360FA
S31500005580704700BF503D0100643D010070B50D46F7
S31500005590044640B94FF0140383F31188BFF36F8FAD
S315000055A0BFF34F8FFEE741B94FF0140383F3118821
S315000055B0BFF36F8FBFF34F8FFEE7FEF783FE144BEB
S315000055C01968144B1A6892F8722042B11B680022BF
S315000055D083F872200124FEF795FE204670BD2B68E5
S315000055E05A1C13D00C48266800686268864204D0AC
S315000055F08A4202D800232B60ECE7881A8342F9D945
S315000056005B1A13442B602046FFF7B4FF0024E2E741
S31500005610643D010040420100503D010038B5104D87
S31500005620002428460134FEF722FB382C05F1140528
S31500005630F7D10C4D0C4C2846FEF719FB2046FEF719
S3150000564016FB0A48FEF713FB0948FEF710FB09484C
S31500005650FEF70DFB084B1D60084B1C6038BD00BFF4
S31500005660E03D0100CC3D0100B83D01009C3D01003C
S31500005670883D0100703D0100B43D0100B03D0100D0
S3150000568010B590F8713004463BB9006BFEF76AFB23
S315000056902046BDE81040FEF765BB012BF9D0022B72
S315000056A008D04FF0140383F31188BFF36F8FBFF355
S315000056B04F8FFEE710BD0000F8B50C4C0C4F0D4D9A
S315000056C0236803B9F8BDFEF7FDFDFB68DE68301DF3
S315000056D0FEF7FDFA2B68013B2B602368013B236034
S315000056E0FEF710FE3046FFF7CBFFE9E7843D0100E9
S315000056F0883D0100683D010008B5084E4FF0E024E2
S315000057004FF08055FFF7D8FF3368012BFAD9C4F85C
S31500005710045DBFF34F8FBFF36F8FF3E7E03D0100EA
S315000057202DE9F8431F4B204C1D68204BD3F8008011
S315000057301F4B0646D3F8009023682068002283F8A2
S31500005740722004300F46FEF7C2FA731C14D19FB1C3
S31500005750184B21685A688A6021689068C860216879
S3150000576004314160216804319160226853611A68EE
S3150000577001321A60BDE8F88323682168AD195D60BF
S3150000578001F1040104D34846BDE8F843FEF77DBAAB
S315000057904046FEF77AFA084B1A68AA4288BF1D608F
S315000057A0E8E700BF643D010040420100B43D01004E
S315000057B0B03D0100703D0100483D010010B50C46AA
S315000057C040B94FF0140383F31188BFF36F8FBFF313
S315000057D04F8FFEE7054B19681831FEF756FA20463B
S315000057E00121BDE81040FFF79BBF00BF404201000A
S315000057F030B4034640B94FF0140383F31188BFF366
S315000058006F8FBFF34F8FFEE71348006840B94FF024
S31500005810140383F31188BFF36F8FBFF34F8FFEE737
S315000058200E4C206841F00041816120685968C161D1
S3150000583020688D6805622068183068602068183016
S31500005840886021688B6219680131196030BC0121BA
S315000058501046FFF765BF00BF403D01004042010012
S3150000586070B40C46114640B94FF0140383F3118807
S31500005870BFF36F8FBFF34F8FFEE70D4B42681D6876
S315000058809668EA611D682E621D68183575601D6888
S315000058901B681835956098620368002903F10103B7
S315000058A003600CBF20464FF0FF3070BCFFF738BFD7
S315000058B040420100064A13681968064B19B94FF0B1
S315000058C0FF321A6070471268D2681268F9E700BFA3
S315000058D0B43D0100483D0100F8B50446254DFEF7EC
S315000058E0F1FC04B92C68271D3846FEF7F0F9A36AC7
S315000058F01BB104F11800FEF7EAF91F4A1F4E1368A0
S31500005900013313602B683268E2B1A3421AD11C48F6
S315000059103946FEF7D1F91B4A136801331360FEF7C7
S31500005920F1FC336823B32B68A34221D1164B1B68C5
S31500005930A3B14FF0140383F31188BFF36F8FBFF346
S315000059404F8FFEE7114A1368013B1360FFF7B2FF62
S31500005950FEF7D8FC2046FFF793FEE2E74FF0E02380
S315000059604FF08052C3F8042DBFF34F8FBFF36F8FF4
S31500005970F8BD00BF404201004C3D01005C3D010006
S31500005980883D0100843D0100403D0100683D010065
S3150000599070B50446264DFEF795FC04B92C68261D05
S315000059A03046FEF794F9A36A1BB104F11800FEF71E
S315000059B08EF931461F48204EFEF77EF994F8703076
S315000059C0012B04BF002384F87030FEF79BFC33687C
S315000059D02BB1FEF777FCFFF76DFFFEF793FC2B6804
S315000059E0A34217D13368B3B1144B1B6843B14FF0D0
S315000059F0140383F31188BFF36F8FBFF34F8FFEE756
S31500005A004FF0E0234FF08052C3F8042DBFF34F8FC1
S31500005A10BFF36F8F70BD0A4A1168064A1268914239
S31500005A2001D12B60F6E7BDE87040FFF74DBC00BF23
S31500005A3040420100703D01005C3D0100403D010017
S31500005A40683D01002DE9F84F544B1B68002B40F0D0
S31500005A509F80534B1C6801341C60BCB9514B1A68BB
S31500005A60126842B14FF0140383F31188BFF36F8FAE
S31500005A70BFF34F8FFEE74C4A196810681860116033
S31500005A804A4A136801331360FFF714FF484D49492A
S31500005A902B68DFF82CB1A3424FF0000209D8DFF8DB
S31500005AA024C117463F4B1B681B689BB94FF0FF3359
S31500005AB02B60DBF800304048DB6A0468142043435F
S31500005AC0C858012898BF002C14BF0120002010439D
S31500005AD0BDE8F88F334B1B68DB68DB685868844287
S31500005AE001D22860E5E7D3E90209D3F81480C0F8AB
S31500005AF00890C9F80400D8F8040003F1040E7045B4
S31500005B00D8F8000008BFC8F8049001385F61C8F8EB
S31500005B100000D3F82880B8F1000F13D0D3E90709A5
S31500005B20C0F80890C9F80400D8F8040003F1180A70
S31500005B305045D8F8000008BFC8F8049001389F62A5
S31500005B40C8F80000D86ADCF800801426404506FB39
S31500005B5000F801EB080A88BFCCF80000DAF80490D8
S31500005B60C3F80890D9F80860DE60C6F804E0C9F802
S31500005B7008E0C3F814A051F80830013341F80830A2
S31500005B80DBF80030DB6A984288BF42F0010289E701
S31500005B900A4A136801331360002099E7403D01006B
S31500005BA0643D0100B43D0100B03D0100503D0100DF
S31500005BB0483D0100E03D0100543D0100583D010013
S31500005BC040420100603D01002DE9F84FFEF77AFBE7
S31500005BD04C4B1A6842B94FF0140383F31188BFF394
S31500005BE06F8FBFF34F8FFEE71A68013A1A601B6882
S31500005BF02BB10024FEF786FB2046BDE8F88F424A0B
S31500005C001268002AF5D04148414C424A424F434D62
S31500005C1014264FF0010C51E0C368DB68D3E907187E
S31500005C20D3F828E0C1F80880C8F80410DEF804109C
S31500005C3003F1180949454FF0000108BFCEF804806A
S31500005C409962DEF800100139CEF80010D3E9021887
S31500005C50D3F814E0C1F80880C8F80410DEF8041080
S31500005C6003F104094945DEF8001008BFCEF80480A8
S31500005C700139CEF80010D3F82CE0216806FB0EF8A7
S31500005C8002EB080A8E45DAF804109960D1F808B0DC
S31500005C90C3F80CB0CBF80490C1F8089052F808107D
S31500005CA088BFC4F800E00131C3F814A042F8081018
S31500005CB03968C96A8E4501D9C5F800C0016800294E
S31500005CC0AAD10BB1FFF7F6FD154D2C6844B1134E62
S31500005CD00127FFF7B7FE00B13760013CF9D12C6010
S31500005CE00E4B1B68002B84D00B4B1B684FF0E02338
S31500005CF04FF08052C3F8042DBFF34F8FBFF36F8F61
S31500005D00012477E7403D0100683D01009C3D01000C
S31500005D10603D0100E03D010040420100543D0100AC
S31500005D20583D010008B550B94FF0E0234FF08052BE
S31500005D30C3F8042DBFF34F8FBFF36F8F08BDFFF776
S31500005D407FF80A4B1B68012B08D04FF0140383F32E
S31500005D501188BFF36F8FBFF34F8FFEE70021FFF768
S31500005D60DFFCFFF731FF0028DED0E7E7403D01000A
S31500005D702DE9F041DDF818800D4617461E4640B164
S31500005D804FF0140383F31188BFF36F8FBFF34F8F68
S31500005D90FEE7254CFFF754F8FEF794FA236893F8CC
S31500005DA07030022B2CD1FEF7ADFA0025FFF70CFF61
S31500005DB055B148B94FF0E0234FF08052C3F8042D97
S31500005DC0BFF34F8FBFF36F8FFEF77CFA16B12368D0
S31500005DD0DB6E3360236893F87030022B01BF2168B5
S31500005DE0CB6EBB43CB6623684FF000020CBF012588
S31500005DF0002583F87020FEF785FA2846BDE8F08175
S31500005E002268D36E23EA0503D3662368012583F847
S31500005E107050B8F1000FC6D0FEF774FA2946404616
S31500005E20FFF77EFCC2E700BF404201002DE9F047C4
S31500005E300A9C9600324680460D46206BA52199465F
S31500005E40DDE9087A00F07CFC236B043E1E4426F054
S31500005E50070666646DB16B1E04F133020E3513F846
S31500005E60011F02F8011F09B1AB42F8D1002384F8E3
S31500005E704230372F08D94FF0140383F31188BFF34C
S31500005E806F8FBFF34F8FFEE7E7622765201DFDF793
S31500005E90F9FEC7F1380704F11800FDF7F3FE246197
S31500005EA0A76164624A4641463046FEF7F3F8206031
S31500005EB0BAF1000F01D0CAF80040BDE8F087000033
S31500005EC0F8B50446FEF7FEF9244B254D1A68254E13
S31500005ED001321A602A68002A36D12C601B68012B11
S31500005EE001D1FFF79BFB204A1368013313601F4A59
S31500005EF0A3641168E36A8B4288BF136014211C4AAD
S31500005F004B43D018271D4168A160D1F808C0C4F8DA
S31500005F100CC0CCF804708F60D15860610131D1504B
S31500005F20FEF7F0F9336873B12B68DA6AE36A9A42CE
S31500005F3009D24FF0E0234FF08052C3F8042DBFF38F
S31500005F404F8FBFF36F8FF8BD3368002BCBD12B6813
S31500005F50DA6AE36A9A4298BF2C60C4E7683D01009A
S31500005F60404201005C3D01004C3D0100603D0100E6
S31500005F70E03D01002DE9F04387B0DDE90F940546C9
S31500005F800E4617469846B9F1000F08D14FF0140394
S31500005F9083F31188BFF36F8FBFF34F8FFEE744B9CA
S31500005FA04FF0140383F31188BFF36F8FBFF34F8F46
S31500005FB0FEE778230593059A9A4208D04FF014031A
S31500005FC083F31188BFF36F8FBFF34F8FFEE7002176
S31500005FD02046059B00F0B4FB022384F871300023B1
S31500005FE0C4F83090CDE90243119B01930E9B0093B8
S31500005FF0284643463A463146FFF718FF204607B083
S31500006000BDE8F08310B586B00024059405AC039472
S315000060100A9C0294099C0194089C0094FFF7AAFF2D
S31500006020FFF74EFF059806B010BD000010B5214AD7
S315000060308CB008AB12F8014B03F8014B002CF9D1D8
S3150000604007AA06A905A8CDE90544FDF783FC059B2B
S315000060500293069B079A1848CDE9004308A92346F0
S31500006060FFF7D0FF154B1860A8B100F00DF9012815
S3150000607015D14FF0140383F31188BFF36F8FBFF36D
S315000060804F8F0F4B4FF0FF321A600E4B18600E4BBE
S315000060901C60FEF75BF80D4B1B680CB010BD0130A1
S315000060A0F9D14FF0140383F31188BFF36F8FBFF359
S315000060B04F8FFEE78077200879490000443D0100B4
S315000060C0483D01005C3D0100643D010024BE2008FE
S315000060D02DE9F043074685B0900088461646994656
S315000060E0FDF7BAFE054620B90024204605B0BDE8F6
S315000060F0F0837820FDF7B0FE044690B178220021A7
S3150000610000F01EFB00232563CDE902430D9B01939E
S315000061100C9B009332464B4641463846FFF786FEB7
S31500006120E3E72846FDF71EFEDEE713B5059C01945E
S31500006130049C0094FFF7CCFF20B1FFF7C1FE0120BD
S3150000614002B010BD4FF0FF30FAE710B5044640B973
S315000061504FF0140383F31188BFF36F8FBFF34F8F94
S31500006160FEE7FEF7AFF8E469FEF7CCF8204610BD6F
S3150000617010B5044640B94FF0140383F31188BFF3FA
S315000061806F8FBFF34F8FFEE7FEF79CF894F8284019
S3150000619004F00104FEF7B6F8204610BD1FB51446FC
S315000061A01A466FF00103CDE900300548CDE9021427
S315000061B0002369460068FEF701FB04B010BD00BF6E
S315000061C0EC4201001FB5034640B94FF0140383F3B8
S315000061D01188BFF36F8FBFF34F8FFEE70F4C206818
S315000061E0D0B10529CDE90012029308DD4FF0140362
S315000061F083F31188BFF36F8FBFF34F8FFEE7FFF76F
S31500006200BDF80346022B4FF0000320680CBF069A28
S315000062101A466946FEF708FA04B010BDEC420100C2
S31500006220F7B5114CFEF74EF82568BDB90F4F104E65
S315000062303846FDF71CFD3046FDF719FD0D4B0E4A9D
S315000062401F600E4B10211E6005200D4B0095FEF7BA
S315000062506CFC206010B10B49FEF796F803B0BDE860
S31500006260F040FEF74FB800BFEC4201000C430100BE
S31500006270F8420100F442010098420100F042010098
S31500006280484201008577200810B588B0FFF7C8FF9F
S31500006290124B1B68B3B1002407AA06A905A8CDE9CD
S315000062A00544FDF763FB059B0293069B0193372389
S315000062B00093079A0A490B482346FFF7A3FE0A4BA9
S315000062C0186040B94FF0140383F31188BFF36F8F42
S315000062D0BFF34F8FFEE7012008B010BDEC4201006E
S315000062E08A772008F9570000E8420100914208B574
S315000062F0416000610AD8D21A83699A420DD2084BCE
S31500006300011D1868FDF7C1FC002008BD9A4201D2A4
S31500006310994202D2034B011DF3E70120F5E700BFC6
S31500006320F0420100F442010070B504460D461646DF
S31500006330A1692B46324629442046FFF7D7FF00B90C
S3150000634070BDA36920461D44236A9847F0E7000004
S315000063500E4B1B68DB6870B5DC680546201D0E46D3
S31500006360FDF7B5FC94F828305A0709D53246294678
S315000063702046FFF7D9FF236A2046BDE8704018473C
S3150000638023F0010384F82830F5E700BFF44201004A
S3150000639010B5084C23681A6822B9074A11682160AB
S315000063A0136010BDDB684FF0FF311868FFF7D0FFB0
S315000063B0F0E700BFF4420100F042010070B5084E5C
S315000063C00546FEF745FD33688342044606D9FFF7C6
S315000063D0DFFF01232B603460204670BD0023F9E700
S315000063E04442010070B586B01022002102A800F0D8
S315000063F0A7F93A4E3068002202A9FEF760FA08B9FA
S3150000640006B070BD029B0498002B11DB049C6369E7
S31500006410ABB901A8FFF7D2FF029B013B0546082B4B
S31500006420E8D8DFE803F01010333A531010333A007F
S31500006430039B05999847029B002BDBDBE6E7201DB3
S31500006440FDF745FCE5E794F82830A16943F0010320
S3150000645084F82830039B024619442046FFF746FF7E
S315000064600028C7D094F8283059070AD5A36903999C
S315000064702A4619442046FFF757FF236A20469847C5
S31500006480B8E723F0010384F82830F6E794F82830BB
S3150000649023F0010384F82830ACE794F828300399F8
S315000064A0A16143F0010384F8283041B94FF0140389
S315000064B083F31188BFF36F8FBFF34F8FFEE7034659
S315000064C0024601442046FFF711FF93E794F828306F
S315000064D09A07DDD42046FDF745FC8BE7EC42010028
S315000064E0064A12680346106810B901221A607047FE
S315000064F000211960D3681868704700BFF442010094
S3150000650073B506460C46FEF79BFC01A8FFF756FF3F
S31500006510019B054633BB54B9B0420ED3FFF754FB7B
S315000065202946304602B0BDE87040FFF711BF104B58
S315000065301B681C68B4FA84F464090E4B224618687A
S31500006540711BFEF703F8FFF73FFB48B94FF0E02356
S315000065504FF08052C3F8042DBFF34F8FBFF36F8FF8
S3150000656002B070BD02B0BDE87040FFF72DBB00BFA2
S31500006570F0420100EC42010007B501A8FFF7B0FFA9
S315000065800199FFF7BDFFFFF72DFFF6E72DE9F04173
S31500006590079C804616461F460D4641B94FF0140328
S315000065A083F31188BFF36F8FBFF34F8FFEE7FFF7BB
S315000065B037FE069BC4F80080C4E906572362201DF7
S315000065C0FDF760FB2EB194F8283043F0040384F8FD
S315000065D02830BDE8F0812DE9F34105462C200E4612
S315000065E017469846FDF738FC044658B1002380F854
S315000065F02830089B019000933A4643463146284688
S31500006600FFF7C4FF204602B0BDE8F08130B585B083
S315000066102C250395039D099C2C2D08D04FF01403BF
S3150000662083F31188BFF36F8FBFF34F8FFEE7039D90
S3150000663044B94FF0140383F31188BFF36F8FBFF390
S315000066404F8FFEE7022584F82850089D0194009597
S31500006650FFF79CFF204605B030BD0000000000009B
S315000066605FF800F0599F21085FF800F09DA121080E
S315000066705FF800F083E921085FF800F05DA02108CB
S315000066805FF800F0096B21085FF800F0F16A210855
S315000066905FF800F09BF721085FF800F085D7200827
S315000066A05FF800F00DFD21085FF800F0B1F5210854
S315000066B05FF800F08FF721085FF800F02D922108AF
S315000066C05FF800F0A7EB21085FF800F0FD6A2108EB
S315000066D05FF800F02DF621085FF800F035D72008A6
S315000066E05FF800F0C5AF21085FF800F0C9F5210892
S315000066F05FF800F0ADF721085FF800F043F52108D8
S315000067005FF800F0456A21085FF800F071DF2108A4
S315000067105FF800F0D9F321085FF800F0C59F210863
S315000067205FF800F0EDF421085FF800F051EA210867
S315000067305FF800F00DAF21085FF800F0F9F52108C9
S315000067405FF800F0A1FC21085FF800F065B72108AA
S315000067505FF800F0E1C121085FF800F0E3F12108DD
S315000067605FF800F091D620085FF800F029D82008DD
S315000067705FF800F047E72108FFFFFFFFFFFFFFFF7D
S3150000678049444C4500546D725100546D7220537645
S315000067906300427566666572206973204E554C4CDF
S315000067A0206F72206275666665725F6C656E6774CF
S315000067B0682069732030007072696E745F63686167
S315000067C0725F6275666665723A206D616C6C6F63A6
S315000067D0206661696C6564002573000D0A3D3D3DC8
S315000067E03D3D3D3D3D3D3D20434C415353524F4F72
S315000067F04D2054454C454D45545259203D3D3D3D57
S315000068003D3D3D3D3D3D0D0A00546F7069633A20A4
S31500006810000D0A446174613A20000D0A3D3D3D3D7C
S315000068203D3D3D3D3D3D3D3D3D3D3D3D3D3D3D3D92
S315000068303D3D3D3D3D3D3D3D3D3D3D3D3D3D3D3D82
S315000068403D3D3D3D3D0D0A004D515454204572726B
S315000068506F723A204D657373616765207265636573
S31500006860697665206661696C65642E0D0A004D5176
S315000068705454204572726F723A205061796C6F6180
S315000068806420746F6F206C617267652E0D0A004D6F
S31500006890515454204572726F723A204D656D6F7275
S315000068A07920616C6C6F636174696F6E20666169D3
S315000068B06C65642E0D0A004D515454204572726F5A
S315000068C0723A204461746120636F727275707465E8
S315000068D0642E0D0A004D515454204572726F723A5F
S315000068E02025640D0A00436F6E6E6563746564202F
S315000068F0746F204D5154542062726F6B65720D0A8D
S31500006900006368616E6E656C732F333432393035CF
S31500006910372F737562736372696265004661696CCD
S31500006920656420746F207375627363726962653A79
S31500006930203078256C780D0A004661696C65642004
S31500006940746F207075626C697368206D657373610E
S3150000695067653A203078256C780D0A005075626CB0
S315000069606973686564206D65737361676520737507
S31500006970636365737366756C6C79206F6E20746FD4
S315000069807069633A20005375627363726962656465
S3150000699020746F20546F7069633A2025730D0A00C6
S315000069A04D51545420746F70696320756E7375620F
S315000069B0736372696265640D0A00446973636F6E7E
S315000069C06E65637465642066726F6D204D51545414
S315000069D02062726F6B65720D0A004F52554B45442B
S315000069E0776F4E5351354A78514D4C423055496771
S315000069F04D006A3264554B46434F774D4E38383515
S31500006A005A736448423263596547004661696C654A
S31500006A106420746F20696E6974204D51545420634C
S31500006A206C69656E743A203078256C780D0A0049D9
S31500006A306E6974204D51545420636C69656E7420E0
S31500006A40537563636573730D0A004661696C65640B
S31500006A5020746F20636F6E666967757265204D518D
S31500006A605454205443502F544C533A203078256CBC
S31500006A70780D0A0031382E3230372E34342E313626
S31500006A8032004661696C656420746F20636F6E76B0
S31500006A90657274204D5154542062726F6B6572207A
S31500006AA049500D0A004661696C656420746F206365
S31500006AB06F6E6E65637420746F204D51545420625E
S31500006AC0726F6B65723A203078256C780D0A004D2E
S31500006AD05154542062726F6B657220636F6E6E65DF
S31500006AE06374696F6E20737461727465640D0A0055
S31500006AF04D51545420657865637574696F6E2063D3
S31500006B006F6D706C657465640D0A004661696C652D
S31500006B106420746F2073746172742057692D4669FE
S31500006B2020636C69656E7420696E74657266616354
S31500006B30653A203078256C780D0A0057692D46692C
S31500006B4020636C69656E7420696E74657266616334
S31500006B506520757020537563636573730D0A00466F
S31500006B6061696C656420746F206272696E67205774
S31500006B70692D466920636C69656E7420696E74655B
S31500006B8072666163652075703A203078256C780DE1
S31500006B900A0057692D466920636C69656E74206327
S31500006BA06F6E6E65637465640D0A00676974616D66
S31500006BB02F726576616E74682F6D6F6E69746F7271
S31500006BC02F737461747573007B22646576696365DF
S31500006BD0223A2253495747393137222C227374619E
S31500006BE0747573223A224F46464C494E45227D0023
S31500006BF06368616E6E656C732F33343239303537A6
S31500006C002F7075626C697368006669656C64313DE6
S31500006C103435266669656C64323D363026666965AC
S31500006C206C64333D3335006170700076636F6D00C0
S31500006C30736C5F73693931785F636C6F636B5F6D1B
S31500006C40616E616765725F7365745F706C6C5F66B9
S31500006C507265713A20706C6C5F667265712065783A
S31500006C606365656473206D61782C6C696E65206E52
S31500006C706F203A2025640D0A00736C5F7369393101
S31500006C80785F636C6F636B5F6D616E616765725F82
S31500006C907365745F706C6C5F667265713A20504CF8
S31500006CA04C20636F6E666967206661696C65642057
S31500006CB073743D30782530346C582C6C696E6520C1
S31500006CC06E6F203A2025640D0A00736C5F73693974
S31500006CD031785F636C6F636B5F6D616E6167657260
S31500006CE05F6D345F7365745F636F72655F636C6B52
S31500006CF03A204D34536F63436C6B436F6E6669671E
S31500006D0028554C5052454629206661696C656420B9
S31500006D1073743D30782530346C582C6C696E652060
S31500006D206E6F203A2025640D0A00736C5F73693913
S31500006D3031785F636C6F636B5F6D616E61676572FF
S31500006D405F6D345F7365745F636F72655F636C6BF1
S31500006D503A207365745F706C6C5F6672657120664D
S31500006D6061696C65642073743D30782530346C58E5
S31500006D702C6C696E65206E6F203A2025640D0A0022
S31500006D80736C5F73693931785F636C6F636B5F6DCA
S31500006D90616E616765725F6D345F7365745F636FA3
S31500006DA072655F636C6B3A204D34536F63436C6B53
S31500006DB0436F6E666967206661696C6564207374EB
S31500006DC03D30782530346C582C6C696E65206E6FBA
S31500006DD0203A2025640D0A00736C5F736939317897
S31500006DE05F636C6F636B5F6D616E616765725F6930
S31500006DF06E69743A206D345F7365745F636F726594
S31500006E005F636C6B206661696C65642073743D30EA
S31500006E10782530346C582C6C696E65206E6F203A7C
S31500006E202025640D0A00736C5F73693931785F63DE
S31500006E306C6F636B5F6D616E616765725F696E69CA
S31500006E40743A207365745F706C6C5F667265712846
S31500006E50494E54465F504C4C29206661696C656406
S31500006E602073743D30782530346C582C6C696E650F
S31500006E70206E6F203A2025640D0A0054696D6572F4
S31500006E80206F766572666C6F7720636F756E7420FF
S31500006E9025750076616C69646174655F6164635F22
S31500006EA06368616E6E656C5F706172616D65746555
S31500006EB072733A414443206368616E6E656C20705C
S31500006EC06172616D65746572732061726520696EA9
S31500006ED076616C69642C6C696E65206E6F203A2051
S31500006EE025640D0A0076616C69646174655F61648E
S31500006EF0635F706172616D65746572733A41444394
S31500006F0020706172616D65746572732061726520AF
S31500006F10696E76616C69642C6C696E65206E6F2093
S31500006F203A2025640D0A00736C5F73693931785F06
S31500006F306164635F696E69743A76616C69646174F1
S31500006F40655F6164635F706172616D6574657273BC
S31500006F50206661696C65642C6C696E65206E6F20B5
S31500006F603A2025640D0A00736C5F73693931785FC6
S31500006F706164635F696E69743A76616C69646174B1
S31500006F80655F6164635F6368616E6E656C5F7061A7
S31500006F9072616D6574657273206661696C65642CD7
S31500006FA06C696E65206E6F203A2025640D0A0073A9
S31500006FB06C5F73693931785F6164635F696E6974A8
S31500006FC03A4144432073616D706C6573206C656E45
S31500006FD067746820697320696E76616C69642C6CCD
S31500006FE0696E65206E6F203A2025640D0A00736C69
S31500006FF05F73693931785F6164635F696E69743A9A
S3150000700041444320696E6974206661696C65642039
S315000070107374617475733D30782530346C582C6CFC
S31500007020696E65206E6F203A2025640D0A00736C28
S315000070305F73693931785F6164635F636F6E666938
S31500007040677572655F7265666572656E63655F76A4
S315000070506F6C746167653A414443207672656620B9
S3150000706076616C756520697320696E76616C6964FA
S315000070702C6C696E65206E6F203A2025640D0A001F
S31500007080736C5F73693931785F6164635F636F6ED8
S315000070906669677572655F7265666572656E63655A
S315000070A05F766F6C746167653A414443207672651A
S315000070B06620636F6E66696775726174696F6E20AC
S315000070C06661696C6564207374617475733D3078AC
S315000070D02530346C582C6C696E65206E6F203A2012
S315000070E025640D0A00736C5F73693931785F6164DA
S315000070F0635F7365745F6368616E6E656C5F636F13
S315000071006E66696775726174696F6E3A41444320B1
S31500007110636F6E66696775726174696F6E20706100
S3150000712072616D65746572732061726520696E7631
S31500007130616C69642C207374617475733D307825B5
S3150000714030346C582C6C696E65206E6F203A2025A1
S31500007150640D0A00736C5F73693931785F6164632B
S315000071605F7365745F6368616E6E656C5F636F6E97
S3150000717066696775726174696F6E3A41444320634C
S3150000718068616E6E656C20706172616D65746572A2
S31500007190732061726520696E76616C69642C207358
S315000071A074617475733D30782530346C582C6C6975
S315000071B06E65206E6F203A2025640D0A00736C5FA1
S315000071C073693931785F6164635F7365745F63689F
S315000071D0616E6E656C5F636F6E666967757261740A
S315000071E0696F6E3A414443206368616E6E656C2038
S315000071F0636F6E66696775726174696F6E2066612A
S31500007200696C6564207374617475733D30782530DC
S31500007210346C582C6C696E65206E6F203A2025649C
S315000072200D0A00736C5F73693931785F6164635F5F
S3150000723072656769737465725F6576656E745F63A0
S31500007240616C6C6261636B3A414443206362206EF9
S31500007250756C6C2C6C696E65206E6F203A20256407
S315000072600D0A00736C5F73693931785F6164635F1F
S3150000727072656769737465725F6576656E745F6360
S31500007280616C6C6261636B3A4144432063622062C5
S315000072907573792C6C696E65206E6F203A202564B3
S315000072A00D0A00736C5F73693931785F6164635FDF
S315000072B074656D70657261747572655F73656E7302
S315000072C06F725F656E61626C653A41444320746516
S315000072D06D70657261747572652073656E736F7219
S315000072E020656E61626C65206661696C65642073F9
S315000072F074617475733D30782530346C582C6C6924
S315000073006E65206E6F203A2025640D0A00736C5F4F
S3150000731073693931785F6164635F73746172743A5B
S31500007320414443207374617274206661696C6564BC
S31500007330207374617475733D30782530346C582C25
S315000073406C696E65206E6F203A2025640D0A007305
S315000073506C5F73693931785F6164635F73746F70F2
S315000073603A4144432073746F70206661696C6564AA
S3150000737020737461747573203D202530346C582C4D
S315000073806C696E65206E6F203A2025640D0A0073C5
S315000073906C5F73693931785F6164635F6465696ED8
S315000073A069743A414443206465696E697420666174
S315000073B0696C656420737461747573203D20253093
S315000073C0346C582C6C696E65206E6F203A202564EB
S315000073D00D0A0076616C69646174655F626A745F48
S315000073E06368616E6E656C5F706172616D65746510
S315000073F072733A20736C5F626A745F74656D706550
S315000074007261747572655F73656E736F725F6368C0
S31500007410616E6E656C5F636F6E6669672069732067
S315000074204E554C4C2C6C696E65206E6F203A2025AB
S31500007430640D0A0076616C69646174655F626A74E2
S315000074405F6368616E6E656C5F706172616D6574B5
S315000074506572733A20736C5F626A745F74656D70EF
S31500007460657261747572655F73656E736F725F6363
S3150000747068616E6E656C5F636F6E666967206973BF
S3150000748020696E76616C69642C6C696E65206E6F1E
S31500007490203A2025640D0A00736C5F7369393178D0
S315000074A05F626A745F74656D70657261747572652A
S315000074B05F73656E736F725F62675F7365745F6338
S315000074C068616E6E656C5F636F6E66696775726123
S315000074D074696F6E3A20736C5F73693931785F61D6
S315000074E064635F7365745F6368616E6E656C5F632A
S315000074F06F6E66696775726174696F6E2066616921
S315000075006C65642C6C696E65206E6F203A2025646C
S315000075100D0A0076616C69646174655F626A745F06
S31500007520706172616D65746572733A20736C5F6227
S315000075306A745F74656D70657261747572655F7388
S31500007540656E736F725F636F6E666967206973201D
S31500007550696E76616C69642C6C696E65206E6F204D
S315000075603A2025640D0A00736C5F73693931785FC0
S31500007570626A745F74656D70657261747572655F59
S3150000758073656E736F725F696E69743A2076616CAB
S3150000759069646174655F626A745F706172616D656A
S315000075A074657273206661696C65642C6C696E65BE
S315000075B0206E6F203A2025640D0A00736C5F736994
S315000075C03931785F626A745F74656D706572617473
S315000075D07572655F73656E736F725F696E69743A13
S315000075E02076616C69646174655F626A745F636862
S315000075F0616E6E656C5F706172616D6574657273E4
S31500007600206661696C65642C6C696E65206E6F20FE
S315000076103A2025640D0A00736C5F73693931785F0F
S31500007620626A745F74656D70657261747572655FA8
S3150000763073656E736F725F696E69743A20736C5FFF
S3150000764073693931785F6164635F696E6974206656
S3150000765061696C65642C6C696E65206E6F203A20DA
S3150000766025640D0A00736C5F73693931785F626A4D
S31500007670745F74656D70657261747572655F73654C
S315000076806E736F725F696E69743A20736C5F7369AB
S315000076903931785F6164635F7365745F6368616ED7
S315000076A06E656C5F636F6E66696775726174696F2C
S315000076B06E206661696C65642C6C696E65206E6F00
S315000076C0203A2025640D0A00736C5F73693931789E
S315000076D05F626A745F74656D7065726174757265F8
S315000076E05F73656E736F725F696E69743A20736C4F
S315000076F05F73693931785F6164635F726567697367
S315000077007465725F6576656E745F63616C6C6261E9
S31500007710636B206661696C65642C6C696E65206EAE
S315000077206F203A2025640D0A00736C5F7369393146
S31500007730785F626A745F74656D7065726174757284
S31500007740655F73656E736F725F696E69743A2073F5
S315000077506C5F73693931785F6164635F73746172FA
S3150000776074206661696C65642C6C696E65206E6F49
S31500007770203A2025640D0A00736C5F7369393178ED
S315000077805F626A745F74656D706572617475726547
S315000077905F73656E736F725F7365745F6368616E46
S315000077A06E656C5F636F6E66696775726174696F2B
S315000077B06E3A20736C5F73693931785F6164635F19
S315000077C07365745F6368616E6E656C5F636F6E662A
S315000077D0696775726174696F6E206661696C65644C
S315000077E02C6C696E65206E6F203A2025640D0A00A8
S315000077F0736C5F73693931785F626A745F74656D43
S3150000780070657261747572655F73656E736F725FB2
S31500007810726561645F646174613A2074656D705F5E
S3150000782064617461206973204E554C4C2C6C696EF2
S3150000783065206E6F203A2025640D0A00736C5F7315
S31500007840693931785F626A745F74656D70657261FB
S31500007850747572655F73656E736F725F726561646E
S315000078605F646174613A20736C5F73693931785F64
S31500007870626A745F74656D70657261747572655F56
S3150000788073656E736F725F62675F7365745F63685B
S31500007890616E6E656C5F636F6E6669677572617443
S315000078A0696F6E206661696C65642C6C696E652013
S315000078B06E6F203A2025640D0A00736C5F73693978
S315000078C031785F626A745F74656D70657261747534
S315000078D072655F73656E736F725F726561645F6414
S315000078E06174613A20736C5F73693931785F626ADB
S315000078F0745F74656D70657261747572655F7365CA
S315000079006E736F725F7365745F6368616E6E656CCC
S315000079105F636F6E66696775726174696F6E206604
S3150000792061696C65642C6C696E65206E6F203A2007
S3150000793025640D0A00736C5F73693931785F626A7A
S31500007940745F74656D70657261747572655F736579
S315000079506E736F725F6465696E69743A2076616CE6
S3150000796069646174655F626A745F706172616D6596
S3150000797074657273206661696C65642C6C696E65EA
S31500007980206E6F203A2025640D0A00736C5F7369C0
S315000079903931785F626A745F74656D70657261749F
S315000079A07572655F73656E736F725F6465696E6924
S315000079B0743A20736C5F73693931785F6164635F11
S315000079C073746F70206661696C65642C6C696E6592
S315000079D0206E6F203A2025640D0A004C25640D0A9E
S315000079E000736C5F73693931785F646D615F696ECE
S315000079F069743A206661696C65642073743D3078F9
S31500007A002530346C582C6C696E65206E6F203A20D8
S31500007A1025640D0A00736C5F73693931785F646D94
S31500007A20615F616C6C6F636174655F6368616E6EE4
S31500007A30656C3A20696E76616C696420706172616A
S31500007A406D2073743D30782530346C582C6C696E1B
S31500007A5065206E6F203A2025640D0A00736C5F73F3
S31500007A60693931785F646D615F616C6C6F636174F5
S31500007A70655F6368616E6E656C3A2062616420635F
S31500007A8068616E6E656C5F6E6F2073743D3078252D
S31500007A9030346C582C6C696E65206E6F203A202548
S31500007AA0640D0A00736C5F73693931785F646D61C8
S31500007AB05F616C6C6F636174655F6368616E6E6550
S31500007AC06C3A20626164207072696F726974792001
S31500007AD073743D30782530346C582C6C696E652093
S31500007AE06E6F203A2025640D0A00736C5F73693946
S31500007AF031785F646D615F616C6C6F636174655F43
S31500007B006368616E6E656C3A206E6F7420696E698B
S31500007B107469616C697A65642073743D30782530C8
S31500007B20346C582C6C696E65206E6F203A20256483
S31500007B300D0A007363616E5F617661696C61626CE8
S31500007B40655F646D615F6368616E6E656C3A206E39
S31500007B506F206368616E6E656C2073743D307825A6
S31500007B6030346C582C6C696E65206E6F203A202577
S31500007B70640D0A00736C5F73693931785F646D61F7
S31500007B805F616C6C6F636174655F6368616E6E657F
S31500007B906C3A206368616E6E656C20616C6C6F6315
S31500007BA0617465642073743D30782530346C582CCC
S31500007BB06C696E65206E6F203A2025640D0A00738D
S31500007BC06C5F73693931785F646D615F726567698F
S31500007BD0737465725F63616C6C6261636B733A2088
S31500007BE0696E76616C696420706172616D20737470
S31500007BF03D30782530346C582C6C696E65206E6F7C
S31500007C00203A2025640D0A00736C5F736939317858
S31500007C105F646D615F72656769737465725F6361E6
S31500007C206C6C6261636B733A2062616420636861A5
S31500007C306E6E656C2073743D30782530346C582C2C
S31500007C406C696E65206E6F203A2025640D0A0073FC
S31500007C506C5F73693931785F646D615F72656769FE
S31500007C60737465725F63616C6C6261636B733A20F7
S31500007C704E554C4C2063616C6C6261636B2073746F
S31500007C803D30782530346C582C6C696E65206E6FEB
S31500007C90203A2025640D0A00736C5F7369393178C8
S31500007CA05F646D615F72656769737465725F636156
S31500007CB06C6C6261636B733A206E6F7420696E69D7
S31500007CC07469616C697A65642073743D3078253017
S31500007CD0346C582C6C696E65206E6F203A202564D2
S31500007CE00D0A00736C5F73693931785F646D615F8B
S31500007CF0756E72656769737465725F63616C6C62D9
S31500007D0061636B733A20696E76616C696420706199
S31500007D1072616D2073743D30782530346C582C6C4C
S31500007D20696E65206E6F203A2025640D0A00736C1B
S31500007D305F73693931785F646D615F756E7265670F
S31500007D4069737465725F63616C6C6261636B733ACD
S31500007D5020626164206368616E6E656C2073743D99
S31500007D6030782530346C582C6C696E65206E6F2027
S31500007D703A2025640D0A00736C5F73693931785FA8
S31500007D80646D615F756E72656769737465725F6352
S31500007D90616C6C6261636B733A206261642063613B
S31500007DA06C6C6261636B5F747970652073743D30CF
S31500007DB0782530346C582C6C696E65206E6F203ACD
S31500007DC02025640D0A00736C5F73693931785F642E
S31500007DD06D615F756E72656769737465725F636105
S31500007DE06C6C6261636B733A206E6F7420696E69A6
S31500007DF07469616C697A65642073743D30782530E6
S31500007E00346C582C6C696E65206E6F203A202564A0
S31500007E100D0A0076616C69646174655F646D615F0B
S31500007E207472616E736665725F706172616D733ACA
S31500007E3020696E76616C696420646D612F63686188
S31500007E406E6E656C2073743D30782530346C582C1A
S31500007E506C696E65206E6F203A2025640D0A0076E7
S31500007E60616C69646174655F646D615F7472616E93
S31500007E70736665725F706172616D733A20636861E3
S31500007E806E6E656C206F7574206F662072616E670A
S31500007E90652073743D30782530346C582C6C696ECF
S31500007EA065206E6F203A2025640D0A0076616C69A4
S31500007EB0646174655F646D615F7472616E7366653B
S31500007EC0725F706172616D733A207A65726F2074A9
S31500007ED072616E736665725F636F756E742073741C
S31500007EE03D30782530346C582C6C696E65206E6F89
S31500007EF0203A2025640D0A0076616C696461746518
S31500007F005F646D615F7472616E736665725F7061E6
S31500007F1072616D733A204E554C4C207372632F6418
S31500007F206573742073743D30782530346C582C6C2E
S31500007F30696E65206E6F203A2025640D0A00766111
S31500007F406C69646174655F646D615F7472616E73A0
S31500007F506665725F706172616D733A20626164205A
S31500007F60696E632073743D30782530346C582C6C00
S31500007F70696E65206E6F203A2025640D0A007661D1
S31500007F806C69646174655F646D615F7472616E7360
S31500007F906665725F706172616D733A20626164201A
S31500007FA0646D615F6D6F64652073743D3078253054
S31500007FB0346C582C6C696E65206E6F203A202564EF
S31500007FC00D0A0076616C69646174655F646D615F5A
S31500007FD07472616E736665725F706172616D733A19
S31500007FE020626164207472616E736665725F747973
S31500007FF070652073743D30782530346C582C6C696C
S315000080006E65206E6F203A2025640D0A0076616C3D
S3150000801069646174655F646D615F7472616E7366D5
S3150000802065725F706172616D733A2062616420737C
S3150000803069676E616C2073743D30782530346C58F6
S315000080402C6C696E65206E6F203A2025640D0A003F
S3150000805076616C69646174655F646D615F74726199
S315000080606E736665725F706172616D733A206261EC
S315000080706420786665725F73697A652073743D3033
S31500008080782530346C582C6C696E65206E6F203AFA
S315000080902025640D0A0076616C69646174655F640D
S315000080A06D615F7472616E736665725F7061726135
S315000080B06D733A206E6F7420696E697469616C69BC
S315000080C07A65642073743D30782530346C582C6C96
S315000080D0696E65206E6F203A2025640D0A00766170
S315000080E06C69646174655F646D615F7472616E73FF
S315000080F06665725F706172616D733A206368616E66
S315000081006E656C20756E616C6C6F6361746564205E
S3150000811073743D30782530346C582C6C696E65204C
S315000081206E6F203A2025640D0A00736C5F736939FF
S3150000813031785F646D615F7472616E736665723A01
S315000081402076616C69646174655F646D615F7472E9
S31500008150616E736665725F706172616D73206661D0
S31500008160696C6564207769746820737461747573CB
S315000081702030782530346C582C6C696E65206E6F13
S31500008180203A2025640D0A00736C5F7369393178D3
S315000081905F646D615F7472616E736665723A2043E7
S315000081A068616E6E656C436F6E6669677572652091
S315000081B073743D30782530346C582C6C696E6520AC
S315000081C06E6F203A2025640D0A00736C5F7369395F
S315000081D031785F646D615F6368616E6E656C5F6563
S315000081E06E61626C653A20696E76616C69642070B6
S315000081F06172616D2073743D30782530346C582C73
S315000082006C696E65206E6F203A2025640D0A007336
S315000082106C5F73693931785F646D615F6368616E45
S315000082206E656C5F656E61626C653A2062616420A2
S315000082306368616E6E656C2073743D3078253034EA
S315000082406C582C6C696E65206E6F203A2025640D83
S315000082500A00736C5F73693931785F646D615F63BF
S3150000826068616E6E656C5F656E61626C653A206E04
S315000082706F7420696E697469616C697A65642073CC
S31500008280743D30782530346C582C6C696E65206EE0
S315000082906F203A2025640D0A00736C5F73693931CB
S315000082A0785F646D615F6368616E6E656C5F64695B
S315000082B07361626C653A20696E76616C69642070E0
S315000082C06172616D2073743D30782530346C582CA2
S315000082D06C696E65206E6F203A2025640D0A007366
S315000082E06C5F73693931785F646D615F6368616E75
S315000082F06E656C5F64697361626C653A2062616485
S31500008300206368616E6E656C2073743D307825302D
S31500008310346C582C6C696E65206E6F203A2025648B
S315000083200D0A00736C5F73693931785F646D615F44
S315000083306368616E6E656C5F64697361626C653AF1
S31500008340206E6F7420696E697469616C697A656400
S315000083502073743D30782530346C582C6C696E650A
S31500008360206E6F203A2025640D0A00736C5F7369D6
S315000083703931785F646D615F656E61626C653A2064
S315000083806661696C65642073743D30782530346CA1
S31500008390582C6C696E65206E6F203A2025640D0A94
S315000083A000736C5F73693931785F6770696F5F64FA
S315000083B072697665725F656E61626C655F70616435
S315000083C05F72656365697665723A204750494F204A
S315000083D070696E206E756D6265722065786365657D
S315000083E0647320746865206D6178696D756D2061B0
S315000083F06C6C6F7765642076616C7565206F722092
S31500008400697320696E206120726573657276656492
S315000084102072616E67652C6C696E65206E6F203AFE
S315000084202025640D0A00736C5F73693931785F67C4
S3150000843070696F5F6472697665725F656E61626CA2
S31500008440655F7061645F73656C656374696F6E3ACE
S31500008450204750494F20706164206E756D626572C9
S31500008460206578636565647320746865206D61783E
S31500008470696D756D20616C6C6F7765642076616CD3
S3150000848075652C6C696E65206E6F203A2025640D2B
S315000084900A00736C5F73693931785F6770696F5F63
S315000084A06472697665725F656E61626C655F686F3E
S315000084B073745F7061645F73656C656374696F6E16
S315000084C03A204750494F2070696E206E756D62657F
S315000084D072206973206E6F7420696E20746865203F
S315000084E0686F7374207061642072616E67652C6CAE
S315000084F0696E65206E6F203A2025640D0A00736C44
S315000085005F73693931785F6770696F5F6472697626
S3150000851065725F7365745F75756C705F6E7073738B
S315000085205F70696E5F6D75783A2070696E206F7244
S31500008530206D6F6465206578636565647320746873
S3150000854065206D6178696D756D20616C6C6F7765FE
S31500008550642C6C696E65206E6F203A2025640D0AC6
S3150000856000736C5F73693931785F6770696F5F6438
S3150000857072697665725F73656C6563745F75756C39
S31500008580705F6E7073735F72656365697665723A64
S315000085902070696E206F72207265636569766572F8
S315000085A0206578636565647320746865206D6178FD
S315000085B0696D756D20616C6C6F7765642C6C696E86
S315000085C065206E6F203A2025640D0A00736C5F6784
S315000085D070696F5F6472697665725F7365745F70E8
S315000085E0696E5F6D6F64653A206770696F206973A5
S315000085F0204E554C4C2C6C696E65206E6F203A20CF
S3150000860025640D0A00736C5F6770696F5F64726939
S315000086107665725F7365745F70696E5F6D6F6465B2
S315000086203A20736C5F6770696F5F76616C6964612D
S3150000863074696F6E206661696C6564207769746819
S31500008640207374617475732030782530346C582C1F
S315000086506C696E65206E6F203A2025640D0A0073E2
S315000086606C5F6770696F5F6472697665725F736568
S31500008670745F70696E5F6D6F64653A206D6F6465D7
S31500008680206F72206F75747075742076616C7565D5
S31500008690206578636565647320746865206D61780C
S315000086A0696D756D20616C6C6F7765642076616CA1
S315000086B07565732C6C696E65206E6F203A20256493
S315000086C00D0A00736C5F6770696F5F7365745F6333
S315000086D06F6E66696775726174696F6E3A2067704E
S315000086E0696F5F76616C69646174696F6E2073741B
S315000086F03D30782530346C582C6C696E65206E6F71
S31500008700203A2025640D0A00736C5F6770696F5FFD
S315000087107365745F636F6E66696775726174696F9E
S315000087206E3A20656E61626C655F686F73745F7028
S3150000873061645F73656C656374696F6E2073743D05
S3150000874030782530346C582C6C696E65206E6F203D
S315000087503A2025640D0A00736C5F6770696F5F735A
S3150000876065745F636F6E66696775726174696F6E53
S315000087703A20656E61626C655F7061645F73656CFB
S31500008780656374696F6E2073743D30782530346C80
S31500008790582C6C696E65206E6F203A2025640D0A90
S315000087A000736C5F6770696F5F7365745F636F6E8C
S315000087B066696775726174696F6E3A20656E61628B
S315000087C06C655F7061645F7265636569766572206A
S315000087D0706F7274412073743D30782530346C5854
S315000087E02C6C696E65206E6F203A2025640D0A0098
S315000087F0736C5F6770696F5F7365745F636F6E66D6
S31500008800696775726174696F6E3A20656E61626C34
S31500008810655F7061645F7265636569766572207312
S31500008820743D30782530346C582C6C696E65206E3A
S315000088306F203A2025640D0A00736C5F6770696FBC
S315000088405F7365745F636F6E66696775726174697D
S315000088506F6E3A207365745F70696E5F6D6F6465E5
S315000088602048502073743D30782530346C582C6C79
S31500008870696E65206E6F203A2025640D0A00736CC0
S315000088805F6770696F5F7365745F636F6E66696754
S3150000889075726174696F6E3A20554C5020656E6131
S315000088A0626C655F7061645F73656C656374696F44
S315000088B06E2073743D30782530346C582C6C696E9C
S315000088C065206E6F203A2025640D0A00736C5F6781
S315000088D070696F5F7365745F636F6E6669677572E3
S315000088E06174696F6E3A20656E61626C655F756C66
S315000088F0705F7061645F7265636569766572207327
S31500008900743D30782530346C582C6C696E65206E59
S315000089106F203A2025640D0A00736C5F6770696FDB
S315000089205F7365745F636F6E66696775726174699C
S315000089306F6E3A207365745F70696E5F6D6F646504
S3150000894020554C502073743D30782530346C582CAB
S315000089506C696E65206E6F203A2025640D0A0073DF
S315000089606C5F6770696F5F7365745F636F6E66696E
S315000089706775726174696F6E3A2075756C705F6E9B
S315000089807073735F72656365697665722073743D93
S3150000899030782530346C582C6C696E65206E6F20EB
S315000089A03A2025640D0A00736C5F6770696F5F7308
S315000089B065745F636F6E66696775726174696F6E01
S315000089C03A2075756C705F6E7073735F70696E5F59
S315000089D06D75782073743D30782530346C582C6C66
S315000089E0696E65206E6F203A2025640D0A00736C4F
S315000089F05F73693931785F6770696F5F6472697632
S31500008A0065725F7365745F736F635F706572695FCC
S31500008A106F6E5F756C705F70696E5F6D6F64653ADF
S31500008A20206770696F206973204E554C4C2C6C6919
S31500008A306E65206E6F203A2025640D0A00736C5F08
S31500008A4073693931785F6770696F5F6472697665DB
S31500008A50725F7365745F736F635F706572695F6F72
S31500008A606E5F756C705F70696E5F6D6F64653A20DE
S31500008A70736C5F6770696F5F76616C696461746956
S31500008A806F6E206661696C6564207769746820730F
S31500008A9074617475732030782530346C582C6C6989
S31500008AA06E65206E6F203A2025640D0A00736C5F98
S31500008AB073693931785F6770696F5F64726976656B
S31500008AC0725F7365745F736F635F706572695F6F02
S31500008AD06E5F756C705F70696E5F6D6F64653A206E
S31500008AE06D6F646520657863656564732074686579
S31500008AF0206D6178696D756D20616C6C6F7765644A
S31500008B002C6C696E65206E6F203A2025640D0A0074
S31500008B10736C5F73693931785F6770696F5F647210
S31500008B20697665725F7365745F756C705F70657288
S31500008B30695F6F6E5F736F635F70696E5F6D6F64A1
S31500008B40653A206770696F206973204E554C4C2C2E
S31500008B506C696E65206E6F203A2025640D0A0073DD
S31500008B606C5F73693931785F6770696F5F647269CA
S31500008B707665725F7365745F756C705F7065726938
S31500008B805F6F6E5F736F635F70696E5F6D6F646555
S31500008B903A20736C5F6770696F5F76616C696461B8
S31500008BA074696F6E206661696C65642077697468A4
S31500008BB0207374617475732030782530346C582CAA
S31500008BC06C696E65206E6F203A2025640D0A00736D
S31500008BD06C5F73693931785F6770696F5F6472695A
S31500008BE07665725F7365745F756C705F70657269C8
S31500008BF05F6F6E5F736F635F70696E5F6D6F6465E5
S31500008C003A206D6F646520657863656564732074CA
S31500008C106865206D6178696D756D20616C6C6F7724
S31500008C2065642C6C696E65206E6F203A2025640D94
S31500008C300A00756C705F74696D65725F636C65615F
S31500008C40725F696E746572727570743A20696E74BB
S31500008C5065727275707420636C65617220666169F5
S31500008C606C65642C6C696E65206E6F203A202564F5
S31500008C700D0A00736C5F73693931785F756C705FCC
S31500008C8074696D65725F636F6E6669677572655F3D
S31500008C90636C6F636B3A2068616E646C65204E5539
S31500008CA04C4C2C6C696E65206E6F203A2025640D45
S31500008CB00A00736C5F73693931785F756C705F7425
S31500008CC0696D65725F636F6E6669677572655F630E
S31500008CD06C6F636B3A636C6B207479706520697393
S31500008CE020696E76616C69642C6C696E65206E6FA6
S31500008CF0203A2025640D0A00736C5F736939317858
S31500008D005F756C705F74696D65725F636F6E6669BF
S31500008D10677572655F636C6F636B3A20636C6B207B
S31500008D2073726320697320696E76616C69642C6C5A
S31500008D30696E65206E6F203A2025640D0A00736CFB
S31500008D405F73693931785F756C705F74696D6572D0
S31500008D505F636F6E6669677572655F636C6F636B81
S31500008D603A206572726F72207374617475733D3048
S31500008D70782530346C582C6C696E65206E6F203AFD
S31500008D802025640D0A00736C5F73693931785F754D
S31500008D906C705F74696D65725F7365745F636F6E27
S31500008DA066696775726174696F6E3A2068616E6490
S31500008DB06C65204E554C4C2C6C696E65206E6F2090
S31500008DC03A2025640D0A00736C5F73693931785F48
S31500008DD0756C705F74696D65725F7365745F636FE0
S31500008DE06E66696775726174696F6E3A2065727234
S31500008DF06F72207374617475733D30782530346CEE
S31500008E00582C6C696E65206E6F203A2025640D0A19
S31500008E1000736C5F73693931785F756C705F746964
S31500008E206D65725F7365745F636F6E666967757291
S31500008E306174696F6E3A2074696D6572206D6F6436
S31500008E406520697320696E76616C69642C6C696E45
S31500008E5065206E6F203A2025640D0A00736C5F73DF
S31500008E60693931785F756C705F74696D65725F73AF
S31500008E7065745F636F6E66696775726174696F6E3C
S31500008E803A20636F756E74657220646972656374E7
S31500008E90696F6E20697320696E76616C69642C6CEB
S31500008EA0696E65206E6F203A2025640D0A00736C8A
S31500008EB05F73693931785F756C705F74696D65725F
S31500008EC05F7365745F636F6E6669677572617469F7
S31500008ED06F6E3A2074696D6572206E756D6265728B
S31500008EE020697320696E76616C69642C6C696E65A5
S31500008EF0206E6F203A2025640D0A00736C5F73693B
S31500008F003931785F756C705F74696D65725F737403
S31500008F106172743A2074696D6572206E756D626552
S31500008F207220697320696E76616C69642C6C696E57
S31500008F3065206E6F203A2025640D0A00736C5F73FE
S31500008F40693931785F756C705F74696D65725F73CE
S31500008F50746F703A2074696D6572206E756D626506
S31500008F607220697320696E76616C69642C6C696E17
S31500008F7065206E6F203A2025640D0A00736C5F73BE
S31500008F80693931785F756C705F74696D65725F728F
S31500008F90656769737465725F74696D656F75745F13
S31500008FA063616C6C6261636B3A206F6E2074696DED
S31500008FB0656F75742063616C6C6261636B20706FA2
S31500008FC0696E746572206973204E554C4C2C6C6921
S31500008FD06E65206E6F203A2025640D0A00736C5F63
S31500008FE073693931785F756C705F74696D65725F2E
S31500008FF072656769737465725F74696D656F7574A0
S315000090005F63616C6C6261636B3A2074696D657253
S31500009010206E756D62657220697320696E76616C6B
S3150000902069642C6C696E65206E6F203A2025640D8C
S315000090300A00736C5F73693931785F756C705F74A1
S31500009040696D65725F72656769737465725F74696D
S315000090506D656F75745F63616C6C6261636B3A20FA
S3150000906074696D657220697320627573792C6C69F9
S315000090706E65206E6F203A2025640D0A00756C70AF
S315000090805F74696D65725F656E61626C655F696E5E
S31500009090746572727570743A20696E746572727551
S315000090A0707420656E61626C65206661696C6564CA
S315000090B02C6C696E65206E6F203A2025640D0A00BF
S315000090C0736C5F73693931785F756C705F74696D45
S315000090D065725F72656769737465725F74696D65E1
S315000090E06F75745F63616C6C6261636B3A2074695F
S315000090F06D657220696E7465727275707420656E26
S3150000910061626C65206661696C65642C6C696E656C
S31500009110206E6F203A2025640D0A00756C705F740E
S31500009120696D65725F64697361626C655F696E74AF
S315000091306572727570743A206572726F72207374FC
S31500009140617475733D30782530346C582C6C696EBB
S3150000915065206E6F203A2025640D0A00756C705FDD
S3150000916074696D65725F64697361626C655F696E6F
S31500009170746572727570743A20696E746572727570
S3150000918070742064697361626C65206661696C65E0
S31500009190642C6C696E65206E6F203A2025640D0A7A
S315000091A000736C5F73693931785F756C705F7469D1
S315000091B06D65725F756E72656769737465725F74EB
S315000091C0696D656F75745F63616C6C6261636B3A40
S315000091D02074696D657220696E746572727570743B
S315000091E02064697361626C65206661696C65642CD4
S315000091F06C696E65206E6F203A2025640D0A007535
S31500009200736172745F7365745F74785F72785F639D
S315000092106F6E66696775726174696F6E3A20686110
S315000092206E646C65204E554C4C2C6C696E65206ED8
S315000092306F203A2025640D0A0075736172745F739E
S3150000924065745F74785F72785F636F6E6669677561
S31500009250726174696F6E3A206572726F72207374F0
S31500009260617475733D30782530346C582C6C696E9A
S3150000927065206E6F203A2025640D0A0075736172B1
S31500009280745F6765745F68616E646C653A207573B8
S3150000929061727420696E7374616E636520697320F0
S315000092A0696E76616C69642C6C696E65206E6F20E0
S315000092B03A2025640D0A00736C5F73693931785F53
S315000092C075736172745F696E69743A2068616E6461
S315000092D06C65204E554C4C2C6C696E65206E6F206B
S315000092E03A2025640D0A00736C5F73693931785F23
S315000092F075736172745F696E69743A207573617211
S315000093007420696E7374616E636520697320616C85
S31500009310726561647920696E697469616C697A65E0
S31500009320642C6C696E65206E6F203A2025640D0AE8
S3150000933000736C5F73693931785F75736172745F3E
S31500009340696E69743A2075736172742068616E641F
S315000093506C6520697320696E76616C69642C6C6932
S315000093606E65206E6F203A2025640D0A00736C5FCF
S3150000937073693931785F75736172745F696E697488
S315000093803A20757361727420696E697469616C69DB
S315000093907A6174696F6E206661696C65642C73749A
S315000093A0617475733D30782530346C582C6C696E59
S315000093B065206E6F203A2025640D0A00736C695F84
S315000093C073693931785F75736172745F7365745F41
S315000093D0706F7765725F6D6F64653A207573617241
S315000093E0742068616E646C6520697320696E7661AD
S315000093F06C69642C6C696E65206E6F203A2025645A
S315000094000D0A00736C695F73693931785F75736132
S3150000941072745F7365745F706F7765725F6D6F648A
S31500009420653A20706F776572206D6F64652073658D
S315000094307474696E67206661696C65642C73746107
S315000094407475733D30782530346C582C6C696E65B4
S31500009450206E6F203A2025640D0A00736C5F7369D5
S315000094603931785F75736172745F6D756C7469708C
S315000094706C655F696E7374616E63655F726567695B
S31500009480737465725F6576656E745F63616C6C623A
S3150000949061636B3A2068616E646C65204E554C4C76
S315000094A02C6C696E65206E6F203A2025640D0A00CB
S315000094B0736C5F73693931785F75736172745F6D50
S315000094C0756C7469706C655F696E7374616E6365E3
S315000094D05F72656769737465725F6576656E745FE2
S315000094E063616C6C6261636B3A206572726F7220A5
S315000094F07374617475733D30782530346C582C6CF8
S31500009500696E65206E6F203A2025640D0A00736C23
S315000095105F73693931785F75736172745F64656909
S315000095206E69743A2068616E646C65204E554C4CC9
S315000095302C6C696E65206E6F203A2025640D0A003A
S31500009540736C5F73693931785F75736172745F64C8
S3150000955065696E69743A2075736172742068616E0C
S31500009560646C6520697320696E76616C69642C6C25
S31500009570696E65206E6F203A2025640D0A00736CB3
S315000095805F73693931785F75736172745F64656999
S315000095906E69743A207573617274206465696E69C8
S315000095A07469616C697A6174696F6E206661696C51
S315000095B065642C7374617475733D30782530346C32
S315000095C0582C6C696E65206E6F203A2025640D0A52
S315000095D000736C695F73693931785F757361727492
S315000095E05F73656E645F646174615F626C6F636B09
S315000095F0696E673A2068616E646C65204E554C4C06
S315000096002C6C696E65206E6F203A2025640D0A0069
S31500009610736C695F73693931785F75736172745FF2
S3150000962073656E645F646174615F626C6F636B69BE
S315000096306E673A206572726F722073746174757307
S315000096403D30782530346C582C6C696E65206E6F11
S31500009650203A2025640D0A00736C5F7369393178EE
S315000096605F75736172745F726563656976655F6461
S315000096706174613A2068616E646C65204E554C4C8D
S315000096802C6C696E65206E6F203A2025640D0A00E9
S31500009690736C5F73693931785F75736172745F7269
S315000096A06563656976655F646174613A20646174B7
S315000096B061206C656E67746820697320302C6C6954
S315000096C06E65206E6F203A2025640D0A00736C5F6C
S315000096D073693931785F75736172745F726563653A
S315000096E06976655F646174613A207573617274208E
S315000096F068616E646C6520697320696E76616C6959
S31500009700642C6C696E65206E6F203A2025640D0A04
S3150000971000736C5F73693931785F75736172745F5A
S31500009720726563656976655F646174613A20646138
S31500009730746120726563656976696E672066616922
S315000097406C65642C7374617475733D3078253034A0
S315000097506C582C6C696E65206E6F203A2025640D5E
S315000097600A00736C695F73693931785F757361726A
S31500009770745F7365745F6E6F6E5F75635F636F6E44
S3150000978066696775726174696F6E3A2068616E64A6
S315000097906C65204E554C4C2C6C696E65206E6F20A6
S315000097A03A2025640D0A00736C695F736939317854
S315000097B05F75736172745F7365745F6E6F6E5F75EC
S315000097C0635F636F6E66696775726174696F6E3A1F
S315000097D02075736172742068616E646C65206F72A7
S315000097E020636F6E74726F6C20636F6E6669677547
S315000097F0726174696F6E206973204E554C4C2C6CE7
S31500009800696E65206E6F203A2025640D0A00736C20
S31500009810695F73693931785F75736172745F7365F7
S31500009820745F6E6F6E5F75635F636F6E6669677593
S31500009830726174696F6E3A20626175642072617438
S31500009840652069732067726561746572207468614A
S315000098506E206D6178206261756420726174652C7A
S315000098606C696E65206E6F203A2025640D0A0073C0
S315000098706C695F73693931785F75736172745F7390
S3150000988065745F6E6F6E5F75635F636F6E66696743
S3150000989075726174696F6E3A20747820616E642007
S315000098A0727820636F6E66696775726174696F6E30
S315000098B0206661696C65642C7374617475733D30E0
S315000098C0782530346C582C6C696E65206E6F203AA2
S315000098D02025640D0A00736C695F73693931785FFE
S315000098E075736172745F7365745F6E6F6E5F7563B7
S315000098F05F636F6E66696775726174696F6E3A2031
S31500009900757361727420636F6E74726F6C2066611A
S31500009910696C65642C7374617475733D3078253099
S31500009920346C582C6C696E65206E6F203A20256465
S315000099300D0A00417373657274206661696C656413
S315000099403A2066696C65202573206F6E206C696EFF
S3150000995065202575200D0A00433A2F5573657273ED
S315000099602F41646D696E2F53696D706C69636974FC
S315000099707953747564696F2F76365F776F726B7380
S31500009980706163652F776966695F656D626564649A
S3150000999065645F6D7174745F636C69656E745F7323
S315000099A06F632F77697365636F6E6E656374335F7C
S315000099B073646B5F342E312E302F636F6D706F6E54
S315000099C0656E74732F6465766963652F73696C6160
S315000099D062732F73693931782F6D63752F647269DD
S315000099E0766572732F756E69666965645F706572F8
S315000099F06970686572616C5F647269766572732FEF
S31500009A007372632F736C5F73693931785F70657237
S31500009A106970686572616C5F6770696F2E63004379
S31500009A203A2F55736572732F41646D696E2F5369B2
S31500009A306D706C696369747953747564696F2F7698
S31500009A40365F776F726B73706163652F77696669CE
S31500009A505F656D6265646465645F6D7174745F6390
S31500009A606C69656E745F736F632F77697365636F77
S31500009A706E6E656374335F73646B5F342E312E30A4
S31500009A802F636F6D706F6E656E74732F6465766984
S31500009A9063652F73696C6162732F73693931782F2F
S31500009AA06D63752F647269766572732F756E69665C
S31500009AB06965645F7065726970686572616C5F6420
S31500009AC07269766572732F696E632F736C5F736943
S31500009AD03931785F7065726970686572616C5F674D
S31500009AE070696F2E68000D0A20494E56414C494454
S31500009AF020494E54455252555054200D0A000D0A25
S31500009B00544120697320696E20616374697665200B
S31500009B1073746174650D0A000D0A2052582042754F
S31500009B2066666572207375626D697373696F6E2000
S31500009B306661696C65642077697468207374617402
S31500009B4075733A202564200D0A004661696C6564C8
S31500009B5020746F2077616B65207570205349393109
S31500009B605820646576696365000D0A204255535F87
S31500009B7057524954455F4552524F52200D0A0049EB
S31500009B806E76616C6964206669726D7761726520B4
S31500009B9071756575652049443A2025750048414C24
S31500009BA020746872656164207465726D696E617493
S31500009BB0696F6E206576656E742072656365697679
S31500009BC06564004661696C656420746F2073756214
S31500009BD06D6974205258206275666665720043721C
S31500009BE0656174696F6E206F662048414C2065760A
S31500009BF0656E7420666C616773206661696C656466
S31500009C000068616C5F73693931780043726561740D
S31500009C10696F6E206F662048414C207468726561DA
S31500009C2064206661696C6564004576656E742066BD
S31500009C306C61677320736574206661696C65642066
S31500009C40776974682073746174757320256C750068
S31500009C504576656E7420666C6167732077616974FA
S31500009C60206661696C656420776974682073746125
S31500009C7074757320256C75004576656E7420666C68
S31500009C8061677320776169742072657475726E6599
S31500009C906420756E657870656374656420657665A5
S31500009CA06E7420666C6167733A203078256C750097
S31500009CB0546872656164207465726D696E61746959
S31500009CC06F6E206661696C656420776974682073BD
S31500009CD07461747573202564005761726E696E67CE
S31500009CE03A204661696C656420746F207365742040
S31500009CF074687265616420666C61677320666F7252
S31500009D002073796E6320726573706F6E73650D0ACA
S31500009D10005761726E696E673A204661696C6564C8
S31500009D2020746F20736574206576656E7420666C8A
S31500009D3061677320666F722073796E632072657334
S31500009D40706F6E73650D0A005761726E696E673AC1
S31500009D50204661696C656420746F207365742065A4
S31500009D6076656E7420666C61677320666F72207309
S31500009D706F636B657420666C7573682072657370AB
S31500009D806F6E73650D0A004950434F4E4656362096
S31500009D906661696C20666C757368206672616D65B4
S31500009DA05F7374617475733D307825580044495368
S31500009DB0434F4E4E45435420636C69656E7420666E
S31500009DC06C7573680041505F53544F5020666C7534
S31500009DD0736820736F636B6574730052656365699E
S31500009DE0766564204D5154542072656D6F746520FC
S31500009DF07465726D696E6174652C20666C75736826
S31500009E00696E672074686520717565756573200DC8
S31500009E100A004661696C656420746F20656E717511
S31500009E2065756520646973636F6E6E65637420651E
S31500009E3076656E7420666F72206175746F2D6A6F19
S31500009E40696E2072657472790D0A005761726E69C7
S31500009E506E673A204661696C656420746F2073658D
S31500009E6074206576656E7420666C61677320666F14
S31500009E7072204341524452454144592072657370E1
S31500009E806F6E73650D0A005265676973746572209B
S31500009E904E57505F4C4F47206661696C65642030B1
S31500009EA078256C5800536F636B657420696E69740E
S31500009EB03A206D75746578206372656174696F6E9A
S31500009EC0206661696C65640D0A00536F636B657487
S31500009ED020696E69743A20736F636B6574206576CA
S31500009EE0656E7420666C6167732063726561746960
S31500009EF06F6E206661696C65640D0A00536F636B53
S31500009F00657420696E69743A2073656C65637420A4
S31500009F106576656E7420666C616773206372656131
S31500009F2074696F6E206661696C65640D0A00536F13
S31500009F30636B657420696E69743A2073656C65633A
S31500009F40742072657175657374207461626C652026
S31500009F50616C6C6F636174696F6E206661696C65B4
S31500009F60640D0A0053656C6563743A2066645F731A
S31500009F706574206D616C6C6F63206661696C6564E5
S31500009F800D0A000D0A2048454150204558484155C4
S31500009F905354454420445552494E4720414C4C4F5A
S31500009FA0434154494F4E200D0A000D0A20484541B1
S31500009FB0502045584841555354454420445552492C
S31500009FC04E47204D4554414441544120414C4C4F4D
S31500009FD0434154494F4E200D0A0044617461206587
S31500009FE076656E743A206D65746164617461206192
S31500009FF06C6C6F636174696F6E206661696C656411
S3150000A0000D0A000D0A20313630204D487A20636C47
S3150000A0106F636B206973206E6F7420737570706F39
S3150000A0207274656420696E20636F6578206D6F6455
S3150000A030652E2046616C6C696E67206261636B20D9
S3150000A040746F20313230204D487A2E0D0A000D0AE9
S3150000A0506576656E745F656E67696E655F74687256
S3150000A0606561645F7072696F726974793A20256CF4
S3150000A070752C2068616C5F7468726561645F7072CC
S3150000A080696F726974793A20256C752C20636F6D3F
S3150000A0906D616E645F656E67696E655F7468726533
S3150000A0A061645F7072696F726974793A20256C75A4
S3150000A0B00D0A546872656164207072696F72697402
S3150000A0C079206F7264657220697320636F7272659E
S3150000A0D06374200D0A000D0A6576656E745F656E01
S3150000A0E067696E655F7468726561645F7072696FD7
S3150000A0F0726974793A20256C752C2068616C5F74DE
S3150000A10068726561645F7072696F726974793A200A
S3150000A110256C752C20636F6D6D616E645F656E676F
S3150000A120696E655F7468726561645F7072696F728B
S3150000A1306974793A20256C75457870656374656431
S3150000A140206F72646572206973204576656E74208F
S3150000A150656E67696E65203E2048414C203E20436F
S3150000A1606F6D6D616E6420656E67696E650D0A00C0
S3150000A1700D0A54696D657374616D70204D656D6F60
S3150000A1807279204C6F636174696F6E20436F6E66DF
S3150000A190696775726174696F6E204661696C656482
S3150000A1A02077697468206572726F723A203078255C
S3150000A1B06C580D0A000D0A4E5750204C6F6720430D
S3150000A1C06F6E66696775726174696F6E2046616944
S3150000A1D06C65642077697468206572726F723A20C4
S3150000A1E03078256C580D0A004D51545420636C6923
S3150000A1F0656E7420696E7374616E6365206E6F742C
S3150000A20020696E697469616C697A65642079657420
S3150000A2100D0A002F000D0A574C414E2064697363E6
S3150000A2206F6E6E65637465642E204E6F206E656575
S3150000A2306420746F2063616C6C20746865206469A7
S3150000A24073636F6E6E65637420616761696E2E0D50
S3150000A2500A004661696C656420746F2064697363E3
S3150000A2606F6E6E6563742074686520636C69656ED5
S3150000A27074206166746572206661696C656420632A
S3150000A2806F6E6E656374696F6E20617474656D7050
S3150000A290742E2055736572206E6565647320746F25
S3150000A2A02063616C6C20646973636F6E6E656374A2
S3150000A2B0206578706C696369746C792E004D515411
S3150000A2C054206D6573736167652072656365697691
S3150000A2D065642077697468206572726F7220737482
S3150000A2E0617475733A203078256C582C2064726F2F
S3150000A2F07070696E67206D65737361676500556E72
S3150000A30061626C6520746F2066696E642073756285
S3150000A310736372697074696F6E3A2044726F7070FD
S3150000A320696E67207265617373656D626C65642022
S3150000A3304D515454206D65737361676500556E61A8
S3150000A340626C6520746F2066696E64207375627333
S3150000A3506372697074696F6E3A2044726F707069C7
S3150000A3606E67204D515454206D6573736167652087
S3150000A37068616E646C696E67004D51545420726555
S3150000A380617373656D626C793A20496E76616C69AA
S3150000A3906420746F74616C5F6C656E6774682028E6
S3150000A3A030292077697468204D4F52455F444154E7
S3150000A3B041202D206669726D776172652065727223
S3150000A3C06F72004D515454207265617373656D62EE
S3150000A3D06C793A204669727374206368756E6B20D7
S3150000A3E02575206578636565647320746F74616C88
S3150000A3F020256C75202D206669726D776172652047
S3150000A4006572726F72004D51545420726561737398
S3150000A410656D626C793A204661696C656420746F7B
S3150000A42020616C6C6F636174652062756666657227
S3150000A430206F6620256C752062797465730046610D
S3150000A440696C656420746F20646973636F6E6E65F2
S3150000A45063742061667465722072656D6F74652021
S3150000A4607465726D696E6174696F6E3B2063616CB1
S3150000A4706C20646973636F6E6E65637420657870B3
S3150000A4806C696369746C79005761726E696E673ABC
S3150000A490204661696C656420746F20636C65616E2B
S3150000A4A07570207265717565737420717565756553
S3150000A4B020647572696E6720696E697420666169C9
S3150000A4C06C7572650D0A005761726E696E673A2087
S3150000A4D04661696C656420746F20636C65616E7596
S3150000A4E07020726573706F6E736520666C6167733A
S3150000A4F020647572696E6720696E69742066616989
S3150000A5006C7572650D0A00496E76616C696420533C
S3150000A510534944206C656E6774683A2025640A00C6
S3150000A5204D69736D61746368206265747765656EE5
S3150000A53020736563757269747920616E6420637235
S3150000A5406564656E7469616C5F69640D0A004661D5
S3150000A550696C656420746F20637265617465206E32
S3150000A5606574776F726B206D616E616765722072BC
S3150000A5706571756573742071756575652E0D0A00B4
S3150000A5804661696C656420746F20637265617465E9
S3150000A590206E6574776F726B206D616E6167657290
S3150000A5A020726573706F6E736520666C6167732EBB
S3150000A5B00D0A004661696C656420746F20637265DC
S3150000A5C0617465206175746F2D6A6F696E2072659E
S3150000A5D07472792074696D65722E0D0A0046616980
S3150000A5E06C656420746F20637265617465206E65A6
S3150000A5F074776F726B206D616E6167657220746827
S3150000A600726561642E0D0A004661696C656420748A
S3150000A6106F2073656E64207468726561642074656A
S3150000A620726D696E617465206576656E7420746FEF
S3150000A630206E6574776F726B206D616E61676572EF
S3150000A6403A2025640D0A006F734576656E74466C74
S3150000A65061677357616974206661696C656420641B
S3150000A6607572696E67206E6574776F726B206D61A7
S3150000A6706E61676572206465696E69740D0A0046CD
S3150000A68061696C656420746F2072656365697665BF
S3150000A69020746872656164207465726D696E617498
S3150000A6A0652061636B6E6F776C6564676D656E744C
S3150000A6B00D0A004661696C656420746F20746572CA
S3150000A6C06D696E617465206E6574776F726B206D4F
S3150000A6D0616E61676572207468726561640D0A0057
S3150000A6E04661696C656420746F2064656C65746589
S3150000A6F0206E6574776F726B206D616E616765722F
S3150000A70020726571756573742071756575650D0ABE
S3150000A710004661696C656420746F2064656C6574BD
S3150000A72065206E6574776F726B206D616E6167650B
S3150000A7307220726573706F6E736520666C616773E5
S3150000A7400D0A004661696C656420746F2064656C4F
S3150000A750657465206175746F2D6A6F696E20726508
S3150000A7607472792074696D65720D0A00737563637E
S3150000A770657373006661696C757265004661696C24
S3150000A780656420746F206765742064656661756C06
S3150000A790742057692D466920636C69656E74207054
S3150000A7A0726F66696C652E0D0A004661696C656498
S3150000A7B020746F207369676E616C206175746F2DEC
S3150000A7C06A6F696E206661696C7572652041434BDC
S3150000A7D00D0A004661696C656420746F20696E69B4
S3150000A7E074696174652057692D466920636F6E6EC2
S3150000A7F0656374696F6E3A203078256C780D0A00AF
S3150000A8004661696C656420746F20636F6E66696764
S3150000A81075726520495020616464726573732066A1
S3150000A8206F722057692D466920636C69656E7420C6
S3150000A830696E746572666163653A203078256C7856
S3150000A8402C205641502049443A2025640A0046618E
S3150000A850696C656420746F207365742057692D4692
S3150000A8606920636C69656E742070726F66696C65C9
S3150000A8702E0D0A004661696C656420746F20676559
S3150000A880742057692D466920636C69656E74207063
S3150000A890726F66696C653A203078256C780D0A000F
S3150000A8A0556E737570706F7274656420696E746529
S3150000A8B0726661636520666F72206173796E6320CC
S3150000A8C075703A2025640D0A000D0A205465726DD4
S3150000A8D0696E6174696E67206E6574776F726B203E
S3150000A8E06D616E61676572207468726561640D0AD8
S3150000A8F000556E6B6E6F776E206576656E7420669A
S3150000A9006C61672072656365697665642061742091
S3150000A9104E57204D616E616765723A203078256C1E
S3150000A920780D0A00736C695F6E6574776F726B5F82
S3150000A9306D616E616765725F726573706F6E736568
S3150000A9405F666C61677300736C695F6E6574776FC1
S3150000A950726B5F6D616E616765725F726571756559
S3150000A96073745F7175657565006E6574776F726B6C
S3150000A9705F6D616E616765720050534B3A20496E98
S3150000A98076616C69642063726564656E7469616C76
S3150000A990206C656E6774683A20256C640D0A005059
S3150000A9A04D4B3A20496E76616C696420637265642A
S3150000A9B0656E7469616C206C656E6774683A2025F3
S3150000A9C06C640D0A0054582041434B206465717530
S3150000A9D0657565206661696C65640054582041435D
S3150000A9E04B20666F72204641494C45442070616396
S3150000A9F06B6574202D2073656E64696E67206572C1
S3150000AA00726F72206576656E74203A20256C75002B
S3150000AA104661696C656420746F206765742064798B
S3150000AA206E616D6963207061636B657420696E6623
S3150000AA306F203A20256C75004661696C6564207448
S3150000AA406F2072656D6F7665206E6F646520667225
S3150000AA506F6D20696E666C69676874207061636BE0
S3150000AA60657420717565756500556E6964656E74EB
S3150000AA706966696564205061636B65740D0A0055EB
S3150000AA806E6964656E746966696564205061636B9E
S3150000AA90657420696E666F0D0A00525820706163F6
S3150000AAA06B65742068616E646C6572206572726F86
S3150000AAB0720D0A004173796E6320656E7175657556
S3150000AAC065206661696C6564203A20256C750047CF
S3150000AAD06F74206572726F72207768696C65206486
S3150000AAE0657175657565696E67207061636B657400
S3150000AAF0206D65746164617461203A20256C75006F
S3150000AB005061636B65742074696D65646F7574203C
S3150000AB106166746572203A20256C750D0A004661DF
S3150000AB20696C656420746F207465726D696E6174FA
S3150000AB306520636F6D6D616E6420656E67696E6515
S3150000AB4020746872656164206166746572203320C2
S3150000AB5072657472696573006576656E7420656EDC
S3150000AB6067696E650068616E646C652D3E74616927
S3150000AB706C203D3D204E554C4C00433A2F55736595
S3150000AB8072732F41646D696E2F53696D706C6963C2
S3150000AB9069747953747564696F2F76365F776F724F
S3150000ABA06B73706163652F776966695F656D626552
S3150000ABB0646465645F6D7174745F636C69656E74FB
S3150000ABC05F736F632F77697365636F6E6E6563740A
S3150000ABD0335F73646B5F342E312E302F636F6D706D
S3150000ABE06F6E656E74732F736C695F7175657565CD
S3150000ABF05F6D616E616765722F7372632F736C6927
S3150000AC005F71756575655F6D616E616765722E63EF
S3150000AC100054544C53004641535400504541500093
S3150000AC2050454150534146453100504541505341EE
S3150000AC30464532004C4541500022617574683D4DD1
S3150000AC405343484150563222005553200045552063
S3150000AC50004A5020004B52200053472000434E200C
S3150000AC60002C2066756E6374696F6E3A20006173FE
S3150000AC7073657274696F6E2022257322206661697E
S3150000AC806C65643A2066696C6520222573222C2047
S3150000AC906C696E65202564257325730A00494E4646
S3150000ACA000696E66004E414E006E616E00303132B4
S3150000ACB0333435363738394142434445460030311E
S3150000ACC03233343536373839616263646566004934
S3150000ACD06E66696E697479004E614E005245454E46
S3150000ACE054206D616C6C6F63207375636365656476
S3150000ACF06564002F6F70742F6A656E6B696E732FB3
S3150000AD006A656E6B696E732D776F726B65722F77DE
S3150000AD106F726B73706163652F746573742D6275E2
S3150000AD20696C642D61726D6763632D746F6F6C63FC
S3150000AD306861696E2F61726D6763632D72656275F6
S3150000AD40696C642D693638362F7372632F6E65779A
S3150000AD506C69622D63796777696E2F6E65776C69AA
S3150000AD60622F6C6962632F7374646C69622F6474FA
S3150000AD706F612E630042616C6C6F63207375636351
S3150000AD806565646564002F6F70742F6A656E6B6904
S3150000AD906E732F6A656E6B696E732D776F726B6556
S3150000ADA0722F776F726B73706163652F746573743E
S3150000ADB02D6275696C642D61726D6763632D746FA6
S3150000ADC06F6C636861696E2F61726D6763632D7264
S3150000ADD0656275696C642D693638362F7372632F18
S3150000ADE06E65776C69622D63796777696E2F6E651C
S3150000ADF0776C69622F6C6962632F7374646C696225
S3150000AE002F6D707265632E6300232D302B20006832
S3150000AE106C4C00656667454647004300504F5349F2
S3150000AE20580000003700000031000000000000005C
S3150000AE30000000000000000006000000040500807D
S3150000AE4000000080004050280000000000A10260C1
S3150000AE5000000000000000000000000000000000EC
S3150000AE6000000000277C2008000000000000000011
S3150000AE700000000000000000000C000008000000B8
S3150000AE800000000000000000B4000A0300000000FB
S3150000AE9000000000010000000000000000000000AB
S3150000AEA0000000000000000000000000000000009C
S3150000AEB0000000007C4501002000000000000000AA
S3150000AEC00000000000000000D44501005000000012
S3150000AED0A5E52008D5E52008D9EA20085DEA20087E
S3150000AEE025EA2008ADE92008D5E82008F1E7200882
S3150000AEF03DE7200819E72008CDE6200859E6200896
S3150000AF0035E6200811E62008A5E52008C9E5200851
S3150000AF10A9EA20084DEA20080DEA200865E920087C
S3150000AF208DE820089DE7200831E720080DE7200876
S3150000AF3099E620084DE6200829E6200805E62008BF
S3150000AF40A5E52008BDE5200879EA20083DEA2008A5
S3150000AF50F5E920081DE9200845E8200849E720080A
S3150000AF6025E7200801E7200865E6200841E62008D5
S3150000AF701DE62008F9E52008004A03000041030009
S3150000AF8000490300004B0300000A0605000B0606F5
S3150000AF900006060100070602002F020B0030020C15
S3150000AFA00009020400060201001D0200001E020044
S3150000AFB00008020302020A0203010100FFFFFFFF6D
S3150000AFC00100000000010400010000000001000172
S3150000AFD00002030001000000000101000000000063
S3150000AFE0000000000000000000000000000000005B
S3150000AFF00000000000000000000000002823000000
S3150000B000000000000000000000000000000000003A
S3150000B010000000000000000000000000000000002A
S3150000B020000000000000000000000000000000001A
S3150000B030000000000000000000000000000000000A
S3150000B04000000000000000000000000000000000FA
S3150000B05000000000000000000000000000000000EA
S3150000B06000000000000000000000000000000000DA
S3150000B07000000000000000000000000000000000CA
S3150000B08000000000000000000000000000000000BA
S3150000B09000000000000000000000000000000000AA
S3150000B0A0000000000000000000000000000000009A
S3150000B0B0000000000000000000000000000000008A
S3150000B0C0000000000000000000000000000000007A
S3150000B0D00000000000000000000000000100000069
S3150000B0E0000000000000000000000000000000005A
S3150000B0F0000000000000000000000000000000004A
S3150000B1000000000000000000000000000000000039
S3150000B1100000000000000000000000000000000029
S3150000B1200000000000000000000000000000000019
S3150000B1300000000000000000000000000000000009
S3150000B14000000000000000000000000000000000F9
S3150000B15000000000000000000000000000000000E9
S3150000B16000000000000000000000000000000000D9
S3150000B170000000000000000000000000010116179A
S3150000B18018191A1B1C1D1E1F20210000000000009C
S3150000B1900102030405060700000800000000000085
S3150000B1A0000000191A1B1C1D1E09090909000000D0
S3150000B1B000000000000000000A0B0C0D0E0F10111D
S3150000B1C012131415000000000000161718191A1B98
S3150000B1D01C1D1E1F202102030405212121212121DE
S3150000B1E0282401210F070401000600060A0E0500A7
S3150000B1F005090D006D21000000000000010000009F
S3150000B200E856010001000000E456010001000000BC
S3150000B210DC550100000004005C5601006D210000B1
S3150000B2200000000001000000F856010002000000C6
S3150000B230E456010001000000EC5501000000040086
S3150000B2405C5601006D2100000000000001000000B6
S3150000B2500857010004000000E45601000100000048
S3150000B260FC550100000004005C5601006D21000041
S3150000B270000000000100030018570100080000004C
S3150000B280E4560100010000000C5601000000040015
S3150000B2905C5601006D210000000000000100000066
S3150000B2A02857010010000000E456010001000000CC
S3150000B2B01C560100000004005C5601004B194B07A8
S3150000B2C00700000001002A096806000004000000CB
S3150000B2D06806000004000000680600000400000084
S3150000B2E0300000000A000000300000000A000000E4
S3150000B2F06806000000000000680600000A00000062
S3150000B300680600000000000068060000000000005B
S3150000B31008000000140000005A600100010000004F
S3150000B320010000000100000059600100010000005A
S3150000B330010000005860010001000000010000004B
S3150000B340010000000100000001000000576001003C
S3150000B35056600100010000005560010054600100C4
S3150000B3600100000052600100010000005160010070
S3150000B3701A0000000F000000190000000200000083
S3150000B3802100000007000000000000000004010981
S3150000B3900203000031000000000000000001000070
S3150000B3A00600000001000000100000800000008080
S3150000B3B00000502000000000000000000000000017
S3150000B3C00000000000000000000000000000000077
S3150000B3D03100000000000000000100000000000035
S3150000B3E081000000040D0880000000800000502845
S3150000B3F00000000000A100000000000000000000A6
S3150000B4000000000000000000000000004D595F41F0
S3150000B410505F535349440000000000000000000044
S3150000B4200000000000000000000000000A0002000A
S3150000B4300400000000000600030000000300640092
S3150000B440FF000000030003000001000001040000EB
S3150000B45000000000C0A80A0AC0A80A0AFFFFFF00F1
S3150000B46000000000000000000000000000000000D6
S3150000B47000000000000000000000000000000000C6
S3150000B48000000000000000000000000000000000B6
S3150000B4900000000000000000000000004749544181
S3150000B4A04D00000000000000000000000000000049
S3150000B4B00000000000000000000000000500050973
S3150000B4C00D00000024B92008000000000000000064
S3150000B4D00000000047B9200800000000000000003E
S3150000B4E000000000000000000000000069B920080C
S3150000B4F00000000000000000000000000000000046
S3150000B500000C000018000000000000000000000011
S3150000B510736C695F71756575655F6D616E61676591
S3150000B520725F666C7573685F717565756500736CBF
S3150000B530695F71756575655F6D616E616765725F7F
S3150000B54072656D6F76655F6E6F64655F66726F6D4F
S3150000B5505F717565756500736C695F717565756595
S3150000B5605F6D616E616765725F646571756575654E
S3150000B5705F6E6F646500736C695F71756575655F95
S3150000B5806D616E616765725F656E71756575655F24
S3150000B5906E6F646500000FAC002020202020202064
S3150000B5A0202028282828282020202020202020206D
S3150000B5B0202020202020202020881010101010107D
S3150000B5C010101010101010101004040404040404C9
S3150000B5D00404041010101010101041414141414163
S3150000B5E00101010101010101010101010101010145
S3150000B5F00101010110101010101042424242424255
S3150000B6000202020202020202020202020202020214
S3150000B61002020202101010102000000000000000BC
S3150000B6200000000000000000000000000000000014
S3150000B6300000000000000000000000000000000004
S3150000B64000000000000000000000000000000000F4
S3150000B65000000000000000000000000000000000E4
S3150000B66000000000000000000000000000000000D4
S3150000B67000000000000000000000000000000000C4
S3150000B68000000000000000000000000000000000B4
S3150000B690000000000000000000000000050000009F
S3150000B6A0190000007D0000000080E03779C34143A7
S3150000B6B0176E05B5B5B89346F5F93FE9034F384D12
S3150000B6C0321D30F94877825A3CBF737FDD4F1575BE
S3150000B6D0000000000000F03F0000000000002440D1
S3150000B6E000000000000059400000000000408F40AC
S3150000B6F0000000000088C34000000000006AF84017
S3150000B7000000000080842E4100000000D01263413A
S3150000B7100000000084D797410000000065CDCD41B0
S3150000B720000000205FA00242000000E87648374291
S3150000B730000000A2941A6D42000040E59C30A2422F
S3150000B7400000901EC4BCD64200003426F56B0C43A4
S3150000B7500080E03779C3414300A0D885573476434B
S3150000B76000C84E676DC1AB43003D9160E458E143AC
S3150000B770408CB5781DAF154450EFE2D6E41A4B4421
S3150000B78092D54D06CFF08044F64AE1C7022DB54466
S3150000B790B49DD9794378EA44FFFFFFFFFFFFFFFF1F
S3150000B7A010B50B4C0B4BA36001F0A2FD01F0B2FDEE
S3150000B7B001F0C2FD084BA1684FF4B672184613F0AB
S3150000B7C0A5FAA06001F07CFEBDE8104011F0DDBBDB
S3150000B7D000ED00E000202008005A000000000000F4
S3150000B7E001F0FF01102A2BDB10F0070F08D010F82C
S3150000B7F0013B013A8B422DD010F0070F42B3F6D130
S3150000B800F0B441EA012141EA014122F007047FF048
S3150000B81000070023F0E80256083C85EA010586EA9F
S3150000B820010685FA47F5A3FA87F586FA47F6A5FADB
S3150000B83087F68EB9EED1F0BC01F0FF0102F00702E7
S3150000B84032B110F8013B013A83EA010313B1F8D192
S3150000B8500020704701387047002D06BF3546033873
S3150000B860073815F0010F07D1013015F4807F02BFAC
S3150000B870013015F4C03F0130F0BC0138704700BFFD
S3150000B8802DE9F04F164699B0C269259C1F46CDE9B1
S3150000B8900E67814682B910200FF05EFE0246C9F897
S3150000B8A01C0020B9A84BEF21A8480FF02FFE00235B
S3150000B8B0C0E901330360C360116859B152684A6038
S3150000B8C0012393408B60484610F0D2FCD9F81C3017
S3150000B8D000221A60B7F10008B5BF012300232360D8
S3150000B8E023609B4BBCBF28F00048CDF83C8033EA70
S3150000B8F008031AD1249AC8F3130842F20F7358EAC0
S3150000B9000608136000F06B85269B53B9914B21E026
S3150000B910914B03930833269A1360039819B0BDE838
S3150000B920F08F8C4B03930333F5E79DED0E7B0022DE
S3150000B93051EC170B00238DED0A7B0FF0FFFB8246BF
S3150000B94050B1249A01231360269B13B1269A834B88
S3150000B9501360834B0393E0E716AB019317AB009399
S3150000B9604846DDE90A2310F00DFF5FEA1854169DDC
S3150000B970049079D00B9BCDF850A0C3F31303DDE9F7
S3150000B9800A0143F07F5343F44013A4F2FF341946EF
S3150000B9900022744B0EF0B2FF65A3D3E900230FF02B
S3150000B9A065F965A3D3E900230EF0AAFF06462046F3
S3150000B9B00F460FF0F1F862A3D3E900230FF056F912
S3150000B9C002460B46304639460EF09AFF06460F46AB
S3150000B9D011F0A4F9002280460023304639460FF0C4
S3150000B9E0B7FB48B140460FF0D7F832463B460FF05A
S3150000B9F0A5FB08B908F1FF38B8F1160F51D85A4B14
S3150000BA0003EBC803D3E90023DDE90A010FF0A0FB2D
S3150000BA10002848D008F1FF38002311932D1B6B1E18
S3150000BA20099343BF0023C5F1010709930027B8F125
S3150000BA30000F3ADB099BCDF840804344099300236D
S3150000BA400C93229B092B64D8052BC4BF043B22937D
S3150000BA50229BA3F10203CCBF00240124032B64D84C
S3150000BA60DFE803F05355362B179C2C4404F232437F
S3150000BA70202BC1BFC3F1400308FA03F804F21243B6
S3150000BA8026FA03F3D6BFC3F1200348EA030006FAF9
S3150000BA9003F00FF071F80122A1F1F873013C149242
S3150000BAA075E70123B9E71190B8E7C8F100030C93D5
S3150000BAB00023A7EB08071093C3E701230D93239BED
S3150000BAC0434408930133012B0593B8BF012306E0D5
S3150000BAD001230D93239B002B4ADD08930593D9F888
S3150000BAE01C000021042202F114059D4201F1010609
S3150000BAF043D94160484610F07DFB039000283FD1B2
S3150000BB001A4B024640F2AF11CEE60023E1E70023CE
S3150000BB10D4E70124002322930D944FF0FF330893BA
S3150000BB200593002212232392D9E701230D93F4E70C
S3150000BB3061436F63A787D23FB3C8608B288AC63F2D
S3150000BB40FB799F501344D33FDCBC2008F3BC20088C
S3150000BB500000F07FD8BC2008CFBC2008B6772008AC
S3150000BB60B57720080000F83FD0C6200875BD20082C
S3150000BB700123089305931A46D5E752003146B2E7EA
S3150000BB80D9F81C30039A1A60059B0E2B00F2A1808F
S3150000BB90002C00F09E80B8F1000F36DD9E4B08F0B9
S3150000BBA00F0203EBC20318F4807FD3E900AB4FEA20
S3150000BBB0281516D0994BDDE90A01D3E908230FF0C1
S3150000BBC07FF9CDE9060105F00F050324934E75B9FB
S3150000BBD0DDE9060152465B460FF072F982468B4656
S3150000BBE02DE09DED0A7B02248DED067BEEE7E9074D
S3150000BBF008D550465946D6E900230FF037F80134E8
S3150000BC0082468B466D100836E1E700F0AD80C8F13C
S3150000BC100005814B814E05F00F0203EBC203D3E909
S3150000BC200023DDE90A010FF021F82D1182468B462B
S3150000BC3000230224002D40F08C80002BCED1119BD6
S3150000BC40002B00F09580764B0022504659460FF0A7
S3150000BC507FFA002800F08C80059B002B00F088807E
S3150000BC60089B002B35DD08F1FF33069350465946F5
S3150000BC706C4B00220EF0FAFF089E82468B4601347A
S3150000BC8020460EF089FF52465B460EF0EFFF664BEC
S3150000BC9000220EF035FE0446A1F15075CDE912459D
S3150000BCA0002E69D1614B0022504659460EF026FE01
S3150000BCB022462B4682468B460FF068FA002840F053
S3150000BCC09482224605F10043504659460FF040FA49
S3150000BCD020BB179B002BC0F26081B8F10E0F00F35A
S3150000BCE05C814D4B03EBC803D3E900AB239B002BD0
S3150000BCF080F2EE80059B002B00F3EA800ED14B4BC1
S3150000BD000022504659460EF0B1FF02460B46DDE9C9
S3150000BD100A010FF027FA002800F06A8200252C4657
S3150000BD20239B039EDB430693274600242946484669
S3150000BD3010F09EFA002F00F0C1802CB1BC4203D057
S3150000BD402146484610F094FA3946484610F090FAD3
S3150000BD50B4E0EA0705D5D6E900230EF087FF0134E3
S3150000BD6001236D10083665E7DDE90AAB022466E7B4
S3150000BD70059ECDF8188083E7274B03EBC60353E9EE
S3150000BD8002010D9B002B55D002460B460020284988
S3150000BD900FF096F8DDE912230EF0B0FD039BCDE916
S3150000BDA012019D191E465946504610F0B7FF04462B
S3150000BDB00EF0F2FE02460B46504659460EF09EFD28
S3150000BDC03034DDE9122306F8014B82468B460FF02C
S3150000BDD0BFF9002872D152465B46114900200EF089
S3150000BDE08DFDDDE912230FF0B3F9002840F0B6808F
S3150000BDF0AE423FF46EAFDDE912010A4B00220EF0AF
S3150000BE0035FF084BCDE912010022504659460EF087
S3150000BE102DFF82468B46C6E7D0C62008A8C6200856
S3150000BE200000F03F0000244000001C4000001440C9
S3150000BE300000E03FDDE912230EF018FF039B039D8F
S3150000BE40CDE91201334415935946504610F066FF6A
S3150000BE5004460EF0A1FE30340B46024659465046C3
S3150000BE600EF04CFD05F8014B159B9D4282468B4614
S3150000BE7027D1039B0022DDE912011E44B34B0EF0CD
S3150000BE803FFD02460B46504659460FF07FF9002803
S3150000BE9064D1DDE91223AD4900200EF02FFD0246E4
S3150000BEA00B46504659460FF053F900283FF411AFA0
S3150000BEB0334616F8012D302AFAD01E46DDF81880D2
S3150000BEC03AE0A34B00220EF0D1FE82468B46BBE73A
S3150000BED0039E52465B46DDE90A010EF0F1FF10F0C3
S3150000BEE01DFF07460EF058FE52465B460EF0BEFE9C
S3150000BEF002460B46DDE90A010EF000FD07F1300CA3
S3150000BF00039C06F801CBA6EB040C059C644502468F
S3150000BF100B4633D10EF0F4FC52465B4604460D4602
S3150000BF200FF034F9C0B952465B46204629460FF059
S3150000BF3005F908B1FB070FD40499484610F098F9A3
S3150000BF400023249A337008F101031360269B002B0B
S3150000BF503FF4E3AC1E60E0E4CDF8188033461E469D
S3150000BF6013F8012D392A06D1039A9A42F7D1069A77
S3150000BF7001320692302201321A709FE7744B00227A
S3150000BF800EF074FE02460B46CDE90A23002200237A
S3150000BF900FF0D4F800289CD0CEE70D9A002A00F0C6
S3150000BFA0E380229A012A00F3C280149A002A00F044
S3150000BFB0BA8003F233430C9D3E46099A01211A4486
S3150000BFC048461F44099210F0BBF9044656B1099B36
S3150000BFD0002B07DDB342099AA8BF3346FF1AF61AAB
S3150000BFE0D31A09930C9B0BB30D9B002B00F0C38057
S3150000BFF0002D00F0BD8021462A46484610F060FA22
S3150000C000049A01460446484610F0B0F9049982465F
S3150000C010484610F02DF90C9B5B1B0C9300F0AE808C
S3150000C0200C9A5146484610F04BFA049001214846B6
S3150000C03010F086F9109B0546002B00F0D7811A46B2
S3150000C0400146484610F03CFA229B012B054600F3B8
S3150000C0509D800E9B002B40F094800F9BC3F313032F
S3150000C060002B40F08E800F9B23F000431B0D1B0519
S3150000C070002B00F08980099B0133013709934FF0AB
S3150000C080010A109B002B00F0B7812B6905EB830397
S3150000C090186912F0E0FEC0F12000099B184410F068
S3150000C0A01F007ED0C0F12003042B72DD099BC0F176
S3150000C0B01C000344074406440993002F05DD049938
S3150000C0C03A46484610F058FA0490099B002B05DDC5
S3150000C0D029461A46484610F04FFA0546119B002B92
S3150000C0E061D00498294612F002FF00285BDA08F1B5
S3150000C0F0FF330693049900230A22484610F0DAF823
S3150000C1000D9B0490002B00F07981002321460A2222
S3150000C110484610F0CFF8089B002B044672DC229BA1
S3150000C120022B49DC6EE0169BC3F1360343E7059B01
S3150000C1305D1E0C9BAB420DDB5D1B059B002BBFF60A
S3150000C1403BAF059BFE1A002337E700BF0000E03F28
S3150000C150000024400C9B109A0C95EB1A1A4410927E
S3150000C160059B3E46002528E70C9D0D9C3E462DE787
S3150000C170DDF810A054E70C9A049953E7CDF810A007
S3150000C18054E74FF0000A7CE79A467AE74FF0000A38
S3150000C1907BE792D0099A1C331A441F441E44099225
S3150000C1A08BE70346F6E7059BCDF81880002B23DCCA
S3150000C1B00893229B022B21DD089B002B7FF4B0AD58
S3150000C1C029460522484610F075F8014605460498AA
S3150000C1D012F08DFE00287FF7A3AD039E312306F8EB
S3150000C1E0013B069B013306939EE535462C46F4E754
S3150000C1F0059DCDF81880F9E7059B08930D9B002B4C
S3150000C20000F00081002E05DD21463246484610F03A
S3150000C210B3F90446BAF1000F5AD0616848460FF0E8
S3150000C220E9FF064628B9824B024640F2EF21FFF7A6
S3150000C2303BBB22690232920004F10C010C3012F071
S3150000C24065FD01223146484610F096F90746039BE4
S3150000C250039A03F1010B089B13440A930E9B03F008
S3150000C260010309930BF1FF3329460498059312F055
S3150000C2706AFD2146089000F1300A049812F037FE54
S3150000C2803A4680462946484610F0E4F9C268064612
S3150000C29002BB0146049812F02AFE02463146484681
S3150000C2A00C920FF0E5FF229B0C9A42EA0301099BD0
S3150000C2B019435E4610D1BAF1390F2BD0B8F1000FF1
S3150000C2C002DD089B03F1310A059B83F800A02DE5EA
S3150000C2D02746BCE70122E1E7B8F1000F06DB229B07
S3150000C2E048EA0308099B58EA030820D1002AEBDD37
S3150000C2F004990122484610F03FF92946049012F0AD
S3150000C300F6FD002803DCDFD11AF0010FDCD0BAF10C
S3150000C310390FD6D1059A3923137033461E46013B91
S3150000C32016F8012C392A52D001321A70FEE4002A7E
S3150000C33007DDBAF1390FEDD0059A0AF10103137042
S3150000C340F4E40A9B0BF801AC5B452AD00499002360
S3150000C3500A2248460FF0AEFFBC4204904FF000039D
S3150000C3604FF00A022146484606D10FF0A3FF0446C5
S3150000C37007460BF1010B75E70FF09CFF39460446A3
S3150000C38000230A2248460FF095FF0746F1E7089B6F
S3150000C3905E1E002B039BD8BF00265A1C2746164458
S3150000C3A0002404990122484610F0E6F82946049034
S3150000C3B012F09DFD0028B0DC02D11AF0010FACD1BD
S3150000C3C033461E4613F8012D302AFAD0AEE4039AFE
S3150000C3D09A42A3D1069B013306933123AFE7269BEE
S3150000C3E0002B7FF495AA134BFFF7B4BA229B012BBF
S3150000C3F07FF72FAEDDF840A001204EE6089B002B0C
S3150000C4007FF7D7AE039E0498294612F09CFC00F1F4
S3150000C410300A039B06F801ABF21A089B9342B6DD7D
S3150000C420049900230A2248460FF044FF0490EAE7E5
S3150000C43075BD2008CFBC20080348044B834202D0B8
S3150000C440034B03B118477047CC670000CC67000068
S3150000C450000000000548064B1B1AD90F01EBA3018B
S3150000C460491002D0034B03B118477047CC67000050
S3150000C470CC6700000000000010B5064C237843B9D5
S3150000C480FFF7DAFF044B13B10448AFF30080012332
S3150000C490237010BDCC67000000000000B80322081E
S3150000C4A008B5054B1BB105490548AFF30080BDE84B
S3150000C4B00840FFF7CFBF00BF00000000D0670000B4
S3150000C4C0B803220840B1054A1378012B04D803703B
S3150000C4D0013313700020704701207047204301008C
S3150000C4E073B5044612F0E4FE054612F0DDFE60B1B7
S3150000C4F00E4E33788DF80730FF2B06D10DF107006D
S3150000C500FFF7E0FF9DF807303370094B28461C60A3
S3150000C51012F046FF12F0C8FE28B19DF80710224619
S3150000C520002010F054FC002002B070BD885B0000B3
S3150000C5302443010073B512F0BBFE0D4D0D4B2E7852
S3150000C5401C6812F02DFF12F0AFFE38B1FF2E05D099
S3150000C550297801AA002010F033FC019C2CB912F0B6
S3150000C560A7FE054B1C6812F01BFF204602B070BDEB
S3150000C570885B0000244301002843010010B50446EF
S3150000C58012F096FE024B1C6012F00AFF002010BD4E
S3150000C59028430100014B1868FFF7A2BF7845010048
S3150000C5A000B51346B3B00A4669B1C82168460FF014
S3150000C5B01BFD021E07DB054BC72A186828BFC722CA
S3150000C5C0694610F009FC33B05DF804FB78450100BC
S3150000C5D0004870478C5B0000064B1B7843B9064B3E
S3150000C5E01B78C0F3420083428CBF002001207047B5
S3150000C5F0002070470D4501000E45010010B572B6CA
S3150000C600174BDA68013A002ADA6004DA154A12781A
S3150000C6100AB962B610BD19684A1C142A28BF00223E
S3150000C6201A6062B61A69182404FB0122011950F82F
S3150000C630044B42F8044B8842F9D172B69A6801322B
S3150000C640142A01D89A60E4E714229A605A68132AD9
S3150000C65002F101010ABF002259605A60D9E700BF02
S3150000C6601045010024450100054B064A1A61064A99
S3150000C670012111701422DA60044B02221A707047ED
S3150000C680104501002C430100244501000E45010020
S3150000C690014B1878704700BF0E450100F8B504F04D
S3150000C6A00DFB00283FD0214C10F025FC10F02FFC8C
S3150000C6B0A2687AB104F002FB436900209847D4E9E6
S3150000C6C00132C2F10101014426699D181827C91AD1
S3150000C6D0AB420ED166681827B518AE4215D10020B8
S3150000C6E01423E360C4E90000114BA06001221A7014
S3150000C6F0F8BD132B8CBFA3F114001846784301EB49
S3150000C700030C46F800C00133E2E7132E20698CBF04
S3150000C710A6F1140333460122002107FB030010F0A3
S3150000C72000FC0136D9E71120E2E700BF1045010001
S3150000C7300C45010030B5054687B008460C46FFF7A4
S3150000C7404BFFB8B104F0BAFA4369002098470C4B86
S3150000C75000901B788DF8164000210122CDE90211C8
S3150000C76001950491ADF814108DF8172068461BB991
S3150000C770FFF744FF07B030BD10F0D3FBFAE700BF68
S3150000C7800C45010070B5064686B008460C461546AF
S3150000C790FFF722FFA0B104F091FA43690020984701
S3150000C7A00B4B00901B788DF816400122CDE90165F0
S3150000C7B0ADF814208DF8172023B96846FFF71EFF41
S3150000C7C006B070BD0021684610F0ABFBF8E700BF6D
S3150000C7D00C450100F0B5074687B008460C461646DC
S3150000C7E01D46FFF7F9FEB0B104F068FA4369002070
S3150000C7F098470223ADF814300A4B00901B788DF849
S3150000C80016400122CDE9017603958DF8172023B94C
S3150000C8106846FFF7F3FE07B0F0BD0021684610F04A
S3150000C82080FBF8E70C450100F0B5074687B00846DF
S3150000C8300C4616461D46FFF7CFFEC0B104F03EFA81
S3150000C8404369002098470323ADF814300C9B0493EA
S3150000C8500A4B00901B788DF816400122CDE901762F
S3150000C86003958DF8172023B96846FFF7C7FE07B072
S3150000C870F0BD0021684610F054FBF8E70C450100B6
S3150000C88008B510F0EBFB034B1868BDE8084012F042
S3150000C8901FBD00BF2845010000B58BB02022002136
S3150000C8A002A812F0FDF9084B01934FF4805237238A
S3150000C8B0CDE90623002101AA044812F04DFD044BE0
S3150000C8C018600BB05DF804FBD9AF200881D82008AA
S3150000C8D02845010070B5154E12F0EAFC347805467D
S3150000C8E0FCB9134B1C60134B1C60134B1C6004F00B
S3150000C8F0E9F9012012F004FD12F0B6FC0F4B0246D6
S3150000C900186020B9284612F04BFD232070BD23463F
S3150000C9100B4840F2E7310EF063FC0A4B1860012326
S3150000C9203370284612F03CFD0020EFE73545010044
S3150000C9303C450100384501004445010040450100E1
S3150000C94018FCFFFF30450100024A0348002112F09F
S3150000C95003BD00BF64BE20086DDE200810B5054C7F
S3150000C960206818B10EF000FE00232360024B01225E
S3150000C9701A7010BD484501004C45010070B50C46C3
S3150000C980064600B161B9FFF783FE042832D81A4B78
S3150000C9901B787BB31949BDE87040022010F0E8BA55
S3150000C9A0B1F5A05F28BF4FF4A054601C0EF0D4FD73
S3150000C9B0054640B9FFF76CFE04281BD80E4B1B78C2
S3150000C9C0C3B10F49E7E731462246002612F09EF929
S3150000C9D02E55FFF75DFE022807D8074B1B7823B1BB
S3150000C9E008492A46304610F0C3FA2846BDE870408A
S3150000C9F00EF0BABD70BD00BF0C450100927720084D
S3150000CA00B7772008D877200810B50C46FFF740FE08
S3150000CA10022806D8194B1B781BB11949002010F0C3
S3150000CA20A7FAFFF735FE022806D8144B1B781BB170
S3150000CA301449002010F09CFAA189A068FFF79EFF18
S3150000CA40FFF726FE022806D80C4B1B781BB10E49B1
S3150000CA50002010F08DFAD4E90401FFF78FFFFFF7ED
S3150000CA6017FE022808D8054B1B782BB1BDE81040ED
S3150000CA700649002010F07CBA10BD00BF0C4501002D
S3150000CA80DB77200809782008117820081A78200812
S3150000CA9010B50B78053B0C46032B2BD8DFE803F0CB
S3150000CAA0020F1821FFF7F4FD042833D81A4B1B7820
S3150000CAB083B31A49BDE81040022010F059BAFFF7B7
S3150000CAC0E7FD042826D8144B1B781BB31449F1E75D
S3150000CAD0FFF7DEFD04281DD80F4B1B78D3B1114993
S3150000CAE0E8E7FFF7D5FD042814D80B4B1B788BB16C
S3150000CAF00D49DFE7FFF7CCFD042807D8064B1B7866
S3150000CB0023B122780949022010F032FABDE810401C
S3150000CB10FFF724BF10BD00BF0C4501004878200870
S3150000CB206E7820088F782008B7782008D5782008F6
S3150000CB307FB504461D46062900F28D80DFE801F028
S3150000CB400478428B606F8500FFF7A2FD022806D8A5
S3150000CB50424B1B781BB14249002010F009FA4149AB
S3150000CB60414B019300260291009601231A2220468A
S3150000CB7011F017F90528054610D0FFF789FD04289E
S3150000CB8007D8364B1B7823B138492A46022010F0C5
S3150000CB90EFF904B0BDE87040FFF7E0BE344B204625
S3150000CBA03246194611F097F80528044653D0FFF788
S3150000CBB06FFD0428EDD8294B1B78002BE9D02D49B1
S3150000CBC02246E3E7FFF764FD022806D8234B1B78CD
S3150000CBD01BB12949002010F0CBF9A989A868FFF7F5
S3150000CBE0CDFEFFF755FD022835D81C4B1B78002BD0
S3150000CBF031D02249002004B0BDE8704010F0B8B929
S3150000CC00FFF746FD022826D8144B1B781BB31C4998
S3150000CC102A46002004B0BDE8704010F0A9B9FFF71D
S3150000CC2037FD022817D80D4B1B78A3B11549E1E74C
S3150000CC30FFF72EFD0228ACD8084B1B78002BA8D096
S3150000CC401149002010F094F9A3E7114604B0BDE89D
S3150000CC507040FFF71DBF04B070BD00BF0C4501005A
S3150000CC60E67820080179200809DA20081C792008CE
S3150000CC70B05B0000397920085C792008D7AF20081E
S3150000CC8086792008A0792008BA792008F0B53320E3
S3150000CC9087B00EF061FC614E02463060002800F05D
S3150000CCA0BA8003465E495F4C43F8041B04F1100743
S3150000CCB0206861681D4603C50834BC422B46F7D17F
S3150000CCC02068594BA1792860A088A880A97103F132
S3150000CCD0180002F11B0153F8044B41F8044B834240
S3150000CCE0F9D133230B214FF4806011F04CF904463F
S3150000CCF020B1FFF733FE204607B0F0BD30680EF0D6
S3150000CD0033FC4A4B4A494B4834604FF480625A819F
S3150000CD1009F054FD044668B1FFF7BAFC0428E8D8C8
S3150000CD20454B1B78002BE4D044492246022010F0E4
S3150000CD301FF9DEE7FFF7ACFC022806D83E4B1B784E
S3150000CD401BB13F49204610F013F93E4A07CA03AB10
S3150000CD5083E807003748194611F004F9044650B134
S3150000CD60FFF796FC0428C4D8334B1B78002BC0D0A1
S3150000CD7035492246DAE73549354811F02EF9044699
S3150000CD8060B1FFF785FC0428B3D82B4B1B78002B2A
S3150000CD90AFD03049022010F0EBF8AAE72B4A2B4916
S3150000CDA0042313740090214B2B4A224811F06DF88E
S3150000CDB0052805460FD0FFF76BFC042807D81E4B45
S3150000CDC01B7823B125492A46022010F0D1F8FFF737
S3150000CDD0C5FD2C468FE7FFF75BFC022806D8164BED
S3150000CDE01B781BB11E49204610F0C2F81D4D2B784A
S3150000CDF073B1FFF74DFC02283FF67DAF0E4B1B7853
S3150000CE00002B3FF478AF1849002010F0B1F872E714
S3150000CE1012F08AFAEBE719246DE700BF48450100D6
S3150000CE2017001800DA792008F2792008F05B000074
S3150000CE3031DB2008504501000C4501000B7A200823
S3150000CE402F7A200888BE20084A7A2008C85B00008E
S3150000CE50747A2008827A20089C5B0000A57A200854
S3150000CE60CF7A20084C450100F07A2008002310B53F
S3150000CE7022491A4608200AF021F9044678B11228F8
S3150000CE800DD0FFF705FC042836D81D4B1B789BB345
S3150000CE901C492246BDE81040022010F069B8FFF791
S3150000CEA0F7FB022806D8164B1B781BB11649002043
S3150000CEB010F05EF8002108200AF064F9044648B133
S3150000CEC0FFF7E6FB042817D80D4B1B78A3B10F49D3
S3150000CED02246DFE7FFF7DCFB022806D8084B1B7863
S3150000CEE01BB10B49204610F043F8FFF7CFFE4FF079
S3150000CEF0FF3012F009FAFAE710BD00BF28BE20087D
S3150000CF000C4501000B7B20083B7B20085F7B20083B
S3150000CF10927B2008014806F0F7BA00BF045C0000C7
S3150000CF20064B1B681A7A022A01D81AB97047032AD7
S3150000CF3000D07047024A1B6813607047105C0000FF
S3150000CF407845010030B5124D0FCD8FB007AC0FC438
S3150000CF5095E807004FF4E133079301238DF820305D
S3150000CF60022384E807000C930A4B93E8070000238A
S3150000CF7004AC02938DF80C30074B84E8070000934D
S3150000CF8007AA02AB2146054803F07AFD0FB030BD73
S3150000CF9098BE2008B4BE20089C450100B845010093
S3150000CFA070B5124C124823685D6C002319460222A4
S3150000CFB0A84723680E481D68002319460222A84781
S3150000CFC023680520D3F8C0309847236809485D6C6C
S3150000CFD0002319460A22A847236806481C6800232E
S3150000CFE0A4460A22BDE87040194660470001300099
S3150000CFF000C004240000134630B50D4D2B6885B0E3
S3150000D0003BB90C4B0FCB8DE80F00684612F00CF9BC
S3150000D010286012F0C9F9022808D1286830B14FF00B
S3150000D020FF3105B0BDE8304012F0AAB905B030BDF9
S3150000D03024460100C0BE200808B512F0B5F9022842
S3150000D04006D1044B186818B1BDE8084012F060B963
S3150000D05008BD00BF2446010000B51D4B1B788BB0F0
S3150000D0607BB380B30378042B2FD800218DF81830BA
S3150000D0708DF819308DF81A308DF81B308DF81C306C
S3150000D0808DF81D308DF81E308DF81F305B1A4FF06D
S3150000D0900A0218BF01238DF815208DF814304FF4BD
S3150000D0A0806214230992CDE9011100910DEB030270
S3150000D0B08220ADF81610089111F085FB0BB05DF8D3
S3150000D0C004FB1120FAE72220F8E72120F6E700BF4B
S3150000D0D0DC56010030B5114B93F85830013BDBB2FA
S3150000D0E0FD2B8FB018D80E4D0FCD6C460FC40FCD4B
S3150000D0F00FC40FCD0FC495E8030084E80300094C64
S3150000D1006846D4F8443712F059F903F071FED4F8A2
S3150000D110443700200FB030BD0120FBE700021F0896
S3150000D12058021F0800800524134B0168D3F84437C2
S3150000D130F0B50127013900D2F0BDD0F808C0466825
S3150000D140CCF38455C5EBDC62346801320023013A26
S3150000D1500CD203FA05F203EA0C03C3F3150324EA1F
S3150000D1600202AB40134333600830E3E707FA02FEDE
S3150000D17043EA0E03EBE700BF0080052408B5184814
S3150000D180FFF7D2FF1748FFF7CFFF04F05DF804F072
S3150000D1906FF804F079F804F08BF804F095F812486B
S3150000D1A0FFF7C2FF1148FFF7BFFF1148FFF7BCFFAB
S3150000D1B01048FFF7B9FF1048FFF7B6FF0F48FFF713
S3150000D1C0B3FF0F48FFF7B0FF0E48FFF7ADFF0E485D
S3150000D1D0FFF7AAFFBDE808400C48FFF7A5BF00BF50
S3150000D1E078670000DC66000018630000E463000056
S3150000D1F0D8630000F8630000B8620000AC6200006B
S3150000D200A0620000F46200003C630000306300008E
S3150000D21010B5254CFFF7B2FF94F8040600F00100A4
S3150000D220FFF758FF4FF4C023C4F86C34D4F84031EC
S3150000D2301E4843F40023C4F84031D4F8403143F08B
S3150000D2400103C4F84031D4F8403143F00203C4F876
S3150000D2504031FFF769FF16491648D1F8103543F0FB
S3150000D2600203C1F81035636923F40033636163690F
S3150000D27043F480336361D0F84027D0F87837C2F39F
S3150000D2804342023A23F4F07343EA4213C0F8783774
S3150000D290D1F8943443F40023C1F89434236943F459
S3150000D2A06013236110BD00BF0080042404650000E4
S3150000D2B000A005240080052408B550B10748FFF7F3
S3150000D2C033FF0748FFF730FF0648BDE80840FFF781
S3150000D2D02BBF0548FFF728FF0448F6E74C6500001A
S3150000D2E0F4650000E8650000C06500006C6500009C
S3150000D2F0054B064A06498B4200D3704752F8040B89
S3150000D30043F8040BF7E700BF000400008021200863
S3150000D310F8590000054B064A06498B4200D3704770
S3150000D32052F8040B43F8040BF7E700BF005A00005D
S3150000D33084132208CC670000044B054A002193425F
S3150000D34000D3704743F8041BF9E700BFCC67000021
S3150000D350185E010038B562B63A4B3B4A1A603B4B41
S3150000D3603B4A93F806363B4C3B4D03F00F030F2B1D
S3150000D37015BF3A4B4FF00063D3F89312D3F8371426
S3150000D3800CBF11601160364A0CBFD3F83634D3F89F
S3150000D3909232136010F0D6F82B4BE36311F0F8FFCE
S3150000D3A0032004F0EFF803F0A3FE2E4BDB694FF0E9
S3150000D3B08061D3F880304FF08C409847EB692A4A59
S3150000D3C0022060F30E33EB61D36923F00703D361C8
S3150000D3D003F008FF1D4B1A6A042161F302021A6268
S3150000D3E01A6A1207FCD5AB69022262F38403AB61A9
S3150000D3F0AB691B04FCD51D4B1D4D5A6E22F0020273
S3150000D4005A665A6E22F001025A6611F065FF1949F2
S3150000D4100D4B21614FF4FA40E16117496062002229
S3150000D42020624FF40040C4E90033C4E90B15C4E997
S3150000D4300F33A2606261E360A06263636164A2610C
S3150000D44038BD00BF88460100005A620200800424ED
S3150000D45030460100384601000081042400001F0800
S3150000D4602C460100000130000086042400840424B8
S3150000D470002D310100B4C4040048E8014FF0E02358
S3150000D48084B0D3F8402F0192D3F8442F0292019929
S3150000D490094A91420DD10299084A914209D1D3F81D
S3150000D4A0882D0392039A42F470020392039AC3F8FA
S3150000D4B0882D04B0704700BF210011101100001123
S3150000D4C02B4BD3F810252B4A116821F00F0110B50C
S3150000D4D0116011681160D3F89C1421F46071C3F8CF
S3150000D4E09C14D3F80417C3F80415D3F80017C3F82F
S3150000D4F00015D3F8101541F01C01C3F81015D2F829
S3150000D500024014F48074FAD11B48436943F4803313
S3150000D5104361436964F351434361FFF7AFFF174B20
S3150000D5204FF080725A60164BC0F84031154B5A685E
S3150000D53064F3C3025A60036A0D4A43F480330362FC
S3150000D540036A43F400330362D2F8943443F40023AD
S3150000D550C2F89434036943F4601303610A4B1A68F2
S3150000D56042F400221A601A6842F480221A6010BD42
S3150000D57000A005240000052400800424000030419A
S3150000D58003000800008104240084042404480223C4
S3150000D5901421C21801334B2B82F80013F9D17047BE
S3150000D5A000E100E0044B186883B26FF30F0082B00D
S3150000D5B0184302B0704700BFB4BF2008014B18687B
S3150000D5C0704700BFC45C0000014B1868704700BF7D
S3150000D5D0805C0000014B1868704700BF3C5C00008F
S3150000D5E0014AC9B202F076BAC45C0000014AC9B267
S3150000D5F002F09CBAC45C000001480FF00BBF00BFEC
S3150000D600C45C000001480FF005BF00BF805C00004D
S3150000D61001480FF0FFBE00BF3C5C0000014902F06C
S3150000D62097BF00BFC45C0000014902F091BF00BF74
S3150000D630805C0000014902F08BBF00BF3C5C00002B
S3150000D64001480FF0C4BE00BFC45C000001480FF0E3
S3150000D650BEBE00BF805C000001480FF0B8BE00BF30
S3150000D6603C5C000037B5044600200D4600F0A8FBE0
S3150000D670064B1B680193064B00930246054B294651
S3150000D680204602F029FD03B030BD00BFF04A01007C
S3150000D690305C0000C45C000037B5044601200D462E
S3150000D6A000F08EFB064B1B680193064B0093024667
S3150000D6B0054B2946204602F00FFD03B030BD00BFE2
S3150000D6C0F04A0100305C0000805C000037B504467B
S3150000D6D00B200D4600F074FB064B1B680193064BAE
S3150000D6E000930246054B2946204602F0F5FC03B09E
S3150000D6F030BD00BFEC4A0100245C00003C5C000029
S3150000D70001480FF061BE00BFC45C000001480FF085
S3150000D7105BBE00BF805C000001480FF055BE00BF35
S3150000D7203C5C000001480FF04CBE00BFC45C00002A
S3150000D73001480FF046BE00BF805C000001480FF0B4
S3150000D74040BE00BF3C5C00007FB5104BD3E90354DC
S3150000D750B2F5806F2E883ABF02F1FF33C3F3090397
S3150000D76040F2FF3363F30D162E80258863F30D1503
S3150000D770074B25801B680293064B0193064B0093CB
S3150000D780024B0FF0E5FD04B070BD00BFC45C0000A5
S3150000D790F04A01007C470100305C00007FB5104B69
S3150000D7A0D3E90354B2F5806F2E883ABF02F1FF33F6
S3150000D7B0C3F3090340F2FF3363F30D162E80258869
S3150000D7C063F30D15074B25801B680293064B0193E7
S3150000D7D0064B0093024B0FF0BBFD04B070BD00BFBB
S3150000D7E0805C0000F04A01007C470100305C0000CC
S3150000D7F07FB5104BD3E90354B2F5806F2E883ABF3C
S3150000D80002F1FF33C3F3090340F2FF3363F30D164E
S3150000D8102E80258863F30D15074B25801B68029320
S3150000D820064B0193064B0093024B0FF091FD04B09B
S3150000D83070BD00BF3C5C0000EC4A01008C46010054
S3150000D840245C00000D4B1A69B1F5806F13B538BF23
S3150000D85001F1FF33148834BFC3F3090340F2FF33E9
S3150000D86063F30D14064B14801B680193054B00935C
S3150000D870024A054B02F0A2FB02B010BDC45C0000D8
S3150000D880F04A01007C470100305C00000D4B1A692C
S3150000D890B1F5806F13B538BF01F1FF33148834BF7B
S3150000D8A0C3F3090340F2FF3363F30D14064B1480F0
S3150000D8B01B680193054B0093024A054B02F07EFB61
S3150000D8C002B010BD805C0000F04A01007C470100F8
S3150000D8D0305C00000D4B1A69B1F5806F13B538BF87
S3150000D8E001F1FF33148834BFC3F3090340F2FF3359
S3150000D8F063F30D14064B14801B680193054B0093CC
S3150000D900024A054B02F05AFB02B010BD3C5C000017
S3150000D910EC4A01008C460100245C00000D4BDA68DD
S3150000D920B1F5806F13B538BF01F1FF33148834BFEA
S3150000D930C3F3090340F2FF3363F30D14064B14805F
S3150000D9401B680193054B0093024A054B02F098FAB7
S3150000D95002B010BDC45C0000F04A01007C47010023
S3150000D960305C00000D4BDA68B1F5806F13B538BF37
S3150000D97001F1FF33148834BFC3F3090340F2FF33C8
S3150000D98063F30D14064B14801B680193054B00933B
S3150000D990024A054B02F074FA02B010BD805C00002A
S3150000D9A0F04A01007C470100305C00000D4BDA684C
S3150000D9B0B1F5806F13B538BF01F1FF33148834BF5A
S3150000D9C0C3F3090340F2FF3363F30D14064B1480CF
S3150000D9D01B680193054B0093024A054B02F050FA6F
S3150000D9E002B010BD3C5C0000EC4A01008C46010010
S3150000D9F0245C0000024B034A1B68034902F0A6B9E7
S3150000DA00F04A0100305C0000C45C0000024B034A8F
S3150000DA101B68034902F09AB9F04A0100305C000025
S3150000DA20805C0000024B034A1B68034902F08EB972
S3150000DA30EC4A0100245C00003C5C000001490248FD
S3150000DA4002F032B9305C0000C45C000001490248B3
S3150000DA5002F02AB9305C0000805C0000034B0449E8
S3150000DA6004484FF400129A6402F01EB9008404249C
S3150000DA70245C00003C5C000007B5064B0193064B96
S3150000DA800093064A064B074902F08EF803B05DF88C
S3150000DA9004FB00BF744A0100F04A0100305C00003C
S3150000DAA000FC0200C45C000007B5064B0193064B60
S3150000DAB00093064A064B074902F076F803B05DF874
S3150000DAC004FB00BF744A0100F04A0100305C00000C
S3150000DAD000FC0200805C000007B5064B0193064B74
S3150000DAE00093064A064B074902F05EF803B05DF85C
S3150000DAF004FB00BFFC490100EC4A0100245C000065
S3150000DB00001C06243C5C0000014801F0F7BE00BF83
S3150000DB10C45C0000014801F0F1BE00BF805C00005B
S3150000DB20014801F0EBBE00BF3C5C0000012809D0B3
S3150000DB30022809D050B9064B5B6993F8290000F01A
S3150000DB4001007047034BF7E7034BF5E700207047EA
S3150000DB50C45C0000805C00003C5C000019280146A3
S3150000DB6003D1054A012001F0B5BF182803D1024AA6
S3150000DB70012001F0DBBF7047C45C00001928014694
S3150000DB8003D1054A022001F0A5BF182803D1024A95
S3150000DB90022001F0CBBF7047C45C0000354BDFEDBF
S3150000DBA0366AD3F8102242F0400282B007EE900A9D
S3150000DBB0C3F81022D3F81022F4EEE67A42F01002EF
S3150000DBC0F1EE10FA07EE101AC3F8102206DCF0EE9A
S3150000DBD0086AB4EEE67AF1EE10FA08D5D3F8102208
S3150000DBE042F02002C3F81022002002B070479FEDD9
S3150000DBF0237AF4EEC77AF1EE10FA10D5D3F8102294
S3150000DC0022F00F02C3F81022D3F8102222F04002AD
S3150000DC10C3F81022D3F8102222F01002E2E777EEC2
S3150000DC20C77ADFED176A134A87EEA67AF7EE007A0F
S3150000DC3077EE277AFCEEE77ACDED017A9DF804308F
S3150000DC40F6EE007A77EE277A07EE103AB8EE477AC4
S3150000DC50B4EEE77AF1EE10FAC2BFFCEEE77ACDED4C
S3150000DC60017A9DF80430D2F8101263F30301C2F86A
S3150000DC701012B9E70038042433333340CDCCCC3FFF
S3150000DC800AD7A33D0A4B9A6C013A052A0ED8DFE85B
S3150000DC9002F003050705090B586C7047D86A7047F0
S3150000DCA0D86B7047186B7047586B704700207047E9
S3150000DCB03846010006281DD8DFE800F0040A0D10DA
S3150000DCC0131619000C4B586809B1B0FBF1F07047F8
S3150000DCD0094B186AF8E7084B586AF5E7064B986A45
S3150000DCE0F2E7054BD86AEFE7034B186BECE7024BFC
S3150000DCF0D868E9E70020E7E73846010010B50328B1
S3150000DD0014D8DFE800F0020A0D100F48C06A7AB195
S3150000DD10A3B981B1B0FBF1F00DE00B48C069F6E79D
S3150000DD2009484069F3E708488068F0E70020EEE715
S3150000DD3023B909B9400810BD4900EBE7CB07FAD56E
S3150000DD400229F8D9E6E700BF38460100F8B50C46C7
S3150000DD501546042828D8DFE800F003211B1E2400FE
S3150000DD60FFF790FF15B394B10CF006FF0646204668
S3150000DD700F460CF001FF104B00220CF0C1FD0246CD
S3150000DD800B46304639460DF09BF80DF009FAF8BD02
S3150000DD900A4BD869E6E7094B5869E3E7074B9868E9
S3150000DDA0E0E7064BD868DDE70020DBE7002CEED085
S3150000DDB0B0FBF4F0EBE700BF0000E03F384601009F
S3150000DDC010B50E2800F28F81DFE810F00F001E005C
S3150000DDD02D005300720084009600B300CA00DD00D7
S3150000DDE0E70009013201600182014FF08C43BDE872
S3150000DDF01040D869D969DA69C1F3C301C2F3407228
S3150000DE0000F00700FFF7A2BF4FF08C43BDE81040BB
S3150000DE10D869D969DA69C1F38321C2F38072C0F384
S3150000DE20C210FFF793BF4FF08C4293699469C3F316
S3150000DE30C233C4F3C324052B19D8DFE803F0030962
S3150000DE400C0F1215FFF71EFF0CB1B0FBF4F010BD5E
S3150000DE508C4B9868F8E78B4B1869F5E7894B58693E
S3150000DE60F2E7884BD869EFE7864BD868ECE70020E5
S3150000DE70EAE74FF08C42936A946AC3F34243C4F3D1
S3150000DE800554032B12D8DFE803F002080B0EFFF748
S3150000DE90F9FE002CDBD06400D7E77A4B5869F8E727
S3150000DEA0784B9868F5E7774BD868F2E70020F0E7FB
S3150000DEB04FF08C43BDE81040986999699A69DB690F
S3150000DEC0C2F34022C3F30073C1F3C50100F007009B
S3150000DED0FFF714BF4FF08C43BDE81040D86F996927
S3150000DEE09A69DB69C2F34022C3F30073C1F3C5012B
S3150000DEF0C0F34220FFF702BF4FF08C439B69C3F388
S3150000DF000263042B00F2EF80DFE803F003060A0D3C
S3150000DF1010005C4BD8689AE7BDE81040FFF7B2BE28
S3150000DF20584B986893E7574BD86990E7554B586913
S3150000DF308DE74FF08C4291699369926911F4802FB5
S3150000DF405049C2F3C0520CBF48698868C3F3C34343
S3150000DF501AB1002B3FF47BAF12E083B9400876E795
S3150000DF604FF08C439A6A9B6A12F4806F454A0CBF45
S3150000DF709069D068C3F3C523002B3FF468AF5B00FC
S3150000DF80B0FBF3F063E7404B98699969BDE8104030
S3150000DF90C1F34641000FFFF78DBE3B4BDA69DB69E3
S3150000DFA0C2F34302C3F34713052A16D8DFE802F08B
S3150000DFB00306090C0F12334A5068DDE7314A106A2E
S3150000DFC0DAE7304A506AD7E72E4A906AD4E72D4AF4
S3150000DFD0D06AD1E72B4A106BCEE70020CCE72A4B5C
S3150000DFE01A6A1B6AC2F34302C3F34213072A1DD8F7
S3150000DFF0DFE802F004070A0D10131619214A5068CB
S3150000E000A7E7204A106AA4E71E4A506AA1E71D4AFC
S3150000E010906A9EE71B4AD06A9BE71A4A106B98E7FC
S3150000E020184AD06895E7174A506B92E7002090E7A8
S3150000E030154B1B6BC3F34303062B54D801A252F8AE
S3150000E04023F000BF61F0200867F020086DF020087B
S3150000E05073F0200879F020087FF0200813EF2008DD
S3150000E060084B5868F3E6074B186AF0E6054B586A02
S3150000E070EDE6044B986AEAE6024BD86AE7E6014BFE
S3150000E080186BE4E63846010000140424174B5B6B5A
S3150000E090C3F34303082B26D801A252F823F000BF8E
S3150000E0A061F0200867F020086DF0200873F0200862
S3150000E0B079F020087FF0200813EF2008C5F020082B
S3150000E0C0CBF020080A4B586BC1E6094B9869BEE6AF
S3150000E0D0064BD86AD96ABDE81040C1F34711C0F3B0
S3150000E0E04300FFF7E7BD0020B1E600BF001404249B
S3150000E0F038460100024B1B68D3F8BC30184700BFF6
S3150000E10000013000024B1B68D3F8CC30184700BF23
S3150000E11000013000024B1B68D3F8EC30184700BFF3
S3150000E12000013000024B01219B69C0B2184700BFB5
S3150000E130A44B01001346054A126810B4546C0A46F3
S3150000E140A44600215DF8044B604700BF0001300083
S3150000E15010B54FF4006003F005F8094C094B4FF079
S3150000E16000725A6422782AB9074B08481B6A0121B3
S3150000E1709B6A9847237843F00103237010BD00BFC4
S3150000E180F44E01000084042400013000001404242D
S3150000E19082B0ADF804000A4B4FF400621A609DF895
S3150000E1A00420084B2AB9D3F8082242F40062C3F8C7
S3150000E1B008225A68002042F001025A6002B07047F5
S3150000E1C000E100E000380424F0B51E4B1E491F7F15
S3150000E1D01E4B1B780022104603F59875D4B2A74251
S3150000E1E00BD803F590730022174C21F81320012356
S3150000E1F0DAB2974224D80020F0BD31F81540A0428B
S3150000E20038BF20460132E9E7624504D0B5F820E080
S3150000E210724492B208E001361FFA86FC60450BD9BB
S3150000E2200B4D002135F8022F9042EDD8013189B20D
S3150000E2309942F7D3A4F842C2013302349BB2D7E71E
S3150000E2400026E9E7A44B0100C44B0100A04B0100E6
S3150000E250024E010084B02DE9F7430AAC84E80F00B2
S3150000E2600023ADF806309DF8BC51644B9DF8BD7196
S3150000E2705A885B68B3FBF2F3002D47D1012F48D0D3
S3150000E2800DF106010A885E4C07EE903A92B20AAB8F
S3150000E29003EB820393ED057AF8EE677AB8EE477AD8
S3150000E2A0C7EE877A17EE900A0EF0E5FE07EE900AA3
S3150000E2B0FCEEE77A0B8817EE902A4FF6FF709BB2BA
S3150000E2C003F59873824228BF024624F813200B8870
S3150000E2D09BB203F5987334F81330012B06D80B88DC
S3150000E2E09BB203F59873022224F81320454E0DF1D4
S3150000E2F038094FF00008B7EE006A5FFA88F39F42CC
S3150000E3000AD803B0BDE8F04304B070473E49012582
S3150000E310B8E73D493D46B5E7B8F1000F17D0D9ED4E
S3150000E320007A3288B8EE677AD9ED017AF8EE677A24
S3150000E330C7EE277A17EE900A0EF09DFE07EE900ABA
S3150000E340FCEEE77A17EE903A13FB02F37380012F87
S3150000E35008D0728810460EF0A5FE18B910460EF0C9
S3150000E360AAFE70808DB10B880AAA9BB202EB43030A
S3150000E370B3F8F430012B08D10B889BB203F59873E0
S3150000E38034F81320920824F81320DFED207A0020B9
S3150000E3901FFA88F283B29342ADF806300AD9F4EE3A
S3150000E3A0C67AF1EE10FA26DC08F10108023609F108
S3150000E3B00409A2E70B889BB203F59873013034F881
S3150000E3C0133007EE103AB8EE477AC6EE076A77EED4
S3150000E3D0A67ADFE70B889BB203F59873013034F811
S3150000E3E013C04FEA4C0C24F813C083B29342ADF825
S3150000E3F00630EFD9D8E70020F7E700BFA44B0100AD
S3150000E400C44B0100224E0100A04B01000000000099
S3150000E41007EE100ADFED087A084837EE277AF7EE9E
S3150000E420006AC6EE877AFCEEE77A17EE903A8342E8
S3150000E43028BF03461846704795BFD633404B4C005D
S3150000E44084B0F0B506AC84E80E00DFED7A7A0021E0
S3150000E4500DF16B050B460A46CEB2B04200F2A38020
S3150000E460002A00F0E080B0EE007AF4EEC77AF1EE12
S3150000E47010FAC0F2D880B0EE047AF4EEC77AF1EE64
S3150000E48010FA00F1AF80B0EE087AF4EEC77AF1EE3A
S3150000E49010FA00F1AA80B1EE007AF4EEC77AF1EE36
S3150000E4A010FA00F1A580B1EE047AF4EEC77AF1EE27
S3150000E4B010FA00F1A080B1EE087AF4EEC77AF1EE18
S3150000E4C010FA00F19B80B1EE0C7AF4EEC77AF1EE09
S3150000E4D010FAC0F2A880B2EE007AF4EEC77AF1EE36
S3150000E4E010FA00F18E80B2EE027AF4EEC77AF1EEFF
S3150000E4F010FA00F18980B2EE047AF4EEC77AF1EEF2
S3150000E50010FA00F18480B2EE087AF4EEC77AF1EEE2
S3150000E51010FAC0F28880B2EE0C7AF4EEC77AF1EE09
S3150000E52010FA77D4B3EE017AF4EEC77AF1EE10FA68
S3150000E53079DBB3EE027AF4EEC77AF1EE10FA6CD418
S3150000E540B3EE097AF4EEC77AF1EE10FA6BDBB3EEAE
S3150000E5500A7AF4EEC77AF1EE10FA61D9B3EE0B7AC5
S3150000E560F4EEC77AF1EE10FA5DDB9FED337AF4EE46
S3150000E570C77ADFED327A9FED2F7AF1EE10FA88BF77
S3150000E580F0EE477A002B51D09FED2D7ABDE8F04092
S3150000E590F4EEC77AF1EE10FA54BF17EE900A17EEB2
S3150000E5A0100A04B0704715F8017FA7F11406022E71
S3150000E5B003D92E7C0A3E022E0AD894ED1D7AB4EEBB
S3150000E5C0E77AF1EE10FAC2BF0132D2B2F0EE477A24
S3150000E5D0182F02D02E7C0D2E01D10133DBB2013172
S3150000E5E0043439E7DFED177ACCE7DFED177AC9E7B0
S3150000E5F0DFED167AC6E7DFED167AC3E7DFED157AAB
S3150000E600C0E7DFED157ABDE7DFED147ABAE7DFED97
S3150000E610147AB7E7DFED137AB4E7DFED137AB1E7E3
S3150000E620DFED127AAEE7DFED037AABE79FED107A06
S3150000E630ACE700BF0000000000004C42F2DD1C37D2
S3150000E6408BE16A362E5A823301A90C3437F85934D5
S3150000E6502439EC3434580F35AD186335883E8A3585
S3150000E660ACC5A735EFE608369F9D4236B1B49D3658
S3150000E67095BFD63338B50C461546002A00F0FD8006
S3150000E680092940F2298142F203100BE00020FFF72E
S3150000E69041FD07220021A848FFF74CFD002D40F060
S3150000E6A08D80002038BD0220FFF734FD07220221AD
S3150000E6B0F1E70420FFF72EFD07220421EBE70620F1
S3150000E6C0FFF728FD07220621E5E70820FFF722FDD0
S3150000E6D007220821DFE70A20FFF71CFD07220A218F
S3150000E6E0D9E7964B20225A601920FFF70BFD192017
S3150000E6F0FFF700FD0E2219219148CDE78F4B20220E
S3150000E7005A601B20FFF7FEFC1B20FFF7F3FC0E22CE
S3150000E7101B21F1E7894B20225A601D20FFF7F2FCEE
S3150000E7201D20FFF7E7FC0E221D21E5E70120FFF77C
S3150000E730F1FC07220121AEE70320FFF7EBFC0722DD
S3150000E7400321A8E70520FFF7E5FC07220521A2E73C
S3150000E7500B20FFF7DFFC07220B219CE70920FFF7C0
S3150000E760D9FC0722092196E70720FFF7D3FC0722E9
S3150000E770114690E7714B20225A601A20FFF7C2FC1F
S3150000E7801A20FFF7B7FC0E221A21B5E76B4B2022A1
S3150000E7905A601C20FFF7B6FC1C20FFF7ABFC0E22CC
S3150000E7A01C21A9E7654B20225A601E20FFF7AAFC10
S3150000E7B01E20FFF79FFC0E221E219DE7092C3FF627
S3150000E7C070AFDFE804F0050E141A20262C394551E7
S3150000E7D00120FFF79FFC072201215748FFF7AAFCFB
S3150000E7E05FE70320FFF796FC07220321F5E70520E4
S3150000E7F0FFF790FC07220521EFE70B20FFF78AFCC5
S3150000E80007220B21E9E70920FFF784FC07220921EB
S3150000E810E3E70720FFF77EFC07221146DDE7474BBB
S3150000E82020225A601A20FFF76DFC1A20FFF762FCBF
S3150000E8300E221A214248D1E7404B20225A601C2062
S3150000E840FFF760FC1C20FFF755FC0E221C21F1E7A8
S3150000E8503A4B20225A601E20FFF754FC1E20FFF779
S3150000E86049FC0E221E21E5E71820FFF74BFC182075
S3150000E870FFF740FC0E221821DCE713283FF611AF04
S3150000E88012283FF60EAF01A353F820F08DF62008AC
S3150000E890A7F62008B3F62008BFF62008CBF6200816
S3150000E8A0D7F62008E3F62008FDF6200815F720081D
S3150000E8B0A3F620082DF7200839F7200845F7200889
S3150000E8C051F720085DF7200869F7200875F720083A
S3150000E8D08DF72008A5F7200813283FF66FAF1228FA
S3150000E8E03FF66CAF01A353F820F000BF8DF6200869
S3150000E8F0A7F62008B3F62008BFF62008CBF62008B6
S3150000E900D7F62008E3F62008FDF6200815F72008BC
S3150000E910BDF720082DF7200839F7200845F720080D
S3150000E92051F720085DF7200869F7200875F72008D9
S3150000E9308DF72008A5F7200800C004240000304108
S3150000E9400000134682B02DE9F0410F2906AC84E899
S3150000E9500C005FD8BDF82040BDF8225044EA0503FC
S3150000E960B3F5806F56D22E4B079F9DF824609DF815
S3150000E970258043F8212001F1100C01F1400E43F8E7
S3150000E9802C7001F1500CBA4223F81E4023F81C509B
S3150000E99042D0C6B1022614FB062201F13006C0F8A9
S3150000E9A0D42143F8262044EAC12242F40046C0F8A6
S3150000E9B0D861D0F8D861C0F8D821D0F8D82143F86A
S3150000E9C02E6043F82C20B8F1000F1ED0022215FB52
S3150000E9D0024201F160043A44C0F8D42143F82420ED
S3150000E9E0CA0202F580622A4342F40044C0F8D841C4
S3150000E9F001F17004D0F8D85143F824508031C0F8A2
S3150000EA00D821D0F8D82143F821200020BDE8F041D4
S3150000EA1002B070470120F9E742F20210F6E700BFA4
S3150000EA20C44B01000F2910B528D892B1144A01F140
S3150000EA30300452F82440C0F8D44101F1400452F8A1
S3150000EA402440C0F8D84101F1500452F82420C0F8FF
S3150000EA50D8218BB10A4B01F1600253F82220C0F88D
S3150000EA60D42101F17002803153F8222053F821306D
S3150000EA70C0F8D821C0F8D831002010BD0120FCE72D
S3150000EA80C44B010010B5274B27485A685A6842F014
S3150000EA9001025A60D3F8082242F48062C3F80822C1
S3150000EAA003F5B4331A68026852BBD3F8402442F423
S3150000EAB06752C3F840241D4AD2F80230DC05FBD465
S3150000EAC01B4BD3F80427D107FBD5D3F80427D2076D
S3150000EAD0FBD4D3F84824174C174B21681A609308C7
S3150000EAE003F4F8530B43910001F07C0112020B432F
S3150000EAF002F47832134343F0810323600123036059
S3150000EB000C4B1A680A4BC3F84424084AD2F8023060
S3150000EB1013F48073FAD1034A516863F3000151601C
S3150000EB2010BD00BF00380424944B010000000524EA
S3150000EB3000A005249C4B0100984B010084B070B5E1
S3150000EB402DED028B82B008AC84E80F00444C6E9A1F
S3150000EB50A2610D9A43499DF8B531BDF8140123779A
S3150000EB60013A8A4278D20DA90122934262D8012B3A
S3150000EB706FD19DF8B431002B65D0012866D8FFF718
S3150000EB80E7FA394B39485A689FED398A22F4806290
S3150000EB905A60DA686FF31842DA60DA68042161F3C2
S3150000EBA00902DA605A68334942F480625A60FEF715
S3150000EBB0F5FF314B5B686360FFF764FF02F0A2FB71
S3150000EBC0208102F093FB208202F0A2FBC0F30D032A
S3150000EBD007EE103AB8EEC77A830BC7EE086A07EE5F
S3150000EBE0903AF8EEE77A77EEA67AC4ED037A02F069
S3150000EBF083FBC0F30D0307EE103AB8EEC77A830B1A
S3150000EC00C7EE086A01A807EE903AF8EEE77A012304
S3150000EC1077EEA67A0193C4ED057A03F0F1FA00388F
S3150000EC2018BF0120404202B0BDEC028BBDE8704027
S3150000EC3004B070470E4651F8045F3668B5420BD8EB
S3150000EC4055B1013291E7B0F5806F98D342F20610C4
S3150000EC50E9E7013B0F2B91E742F20410E3E700BF1F
S3150000EC60A44B0100A025260000380424333333408A
S3150000EC7000007A44CDCC4C403846010084B010B533
S3150000EC802DED028B82B006AC84E80F009DF818309B
S3150000EC900F2B00F281804349434C0B706C99A161A4
S3150000ECA006A901EB8301414849699DF8AD21227708
S3150000ECB00139814272D2012A6BD106AA02EB4303C3
S3150000ECC09DF8AC21B3F8F430002A5CD0012B5DD856
S3150000ECD0FFF73EFA364B37485A689FED378A22F4DB
S3150000ECE080625A60DA686FF31842DA60DA680421E3
S3150000ECF061F30902DA605A68304942F480625A6068
S3150000ED00FEF74CFFFFF7BEFE2D4B5B68636002F01B
S3150000ED10F9FA208102F0EAFA208202F0F9FAC0F349
S3150000ED200D0307EE103AB8EEC77A830BC7EE086AF2
S3150000ED3007EE903AF8EEE77A77EEA67AC4ED037A14
S3150000ED4002F0DAFAC0F30D0307EE103AB8EEC77A0E
S3150000ED50830BC7EE086A01A807EE903AF8EEE77A49
S3150000ED60012377EEA67A0193C4ED057A03F048FAFB
S3150000ED70003818BF0120404202B0BDEC028BBDE84E
S3150000ED80104004B07047B3F5806FA1D342F206106D
S3150000ED90F2E7013A0F2A9AE70120EDE742F2041062
S3150000EDA0EAE700BFA04B0100A44B0100A025260006
S3150000EDB0003804243333334000007A44CDCC4C4031
S3150000EDC03846010029B9D0F8083261F3CB23C0F8E0
S3150000EDD00832064B5B68DB0741BF436823F001033B
S3150000EDE04360002058BF4FF0FF30704700380424BE
S3150000EDF0C1B2024882B002B0FFF7E4BF0038042473
S3150000EE000F2915D80D4B5A68520603D4D3F8DC31B6
S3150000EE10002B0FDAD0F8DC2101238B401343D0F806
S3150000EE20DC219BB263F30F02C0F8DC21002070479F
S3150000EE30012070474FF40450704700BF0038042487
S3150000EE400F2925D8012A05D1436A23F4000343621A
S3150000EE5000207047022A0BD1436A23F00103436264
S3150000EE60436A23F010034362436A23F00803EEE784
S3150000EE70084BD3F8DC31002BEADA436A0122C3F3EC
S3150000EE80CF138A4023EA0201436A61F3D613DEE711
S3150000EE90012070470038042410B510B1012804D0B1
S3150000EEA010BDBDE81040FFF753B94FF4006002F003
S3150000EEB073F90A4A137823F001031370DBB2002BAF
S3150000EEC0EED1074B07484FF000729A64064B1B6A57
S3150000EED0BDE81040DB6B0221184700BFF44E01006D
S3150000EEE000840424001404240001300013B50D4BE3
S3150000EEF0ADF804004FF40062C3F88020BFF34F8FD3
S3150000EF00BFF36F8F01210322084603F00DFB044671
S3150000EF1028B90120FFF7C0FF204602B010BD4FF010
S3150000EF20FF30FAE700E100E04368064A61F349234F
S3150000EF304360D2F8403443EA4143C2F840340020EB
S3150000EF40704700BF00A0052484B02DE9F04FF1B052
S3150000EF507AAC84E80F009DF87D3365934FF4C47254
S3150000EF6001237DA9684669937F9C9DF87C53DFF851
S3150000EF70E8820FF0CBFE7AAB0ECB6598FFF760FA0E
S3150000EF8005EE900AFFF744FA98ED017A07EE900A2B
S3150000EF90B8EE476AF8EEE77AB7EE007A87EE065AD9
S3150000EFA0C7EE276AC6EE857A17EE900A0EF063F86A
S3150000EFB007EE900AFCEEE77A17EE903AC5EE857AF0
S3150000EFC09EB217EE900A0EF056F807EE900AFCEE87
S3150000EFD0E77A17EE903A9FB2BE4204BF0136B6B248
S3150000EFE0CDB107EE904AF8EE677AC6EE277A17EEAD
S3150000EFF0900A0EF040F807EE106A07EE900AB8EE97
S3150000F000C77AB4EEE77AF1EE10FA42BFFCEEE77A81
S3150000F01017EE903A9EB2A8F80070A8F802607DB983
S3150000F020BDF87C33ADF884314FF4C2727EA96846D0
S3150000F0300FF06CFE7AAB0FCBFFF70CF9FFF7C4F8B5
S3150000F040804C3246394620460EF0A1F80121204672
S3150000F050FFF76AFF636843F0006363606368002D2F
S3150000F06049D023F0400363606B1E8B42636894BFF4
S3150000F07043F0020365F341036360724B0021C3F85A
S3150000F080E4115A6842F004025A60D3F8DC2161F3B5
S3150000F090DF72C3F8DC219DF8E9219DF83C029DF85A
S3150000F0A04C125AB1D3F8084262F34924C3F8084215
S3150000F0B0D3F8084261F34814C3F80842614CD4F807
S3150000F0C0083260F30403C4F80832FFF7D3FA2A467D
S3150000F0D000212046FFF7B4FEB8F80220D8F8043025
S3150000F0E0B3FBF2F3584A0020C2F8803271B0BDE893
S3150000F0F0F04F04B0704743F0400363606368534EBB
S3150000F100DFF8549165F3410363603323C4F8E431B7
S3150000F110636843F004036360D4F8DC3143F00043D2
S3150000F120C4F8DC310DF2DA23669306F18103A6AF4B
S3150000F13006F13E0B67930DF5F478659AEBB29A42A9
S3150000F14015D8434B6A930022424B6B9369A9012061
S3150000F15003F0B0F808B1452870D169996AAA012070
S3150000F16003F076F9003818BF01204042BEE798F850
S3150000F17054A098F86430649318F8013F63930093A1
S3150000F18052462946649B20460DF0CDFF36F8021FF5
S3150000F190328C012A08D0AB0003F1105303F5872304
S3150000F1A0A3F83811C3F8782129462046FFF728FE30
S3150000F1B0DDE963215046FFF75DFA294620460DF04A
S3150000F1C09DFF7B6E6C93D7F8A4306D93669B33F8E6
S3150000F1D002AF669340F20113ADF8BC31ADF8B8A1A9
S3150000F1E0ADF8BAA170AB13E90300DDE96C238DE835
S3150000F1F0030029462046FFF7A5FB294620460DF0C9
S3150000F20069FF002229462046FFF71AFEB9F80220B8
S3150000F210D9F80430B3FBF2F3328CB3FBF2F34BF8BC
S3150000F220043F57F8043FA6F8D0A0CBF85030679BB0
S3150000F230639A03F8012F013567937EE74FF0FF309D
S3150000F24054E700BF00380424C44B0100024E0100FD
S3150000F25025F12008A1E02108A44B010084B02DE986
S3150000F260F04FEDB076AC84E80F009DF8D8419DF8DC
S3150000F2706C539DF86DA301200F2C659000F2CE8093
S3150000F280DFF83C83C94E88F800404FF4C47279A970
S3150000F29068460FF03BFD76AB0ECB5046FFF7D0F835
S3150000F2A005EE900AFFF7B4F896ED017A07EE900A9C
S3150000F2B0B8EE476AF8EEE77AB7EE007AC7EE276A45
S3150000F2C0C7EE067AC6EEA77A17EE900A0DF0D3FEC1
S3150000F2D007EE900AFCEEE77A17EE903A66EE257A8C
S3150000F2E09FB217EE900A0DF0C6FE07EE900AFCEEEE
S3150000F2F0E77A17EE903A1FFA83F94F4504BF0137B4
S3150000F300BFB2E5B176AB03EB8404D4ED057AF8EE33
S3150000F310677AC6EE277A17EE900A0DF0ACFE07EE76
S3150000F320107A07EE900AB8EEC77AB4EEE77AF1EEF5
S3150000F33010FA42BFFCEEE77A17EE903A9FB2A6F8B3
S3150000F340009077807DB9BDF86C33ADF884314FF409
S3150000F350C2727AA968460FF0D9FC76AB0FCBFEF7DE
S3150000F36079FFFEF731FF924C3A46494620460DF0AA
S3150000F3700EFF01212046FFF7D7FD636843F00063C7
S3150000F38063606368002D4ED023F0400363606B1EFC
S3150000F3908B42636894BF43F0020365F341036360E5
S3150000F3A0834B0021C3F8E4115A6842F004025A6004
S3150000F3B0D3F8DC2161F3DF72C3F8DC2198F8002072
S3150000F3C002F5EC726A4492F8540092F8641052788E
S3150000F3D05AB1D3F8084262F34924C3F80842D3F875
S3150000F3E0084261F34814C3F80842714FD7F808324F
S3150000F3F060F30403C7F80832FFF73CF998F80040B9
S3150000F4002A4621463846FFF71BFDA03472887368EA
S3150000F410B3FBF2F3674A42F8243000206DB0BDE832
S3150000F420F04F04B0704743F0400363606368614F78
S3150000F43065F3410363603323C4F8E431636843F042
S3150000F44004036360D4F8DC3143F00043C4F8DC31D4
S3150000F450EBB29A4516D8584B66930022574B6793E2
S3150000F46065A9012002F026FF10B1452840F09B80D7
S3150000F470659966AA012002F0EBFF003818BF01204B
S3150000F4804042CBE798F80010639101F5EC736B44AA
S3150000F490204693F8642093F8549093F801B0629252
S3150000F4A01346CDF800B04A460DF03DFE639901F5CE
S3150000F4B0907337F8130001F5987337F81320012A73
S3150000F4C008D08B0003F1105303F58723A3F8380106
S3150000F4D0C3F878212046FFF793FC5A4662994846BE
S3150000F4E0FFF7C8F898F80090204649460DF006FE4A
S3150000F4F076AB03EB89030135D3F81431689376AB09
S3150000F50003EB8903D3F85431699376AB03EB4903D4
S3150000F510B3F8F430ADF8A831ADF8AA3140F20113D2
S3150000F520ADF8AC316CAB13E90300DDE968238DE877
S3150000F530030049462046FFF705FA98F80090204652
S3150000F54049460DF0C7FD494600222046FFF778FCE4
S3150000F55009F1A00271887368B3FBF1F309F598719C
S3150000F56037F81110B3FBF1F347F8223076AA02EB15
S3150000F570490209F5C473B2F8F42027F8132076AAD5
S3150000F58002EB890209F1B403D2F8B42047F823202C
S3150000F59009F5EC7207EB09030DEB020999F8012056
S3150000F5A083F8C02254E74FF0FF3037E7A44B010041
S3150000F5B000380424C44B010025F12008A1E02108ED
S3150000F5C0A04B0100344B2DE9F0419C6A27020DD572
S3150000F5D0426A1602C2F3C05008D45A6A42F40002C4
S3150000F5E05A622E4B9B690421984716E0E50709D518
S3150000F5F0294A136A43F001031362284B05219B69CC
S3150000F6000020F1E714F080750AD0234801210DF09F
S3150000F61005FE234B02201B6898470020BDE8F081B9
S3150000F6201D4B5A68500624D51E4EDFF87080EB1D20
S3150000F63024FA03F3D90716D5294617480DF0C1FD5C
S3150000F64033781548B3FA83F2EFB252093946FFF719
S3150000F650E9F9D8F818300021384698473378B3FAD4
S3150000F66083F35B0933700135102D06F10106DED1F7
S3150000F670D3E7D3F8DC21002AD6DB5A689207CCD42C
S3150000F680D3F8DC11C90FC8D15A6842F004025A6097
S3150000F690024BE0B29B69A7E700380424A44B0100A3
S3150000F6A0F84E0100844B01000148FFF78BBF00BFF5
S3150000F6B000380424030548BF20F40060174B58BFE8
S3150000F6C040F40060D1B11A8A93ED057A801A07EEEC
S3150000F6D0900AF8EEE77A67EE877AFDEEE77A17EE9C
S3150000F6E0903A18B2B0F5805F11DA002812DDB0F555
S3150000F6F0006F10DBA0F5006000B270471A8993ED29
S3150000F700037A801A07EE900AF8EEE77AE3E740F606
S3150000F710FF70EFE7002000F50060EDE7A44B010065
S3150000F72010B4034C2468646CA4465DF8044B60472F
S3150000F73000013000034B1B680A469B6C01460248D9
S3150000F740184700BF0001300000140424B0F1884FB0
S3150000F75007D0054B984204D0044BC31A584258416F
S3150000F76070470020704700BF0001004400180424C1
S3150000F7708B1E70B50D46052B04D8DFE803F0494B08
S3150000F7804D4F515384694368B3F1884F05D0554AAC
S3150000F790934202D0544A93424ED16078534B3F284D
S3150000F7A01B6841D9032D05D14038D3F8F03001212B
S3150000F7B0C0B298474D4B60781B684038D3F8E830A4
S3150000F7C0C0B2984762784A48403A0623D2B200212E
S3150000F7D0FFF7A6FFE07820B1444B1B68D3F8C03092
S3150000F7E09847032D06D1414B60781B680121D3F859
S3150000F7F0D43098473D4B60781B68D3F8C83098479B
S3150000F800A378627821783B48BDE87040FFF788BF4F
S3150000F810C469B8E7046AB6E7446AB4E7846AB2E73B
S3150000F820C46AB0E7046BAEE7A0F11902052AD1D885
S3150000F830D3F8B8309847CDE72F4A934250D1002CE1
S3150000F8404ED062783F2A18D9032D07D1274B1B6863
S3150000F850403AD3F8F0300121D0B29847234B607874
S3150000F8601B684038D3F8E830C0B298476278A3786E
S3150000F87021781F48403AD2B2C6E71E4821780923AC
S3150000F880FFF74EFFE07820B1184B1B68D3F8C03065
S3150000F8909847032D06D1154B60781B680121D3F8D4
S3150000F8A0D4309847114B60781B68D3F8C830984716
S3150000F8B021780F4862780023FFF732FF6078A1783D
S3150000F8C0A0F12E03032B02D82638C0B202E00F287F
S3150000F8D004D10720BDE87040FFF72CBF0638F4E7D7
S3150000F8E070BD00BF00010044000002450001300069
S3150000F8F000C004240000134600180424F0B5436831
S3150000F90085B00024B3F1884F019405460294039410
S3150000F9100AD06D4A934207D06C4A93423ED06C4C53
S3150000F920181B44424441E4079A680192019A02F086
S3150000F9300602062A1AD15B690293029FB90730D4E0
S3150000F94000267A0707D56B6901221A721B6813B164
S3150000F9504FF4007098473B0736D56B690122DA7180
S3150000F9601B6813B14FF4807098473443019B990785
S3150000F9703ED56B691E6910201A6A696896422DD1B8
S3150000F9804A6822F002024A60002283F826201B6899
S3150000F99044F0010463B32046984729E04FF08044C1
S3150000F9A0C2E76B6901225A711B680BB12020984788
S3150000F9B06B6993F82820032AC2D193F82660003E8B
S3150000F9C018BF01263601BCE7F806CED56B690122C1
S3150000F9D09A711B68002BC8D08020C5E79F69013843
S3150000F9E0BF5C0F6002F101021A62C5D1B242C7D0F4
S3150000F9F0019B5A0739D56A685369DB072AD56B69B3
S3150000FA0011685A69DB69D1546B69DA69D9680132C0
S3150000FA108A42DA611ED169684A6822F001024A60A8
S3150000FA2093F82820023A0021012A197146D893F842
S3150000FA30272083F82710022A40D0032A40D002F15B
S3150000FA40FF3CDCF1000242EB0C021B6814430BB1D5
S3150000FA50204698476B69D969DA68914205D01B68D8
S3150000FA6044F040040BB120469847019810F00F006F
S3150000FA7028D16B686A789B690393039BA978D7069C
S3150000FA8044BF980200F48060560603D59F0748BF1E
S3150000FA9040F40060CE0703D5590748BF40F4005034
S3150000FAA0120603D51B0748BF40F480506B691B68DC
S3150000FAB043B1204305B0BDE8F04018470222C4E731
S3150000FAC00422C2E705B0F0BD000100440000024573
S3150000FAD000180424012810B41ED1516900240B69B2
S3150000FAE081F826400B625368B3F1884F12D00C4A56
S3150000FAF093420FD00B4A934204D00B4A9A1A5342B0
S3150000FB00534158000B683BB180075DF8044B40F049
S3150000FB10010018472046F5E75DF8044B704700BF23
S3150000FB20000100440000024500180424012810B416
S3150000FB302AD15169CB68CB6191F82830023B002469
S3150000FB40012B0C7105D891F8273081F82740022B3C
S3150000FB5016D102205368B3F1884F1AD00F4A934248
S3150000FB6017D00F4A934216D00E4A9A1A534253415F
S3150000FB705B000A6842B15DF8044B40EA83701047A7
S3150000FB80032B04D0012BE5D05DF8044B704704200D
S3150000FB90E0E70023EDE70123EBE700BF00010044A7
S3150000FBA0000002450018042437B50C46496805468E
S3150000FBB00846FFF7CBFD354B6269186092F829308D
S3150000FBC013F0010356D1B1F1884FC2E90053137205
S3150000FBD082F8263082F8243002D02D4B994212D179
S3150000FBE02C4B10229A602C4BA26BDB69019294F885
S3150000FBF034200092D3F8A45094F83C20002301212D
S3150000FC004FF08C40A8476268244B9A4215D103F105
S3150000FC105F4303F5213310229A601F4BA26BDB6909
S3150000FC20019294F834200092D3F8A45094F83C2022
S3150000FC30012319464FF08C40A8476268184B9A4238
S3150000FC4010D103F5D8434FF400125A64124B228F99
S3150000FC501B6A0092DD6994F83C2094F8353011480F
S3150000FC600121A847E36843B9236933B963690122CF
S3150000FC7083F82920002003B030BD044802F0C0FA02
S3150000FC800028F3D04FF0FF30F5E700BFFC4E01002F
S3150000FC9000010044008404240001300000000245F5
S3150000FCA00018042400140424426838B5044610469B
S3150000FCB0FFF74CFD1F4DB2F1884F286002D01E4B56
S3150000FCC09A4210D11D4BDB69D3F8E83000214FF082
S3150000FCD08C409847E368C3B92269B2B963690020CA
S3150000FCE083F8290038BD164B9A4205D1134BDB69C0
S3150000FCF00121D3F8E830EAE7124B9A42EAD10F4BDA
S3150000FD0011481B6A0821DB6BE3E71979286803228F
S3150000FD10013102F009FC10B14FF0FF30E2E7236930
S3150000FD20286819790322013102F0FEFB0028D5D09C
S3150000FD30F2E700BFFC4E0100000100440001300064
S3150000FD4000000245001804240014042438B50C46AB
S3150000FD504968464D02460846FFF7F8FC286022B17E
S3150000FD60022A60D06FF0030038BD94F90830002BEA
S3150000FD700DDB5A09012103F01F03994002F120030C
S3150000FD803B4A42F82310BFF34F8FBFF36F8FE368F0
S3150000FD9023BB23698BBB6368364AB3F1884F38D1DE
S3150000FDA01023D36094F90830002B09DB5A0901218E
S3150000FDB003F01F03994002F160032D4A42F8231015
S3150000FDC0636900225A601A7283F8262093F8292064
S3150000FDD022F0020283F829200020C5E7626992F822
S3150000FDE02620002AD5D019792868013102F05CFE58
S3150000FDF00028CED04FF0FF30B6E762691279002AAC
S3150000FE00C9D019792868013102F04EFE0028C2D007
S3150000FE10F0E719498B42C3D018498B42C0D04FF442
S3150000FE2000139364BEE7626992F82930D807E1D5DA
S3150000FE3013F00203D0D14B605360137282F8263060
S3150000FE404FF44073138594F90830002BC4DB03F09C
S3150000FE501F015B099B0003F1604303F56143012227
S3150000FE608A40C3F880211A60B6E700BFFC4E010045
S3150000FE7000E100E000840424000100440000024583
S3150000FE802DE9F04F5468DFF830A18BB006462046C6
S3150000FE90FFF75CFC884691468346CAF80000002EB0
S3150000FEA07AD0002978D0526992F82930590704D4BB
S3150000FEB04FF0FF300BB0BDE8F08F92F82630002BE4
S3150000FEC06DD1012782F82670D9F80C509661C2F8D8
S3150000FED010801362002D4DD0B4F1884F09D0314BFC
S3150000FEE09C4206D0304B9C4242D0304B9C42DFD1E4
S3150000FEF00327142200210DEB02000EF0D1FE2B7910
S3150000FF000494013300932A4B01932A4BCDF82080A9
S3150000FF10CDE9023603230693012240F20113694616
S3150000FF205846ADF824308DF8267002F0C3F908B1B2
S3150000FF304528BDD10099DAF8000001AA02F088FA36
S3150000FF400028B5D10099DAF8000003AA02F068FB90
S3150000FF500028ADD1D9F80C30DAF800001979013152
S3150000FF6002F052FDDAF8000002F0EEFD0020A1E7F3
S3150000FF700227BEE763699B0609D5013E0135156276
S3150000FF8016F8011F2160102D01D04545F6D1636892
S3150000FF9043F002036360E9E76FF004008AE76FF05D
S3150000FFA0010087E700010044000002450018042410
S3150000FFB05DEB20087DEB2008FC4E01002DE9F04F9B
S3150000FFC054683F4F8BB081462046FFF7BFFB8846FB
S3150000FFD0164682463860B9F1000F6BD0002969D009
S3150000FFE0536993F82920520761D51A79012A64D0FA
S3150000FFF0002201255D601A72D6F810B0D960C3F8E8
S315000100001490DA61BBF1000F4CD0B4F1884F09D0DE
S315000100102C4B9C4206D02C4B9C4241D02B4B9C42F4
S3150001002045D103251022002106A80EF039FE9BF8C2
S315000100300430CDF8109001330093254B0193254BE5
S31500010040CDF82080CDE902340323059301224FF434
S31500010050817369465046ADF824308DF8265002F07A
S3150001006029F908B1452822D10099386801AA02F078
S31500010070EFF9E0B90099386803AA02F0D1FAB0B9EC
S31500010080336938681979013102F0BEFC96F84030BF
S3150001009013B9386802F058FD00200BB0BDE8F08FA7
S315000100A00225BFE7636843F001036360F4E74FF09D
S315000100B0FF30F2E76FF00400EFE76FF00100ECE7C5
S315000100C0FC4E010000010044000002450018042412
S315000100D05DEB20087DEB20082DE9F0475D68854F33
S315000100E01C4680462846FFF731FB63693860924615
S315000100F093F829208946910703D44FF0FF30BDE8D4
S31500010100F0875FFA88F6A6F11501052900F2D88075
S31500010110DFE801F00318283F6890B9F1000F0CD011
S3150001012002212046FFF724FB626992F8293043F049
S31500010130080382F829300020E1E722F0080283F85B
S315000101402920F8E7B9F1000F09D003212046FFF76E
S315000101500FFB626992F8293043F01003E9E722F0B8
S315000101601002ECE7B9F1000F0CD093F82620002A13
S3150001017040F0DF81EA6842F04002EA60012283F83A
S315000101802620D8E7EA6822F04002EA6083F8269042
S31500010190D1E76A6822F002026A60D4E90321E1B973
S315000101A0B2B10D21A96093F826309BB1B5F1884F04
S315000101B008D0514B9D4205D0504B9D4202D0504B29
S315000101C09D4207D11179013102F06EFC10B194E71D
S315000101D00523AB6063690022D1E70D21A960002ADE
S315000101E0E1D1F7E76A6822F001026A6022694AB939
S315000101F0E3682BB90323AB60636900221A719AE79E
S315000102000B23F8E70B21A9601B79002BF4D0B5F17C
S31500010210884F08D0384B9D4205D0384B9D4202D0BD
S31500010220374B9D42E8D11179013102F03DFC00289E
S31500010230E2D062E76A6822F003026A60E2685AB9AC
S31500010240226902BBE368002B38D1072362689360F9
S31500010250636900221A7192E793F82630002BEFD0DA
S31500010260B5F1884F08D0244B9D4205D0234B9D42C2
S3150001027002D0234B9D42E3D11179013102F014FCE6
S315000102800028DDD039E763691B79BBB16368B3F137
S31500010290884F08D018498B4205D018498B4202D0A5
S315000102A017498B420AD111793868013102F0FCFBFA
S315000102B000287FF422AF2369002BC3D00F23C5E7A3
S315000102C0721E132A00F23881DFE812F040001C008A
S315000102D04E00610071008800360136013601360193
S315000102E0360136013601360136018F008C00880051
S315000102F092008800FC4E0100000100440000024506
S315000103000018042494F84030002B6BD08F4B9D428B
S3150001031068D123789A0719D501212046FFF728FAD3
S3150001032063689A6D42F001029A659A6D42F0020283
S315000103309A6594F84120996D003A18BF012262F33B
S31500010340041199659A6D42F020029A6508F4E065F8
S31500010350B5F5A06F64D04FD8002D64D0B5F5807F78
S3150001036063D06FF00800CAE6784B9D423AD12378F4
S315000103705B0737D501212046FFF7FAF963689A6DC5
S3150001038042F001029A659A6D22F00202D0E72378C3
S315000103901F07DBD52A6C42F001022A642A6CC3F3DB
S315000103A0400383F0010363F341022A64CEE7B5F10A
S315000103B0884F02D0654B9D4214D12378D80611D5BA
S315000103C006212046FFF7D4F907212046FFF7D0F989
S315000103D06268136943F040031361B7E7267816F0A4
S315000103E02006B3D06FF0060089E683F82490A2E6D2
S315000103F0267816F04006F4E7B5F5C06F17D0B5F5C7
S31500010400E06FAED10025022708F44053B3F5805FB3
S3150001041010D0B3F5005F1BD073B16FF009006EE623
S3150001042000250027F0E70327EEE70925F9E7002570
S315000104300127E9E747F0180708F44043B3F5804F71
S3150001044009D0B3F5004F06D03BB16FF00A0056E66E
S3150001045047F00807F0E747F0040708F44033B3F51F
S31500010460003F42D02BD883BBB31E012B05D818F40D
S31500010470802F64D118F4002F64D1D4F80480D8F801
S31500010480103023F01003C8F8103022465146484672
S315000104900CF036FF6369012183F82860C8F808105B
S315000104A0C8F80C70C8F8CC50D8F8AC2061F3C40277
S315000104B0C8F8AC2093F8292042F004023FE6B3F5D0
S315000104C0403F22D06FF00B0019E66378190703D578
S315000104D005212046FFF74CF994F90030002BF1DA9B
S315000104E06268136943F022030DE06378DA0603D5E7
S315000104F004212046FFF73CF96378DB07E2D5626801
S31500010500136943F020031361AEE7637803F0180320
S31500010510182B07D104212046FFF72AF90521204689
S31500010520FFF726F9238803F4C073B3F5C07FD7D04C
S31500010530C8E76FF00100E2E56FF00300DFE56FF059
S315000105400C00DCE56FF00D00D9E500BF00010044A9
S315000105504B6993F829305B0732D54B68002B32D0B3
S31500010560032830D8DFE800F0020B121F4A78120781
S3150001057029D51A6922F002021A61002070474A78C9
S31500010580100720D51A6942F00202F5E7B3F1884F48
S3150001059002D00E4A934216D14A78910613D51A69AA
S315000105A022F00102E8E7B3F1884F02D0074A9342ED
S315000105B009D14A78920606D51A6942F00102DBE7AB
S315000105C04FF0FF3070476FF00300704700010044A1
S315000105D0014BDB695B6E184700013000014BDB699B
S315000105E09B6B184700013000014BDB695B6A1847BA
S315000105F0000130004B4B994270B50C4615460ED999
S31500010600FCF746F8042808D8474B1B782BB1474915
S3150001061040F2CB1202200CF0ABFC21244FE0444BFC
S3150001062099420AD9434B4FF400125A62424B1022A7
S315000106309A615A6C42F010025A64012841D002288C
S315000106405CD048BB3D4B3E4EDB690121D3F8EC3013
S31500010650A422084698473B4B9C60FFF7C5FF3A4BDF
S315000106609D4205D10EF094FE736823F440437360F6
S315000106704FF45943A6F86030304BDB699B682A4634
S3150001068021464FF08C40984738B9304B9C42304B4D
S315000106902DD9DA6E92032AD500200CF0EBFE044622
S315000106A068B1FBF7F5FF042809D81F4B1B7833B156
S315000106B028494FF4F673224602200CF059FC2046D5
S315000106C070BD204B1E4E5C61FFF782FF1E4B9D42A3
S315000106D005D10EF05DFE736823F4404373604FF459
S315000106E05943A6F8A030154BDB699B6DC7E74FF45C
S315000106F080229A664FF400329A66CDE7114B9C61CF
S31500010700FFF76CFF0EF044FE0D4B4FF45942A3F870
S31500010710E0200A4BDB692A46DB6B21464FF08C4011
S315000107209847BAE70095BA0A0C450100307C2008C3
S31500010730FF0D270700002820008000460001300039
S315000107400080184638460100005A62027F4A5D055C
S3150001075000840424797C2008F8B53F4B994206466B
S315000107600F460DD83D4A536A23F4001353623C4B9E
S315000107709A6922F010029A615A6C22F010025A64A8
S31500010780002211464FF08C4000F032FE04460CF078
S3150001079071FE054678B1FBF77BFF042809D8314B7A
S315000107A01B7833B130494FF4C3732A4602200CF04B
S315000107B0DFFB2846F8BD002EFBD0042E13D12B4AB1
S315000107C039460120FFF716FF04B220460CF052FE0F
S315000107D00446A8B1FBF75CFF042802D8214B1B781D
S315000107E033B92546E5E7022EEFD1204A3946E9E736
S315000107F01F4940F29D13224602200CF0B9FBF0E797
S31500010800024631464FF08C4000F0F2FD0CF032FE0C
S31500010810044660B1FBF73CFF0428E2D8114B1B7874
S31500010820002BDED0134940F2A7132246E4E7124B10
S315000108304FF47A721B68B3FBF2F3013BB3F1807F8D
S31500010840B7D24FF0E022FC2153610C4B83F8231001
S31500010850072390611361ACE7FF0D270700002820ED
S31500010860008000460C450100CA7C2008005A62023D
S315000108702A7D2008807D20088846010000ED00E0E1
S3150001088037B50EF085FD03214FF08C4000F04CFD8D
S315000108900EF07EFD032000F075FE1B490220FFF7D6
S315000108A05BFF044678B1FBF7F3FE042808D8174B23
S315000108B01B782BB116498F23224602200CF058FBD8
S315000108C0204603B030BD134A13490120FFF792FEBB
S315000108D0044658B1FBF7DCFE0428F1D80B4B1B7814
S315000108E0002BEDD00D499A232246E6E70C4B012257
S315000108F0DB690092D3F8A0500246034602214FF06D
S315000109008C40A847DCE700BF0095BA0A0C450100F8
S31500010910D87D2008005A620200688909267E2008CF
S3150001092000013000022806D0042808D0012805D18C
S31500010930044B18707047044B01221A707047014B23
S31500010940FAE700BF024F0100014F010070B50446EE
S315000109500568FBF7EFFD844202D10020FBF70EFE8E
S31500010960074B186803F002FB48B9C4E90000C4E963
S315000109700500E0602B692846BDE87040184770BD48
S31500010980044F0100014B186803F0F0BA044F01004F
S315000109902DE9F3471F464368DFF858A0DFF8589062
S315000109A09A4228BF1A460546884614460026B4428E
S315000109B00CD12968224640460EF0A8F9002C0CBF3E
S315000109C01B2000203C6002B0BDE8F087DAF8000089
S315000109D001220DF1070103F065FB99F80030002BA8
S315000109E0FBD0002389F800302B689DF807209A5523
S315000109F00136DCE7044F0100014F010007B5074B43
S31500010A008DF80710186801220DF1070103F002FBAA
S31500010A1008B9034B187003B05DF804FB044F0100DD
S31500010A20024F0100F8B50D4616460446182200216C
S31500010A3028461F460EF034F933682B6073686B60E5
S31500010A40337A2B75089B2B61084BAF606360084BAB
S31500010A50E360084B6361084BA361084B2560236182
S31500010A602046FBF78BFD0020F8BD00BFD5E4210829
S31500010A7091192108CDE42108D1E421084D19210855
S31500010A802DE9F04F87B08146DDF840808A4614464D
S31500010A901D469BB31A4EDFF874B03378012B05D18E
S31500010AA0DBF8000003F062FA28BB3070154B0293A5
S31500010AB001270023CDE900334146134BCDE90377E6
S31500010AC052464846FFF7AEFF2B7888F818306B7808
S31500010AD088F819300D49207D03F048F958B9DBF83B
S31500010AE00000214603F036FB28B90949207D03F0B1
S31500010AF0EDF900B9377007B0BDE8F08F2220FAE7AB
S31500010B00004F010085192108FD192108044F010034
S31500010B10251921080E4B0F484FF0FF3170B50A46D3
S31500010B201D68044600239D4207D1531C1FBF54F87C
S31500010B3022301A68084B1A6070BD50F8046B367A79
S31500010B40072E02D109B11A4600210133EBE700BF96
S31500010B5094BE2008105C00007845010000487047EB
S31500010B6040420F001FB5012300930C4B93E8070089
S31500010B7001AC84E8070068460CF09BFD58B9204695
S31500010B8002F01CFE38B90649032002F049FF10B9EC
S31500010B90032002F001FF04B010BD00BFB8BF20085A
S31500010BA0191C210808B518B101280BD0002008BD71
S31500010BB0084B1B78002BF9D0074B9869074B1B682C
S31500010BC01844F4E70EF0C4FB0028EFD1044B186873
S31500010BD00F30ECE7104F0100002004240C4F0100F8
S31500010BE0144F010008B50EF0B3FB58B9064B9A69CC
S31500010BF0064B1B680F339B1A054A1360054B0122EE
S31500010C001A7008BD0120FCE700200424144F0100DE
S31500010C100C4F0100104F010008B5FBF739FD022802
S31500010C200CD8074B1B784BB1064B1A68511C19603F
S31500010C300020BDE8084004490CF09AB908BD00BF80
S31500010C400C450100084F01007B7E200808B5084BC2
S31500010C5000221A70FBF7BCFC43689847032002F098
S31500010C60BDFE20B9BDE80840032002F04BBF08BD18
S31500010C70104F010030B5104A07CA85B001AB83E8B1
S31500010C800700184602F09AFD044678B90CF0D2F92D
S31500010C900CF0D2F901212046FFF7A4FFFBF798FCDF
S31500010CA0054630B1436898472B689847204605B0FA
S31500010CB030BD0124FAE700BFB8BF200800487047DD
S31500010CC0205D000010B5002486B0012321460820CE
S31500010CD0ADF808308DF80430CDE903448DF80040B5
S31500010CE08DF80A4005940EF083FA68460EF004FB6F
S31500010CF001AB02A9204603938DF808400EF0CCFA09
S31500010D0020460F210EF040FB20460F210EF0B0FACF
S31500010D100EF0D6FA20460EF08FFA074B4FF480629A
S31500010D205A60064B4FF480021A60182283F8162384
S31500010D300EF0A2FA06B010BD0000081200E100E0B4
S31500010D40044B4FF48072DA63034B4FF400629A60EE
S31500010D50704700BF008104240000081208B51E4B2D
S31500010D604FF400621A601D4AD2F88C3743F40043EF
S31500010D7043F08003C2F88C37D2F88C375B06FBD57B
S31500010D80D2F88C37DFED166A164A9FED177A92680C
S31500010D9003F03F03262B28BF262307EE903AF8EEF1
S31500010DA0E77A77EEA67A67EE877A92B1C2F31503F0
S31500010DB007EE103AB8EEC77A37EE267AC7EE876A9B
S31500010DC0FFF7BEFF044B4FF400625A6016EE900A1D
S31500010DD008BD9FED067AF1E70000081200A0052480
S31500010DE089410B421863000033335340C4A0834248
S31500010DF0F0B5A24CA24BA2680578A24E02EA030105
S31500010E00027802F001020A439F49A2608A6802EA57
S31500010E100304427802F00102920042EA951222434B
S31500010E208A600A69457802EA03040278C2F3440239
S31500010E302243964C0A61A26802EA0301827802F013
S31500010E400302520142EAD5020A439149A2608A6825
S31500010E5084781A4042EA94028E4C8A60A268C1786C
S31500010E601A4001F01F011143A160B268047902EA38
S31500010E70030504F03F04C278640044EAD214C2F3C5
S31500010E80411242EA84022A43B260834E4579B2682E
S31500010E9002EA0304027905F07F05920942EA850216
S31500010EA022437E4DB260AA6802EA0304C27902F0C7
S31500010EB00F0222437A4CAA60A268C579067A1A40C3
S31500010EC042EA1512774DA260AA6802EA0304427C3F
S31500010ED002F07F022243AA60734DAA6802EA030464
S31500010EE0027A02F07F022243AA60704DAA6802EAE2
S31500010EF00304427A02F01F02520042EAD61222434A
S31500010F006B4EAA60B268857A02EA0304C27A52007D
S31500010F1042EAD512057B05F0010542EA4522224344
S31500010F20644DB260AA68467A02EA0304827A02F044
S31500010F307F02D20042EA56122243AA605E4D5F4EFC
S31500010F40AA6802EA0304B0F80D202243AA60B26837
S31500010F50457D02EA0304027D05F00F0542EA0522FA
S31500010F602243574DB260AA68564E02EA0304427DF7
S31500010F70C2F302122243AA60B268C57D477902EA2A
S31500010F800304827D05F00F0542EA05222243B26081
S31500010F904D4EC57DB26802EA0304027E120142EAA1
S31500010FA01512457E05F00F0542EA05322243474DEB
S31500010FB0B260AA68467E02EA0304827E120142EA10
S31500010FC016122243AA60424DAA6802EA0304B0F847
S31500010FD01B202243AA603F4DAA6802EA03048279D4
S31500010FE0560802F00102520042EAD71242EA86028C
S31500010FF02243847CAA60457C90F8246004F00F02A9
S31500011000520052EAD512344D1EBFA9681940114348
S31500011010A960324D1A4AAB6803EA0201437F03F025
S315000110200F030B43AB602E4DAB6803EA0201837FCE
S31500011030C3F383030B43AB602A4DAB6803EA02019A
S3150001104090F8253003F007035B0043EAD6130B4300
S31500011050AB60254DAB6803EA0201C37C03F00303D1
S315000110605B0043EAD4130B432049AB608B681A40FB
S31500011070837CC3F3021313438B60F0BDF863000056
S315000110800000C0FF80630000E4630000CC63000041
S31500011090B4630000A8630000646300003C630000C1
S315000110A030630000C0630000246300001863000081
S315000110B00C63000010640000F4620000006300008D
S315000110C070620000E8620000DC620000D06200008D
S315000110D0C4620000486300009C630000B86200001F
S315000110E0AC620000A0620000886200009462000009
S315000110F0F0B5194D194C2B88E5B004F11001002605
S3150001110000274FF4C2726846ADF88431CDE96267B3
S315000111100DF0FCFD94E80F0000F0FAFD62A800F066
S3150001112015FF2B78687843EA002000F0E3FFDDE93C
S31500011130624532463B46204629460AF027F848B121
S31500011140074B0022204629460AF00CF810B1002070
S31500011150FCF7B2F865B0F0BD7CC12008E8BF2008F5
S3150001116000004E4010B50A4A0A4BD2F80815D3F8CA
S315000111700240E405FBD440EA5110C2F80805D3F851
S315000111800220D205FBD4024BD3F8083510BD00BFAF
S3150001119000A005240000052410F4405F0F4B0BD07E
S315000111A0D3F8042522F48012C3F80425D3F80425C4
S315000111B022F40012C3F80425D3F80825084BD3F806
S315000111C00210C905FBD4C04300EA5210034AC2F813
S315000111D00805D3F80220D205FBD4704700A00524E8
S315000111E0000005240D4A0E49D2F81035013823F0C6
S315000111F0030310B5C0B2C2F81035D1F80230DC05D0
S31500011200FBD4D2F81045012383402343C2F810359D
S31500011210D1F80230DB05FBD410BD00BF00A00524C8
S3150001122000000524024A93686FF315039360704723
S3150001123070620000034AD2F8383723F00403C2F87B
S315000112403837704700800524064B074A996C0748D2
S31500011250DA620229D96C08BF1A60022908BF5A60EE
S315000112600CF072B9384601000048E801CC63000071
S31500011270024B034A03485A630CF066B9384601002B
S315000112800048E801B4630000064B074A996C074819
S315000112901A630529D96C08BF1A60052908BF5A6067
S315000112A00CF052B938460100002D310124630000CB
S315000112B0034B04484FF4FA421A620CF045B900BFD9
S315000112C038460100A8630000034B04484FF4FA4274
S315000112D05A620CF039B900BF384601004863000074
S315000112E001480CF068B900BF0063000001480CF02A
S315000112F062B900BFE862000001480CF05CB900BFAA
S31500011300DC62000001480CF056B900BFD062000053
S3150001131001480CF050B900BFC462000001480CF04E
S315000113204AB900BFF4620000002858D001390529E6
S3150001133055D8DFE801F003131D273442294BD9693B
S31500011340012262F30201D961274B9A645B6C264A3A
S315000113501360836D002BFCDA00207047214BD9699D
S31500011360022262F30201D9611F4B9A64DB6AEEE73E
S315000113701C4BD969032262F30201D9611A4B9A64A3
S31500011380DB6BE4E7194B40229A83164BD969042299
S3150001139062F30201D961144B9A641B6CD7E7114BB6
S315000113A01A6A42F480121A62D969052262F30201AD
S315000113B0D9610D4B9A641B6BC9E70A4B1A6A42F451
S315000113C080121A621A6A42F400121A62D969062256
S315000113D062F30201D961044B9A645B6BB7E70120A2
S315000113E0704700BF00810424384601000080134184
S315000113F010B5002851D03E2A4FD82A4BDB689C07EE
S3150001140048BF5208052948D8DFE801F003471A25E5
S31500011410303B836A23F00F038362234B1B68234906
S315000114200B60846DE405FCD5846A62F30914846259
S3150001143012B1B3FBF2F30B601B4A0020D36010BD5F
S31500011440836D9B062BD5836A022161F303038362B5
S31500011450154B9B68E3E7836D5C0620D5836A032100
S3150001146061F303038362104B1B69D8E7836D190788
S3150001147015D5836A042161F3030383620A4B5B6911
S31500011480CDE70B4B5B6A5B0709D5836A052161F3DF
S3150001149003038362044B9B6BC1E70120CFE741F253
S315000114A00170CCE700860424384601008846010015
S315000114B00014042407B50B46114606281BD8DFE89D
S315000114C000F0041E2D333C4A53002C48026A42F4B4
S315000114D08002026213B90A200CF092F8284BD3F865
S315000114E01C2122F08012C3F81C21D3F81C2142F0E2
S315000114F00122C3F81C21002003B05DF804FB1F4A3A
S31500011500106A40F480101062106A40F400101062F4
S31500011510002BF0D10A200CF073F8ECE71748026AA9
S3150001152042F480120262F3E71448026A42F400228E
S315000115300262002BDFD10220EDE7104A136A43F461
S31500011540802313624FF4FA7001910CF059F8019956
S3150001155040F2DC50DFE70948026A42F400320262D7
S31500011560002BC8D1FA20D6E70448026A42F4803239
S315000115700262002BBFD19620CDE700BF0081042473
S3150001158000800424013808B505284FD8DFE800F0AB
S31500011590030F1923303F264BD969012262F3124109
S315000115A0D961244BDA645A6C5A60002008BD204B7D
S315000115B0D969022262F31241D9611E4BDA64DA6AF1
S315000115C0F2E71B4BD969032262F31241D961194B28
S315000115D0DA64DA6BE8E7184B40229A83144BD9692F
S315000115E0042262F31241D961124BDA641A6CDBE709
S315000115F0002201210220FFF75DFF0D4BD96905226B
S3150001160062F31241D9610B4BDA641A6BCCE7012103
S3150001161000220846FFF74EFF054BD969062262F301
S315000116201241D961034BDA645A6BBDE70120BDE76C
S31500011630008104243846010000801341002370B55F
S31500011640194600F1F2041A4634F8026FDDB201338D
S31500011650B6B10132D2B2012A11D99A420FD0FBF7A3
S3150001166017F8042808D8314B1B782BB140F2994260
S315000116702F4902200BF07CFC2324204670BD29460D
S31500011680102BE1D12B4B1B7893420AD0FBF700F8C4
S315000116900428F1D8254B1B78002BEDD040F2A2424D
S315000116A0E6E7012A0DD1037899420BD0FAF7F0FF4C
S315000116B00428E1D81D4B1B78002BDDD040F2AC424B
S315000116C0D6E70023C2185278012A1AD800EB830004
S315000116D04369C3B1184A934225D8D0F81431174A41
S315000116E0934206D9D0F85421154B9A4209D80024C1
S315000116F0C3E7B3F53D3F04D8D0F85431B3F53E3FC7
S31500011700F5D3212400E02D24FAF7C2FF0428B4D82A
S31500011710064B1B78002BB0D0054940F2CB42022084
S315000117200BF026FCA9E72824EEE700BF0C450100D3
S31500011730937E2008184F0100A0252600FFFF0524EF
S31500011740001B062411B1042900D07047014B1B6808
S31500011750184700BF1C4F0100012808B502D80139FE
S315000117600F290ED9FAF794FF042808D8064B1B78DF
S315000117702BB1064940F27E4202200BF0F9FB2120F3
S3150001178008BD0020FCE700BF0C450100E57E2008EE
S3150001179008B52DED028BFFF7E1FADFED087A08EEC9
S315000117A0100AB4EEE78AF1EE10FA02D504480BF0FE
S315000117B0CBFE18EE100ABDEC028B08BD9A991940B2
S315000117C05865000084B070B52DED028BE4B06AACAB
S315000117D09DF83C639DF83D539DEDD08A84E80F004A
S315000117E029463046FFF7B8FFA0B1FAF751FF0428A2
S315000117F007D8654B1B7823B16449912202200BF06F
S31500011800B7FB2124204664B0BDEC028BBDE87040D5
S3150001181004B070475E4B6AA81D70FFF70FFF0446C0
S3150001182068B1FAF735FF0428ECD8574B1B78002B23
S31500011830E8D058499B2202200BF09AFBE2E7012DE2
S3150001184008BF9DF8A8416AAB03EB4404012EB4F826
S31500011850F43011D1012B0FD9FAF71AFF042801D957
S315000118602B24CFE7484B1B78002BF9D0A4224A49F9
S3150001187002200BF07DFBF3E7013B9BB240F2FE3207
S31500011880934209D9FAF704FF0428E9D83E4B1B789D
S31500011890002BE5D0AA22EAE7404A4148D2F88C3724
S315000118A043F40043C2F88C370BF04EFE4FF4803000
S315000118B0FFF758FC3B4B0C22DA64DA653A4ABDF86D
S315000118C03C336292ADF884314FF4C2726EA9684618
S315000118D0D6B9012D18D90DF019FA6AAB0FCBFDF760
S315000118E02DF90BF090FE0446A8B1FAF7D1FE0428B3
S315000118F088D8254B1B78002B84D02C49C42322463B
S3150001190002200BF035FB7DE70DF000FA6AAB0FCB39
S31500011910FDF7B4F9E5E7FFF73BFFDFED257AB4EE16
S31500011920E78AF1EE10FA014606D4DFED227AB4EE2B
S31500011930E78AF1EE10FA0DDDFAF7AAFE04283FF662
S3150001194060AF114B1B78002B3FF45BAF1A494FF484
S31500011950857253E718EE100AFCF720F90BF053FED7
S31500011960044600283FF44EAFFAF792FE04283FF6EC
S3150001197049AF054B1B78002B3FF444AF0F4940F2AA
S3150001198011132246BCE700BF0C450100277F200842
S31500011990184F0100677F2008AF7F200800A00524AB
S315000119A0AC6400000084042445272108EE7F20084A
S315000119B06666E63F666666402E80200880802008BF
S315000119C084B070B5E2B066AC9DF82C639DF82D53DA
S315000119D084E80F0029463046FFF7BEFEA0B1FAF7AC
S315000119E057FE042809D8284B1B7833B127494FF4F1
S315000119F09673212202200BF0BBFA2124204662B005
S31500011A00BDE8704004B0704766A8FFF717FE0446AC
S31500011A1078B1FAF73DFE0428F0D81B4B1B78002B52
S31500011A20ECD01B494FF49B73224602200BF0A0FA1F
S31500011A30E4E7BDF82C33ADF884314FF4C2726AA9DC
S31500011A406846CEB9012D17D90DF060F966AB0FCBFB
S31500011A50FDF77AFA0BF0D7FD04460028CED0FAF747
S31500011A6017FE0428CAD8084B1B78002BC6D0094993
S31500011A704FF4A4732246D8E70DF048F966AB0FCBB5
S31500011A80FDF7ECFBE6E700BF0C450100E580200809
S31500011A9054812008BD81200808B5034670B9FAF7BC
S31500011AA0F7FD042808D8104B1B782BB10F4940F2DB
S31500011AB0611202200BF05CFA222008BD0C4A106864
S31500011AC078B1FAF7E5FD042802D8074B1B780BB964
S31500011AD00420F2E7074940F2671202200BF048FAA8
S31500011AE0F6E71360E9E700BF0C45010023822008F1
S31500011AF01C4F01006382200810B50B480BF07CFBDC
S31500011B000BF081FD044668B1FAF7C2FD042809D835
S31500011B10064B1B7833B106494FF443732246022024
S31500011B200BF026FA204610BD003804240C450100AE
S31500011B30A382200813B5C0F30721ADF80400C0B293
S31500011B40FFF70AFEB8B90198FCF722FB0BF05BFD23
S31500011B50044668B1FAF79CFD042809D8074B1B789F
S31500011B6033B107494FF44C73224602200BF000FAB9
S31500011B70204602B010BD2124FAE700BF0C45010042
S31500011B800D83200813B5C0F30721ADF80400C0B2D8
S31500011B90FFF7E2FDB8B90198FDF72AF90BF033FD1D
S31500011BA0044668B1FAF774FD042809D8074B1B7877
S31500011BB033B107494FF45273224602200BF0D8F98C
S31500011BC0204602B010BD2124FAE700BF0C450100F2
S31500011BD04F83200813B5C0F30721ADF80400C0B246
S31500011BE0FFF7BAFDF0B90198FDF780F90BF00BFD8F
S31500011BF0044668B1FAF74CFD042809D80A4B1B784C
S31500011C0033B10A4940F22F43224602200BF0B0F9C4
S31500011C10074B00221A60074B4FF0013220461A602B
S31500011C2002B010BD2124F3E70C4501008F83200883
S31500011C301C4F0100495D0000042902BF014B01222E
S31500011C401A707047284F010008B5034670B9FAF7B4
S31500011C501FFD042802D8204B1B780BB9222008BD92
S31500011C601E49A52202200BF083F9F7E7407868B1F7
S31500011C70FAF70EFD042807D8174B1B7823B118492C
S31500011C80AB2202200BF074F92120E8E75969154AC5
S31500011C9091420ED9FAF7FCFC042802D80E4B1B78A8
S31500011CA00BB92820DBE70E49B12202200BF060F9BF
S31500011CB0F7E7B3F8F430012BD1D0FAF7E9FC0428A1
S31500011CC002D8054B1B780BB92B20C8E70449B7226C
S31500011CD002200BF04DF9F7E70C450100D3832008EC
S31500011CE034842008A025260008B5FAF7D1FC04287B
S31500011CF008D8054B1B782BB1044940F20F1202207C
S31500011D000BF036F9012008BD0C4501009884200826
S31500011D1084B010B5E4B066AC84E80F009DF82C33AE
S31500011D20012B04D19DF82D33013B0F2B19D9FAF75D
S31500011D30AFFC042807D8434B1B7823B142499322B1
S31500011D4002200BF015F9FAF7A3FC042807D83D4B3E
S31500011D501B7823B13D49CB2202200BF009F921243E
S31500011D6010E066A8FFF770FF044688B1FAF790FC09
S31500011D70042807D8334B1B7823B13549D3220220D7
S31500011D800BF0F6F8204664B0BDE8104004B0704789
S31500011D90304B62934FF4C272BDF82C33ADF88431E7
S31500011DA06AA968460CF0B2FF66AB0FCBFFF70AFDD6
S31500011DB0044650B1FAF76CFC0428E3D8214B1B7892
S31500011DC0002BDFD02449DB22D9E7BDF82C33ADF84F
S31500011DD084314FF4C2726AA968460CF097FF66AB6C
S31500011DE00FCBFFF7EDFD044650B1FAF751FC04287D
S31500011DF0C8D8144B1B78002BC4D01849E322BEE780
S31500011E001748FFF749FE044650B1FAF741FC04288A
S31500011E10B8D80C4B1B78002BB4D01249EB22AEE795
S31500011E20CB98FFF787FE04460028ABD0FAF730FCC3
S31500011E300428A7D8034B1B78002BA3D00A49F32209
S31500011E409DE700BF0C450100138520086785200822
S31500011E50BB8520083D0A274017862008658620088D
S31500011E60392C2108C88620082987200884B000B5A6
S31500011E70E3B00DF5C87C8CE80F0014238DF8E4312E
S31500011E806046104B8193FFF7DFFEB0B901460E4A5B
S31500011E900E480BF0D2F90E4B4FF4C2721B88ADF807
S31500011EA0843168A968460CF031FF64AB0FCBFFF7AC
S31500011EB087FD10B1FFF718FF012063B05DF804EB51
S31500011EC004B0704700004C42C4BF2008143A0424F1
S31500011ED07CC1200884B010B5E2B064AC84E80F0080
S31500011EE02046FFF7B1FE044618BBFFF705FE044680
S31500011EF0F8B917238DF8E431114B4FF4C2721B88E0
S31500011F00ADF8843168A968460CF000FF64AB0FCBCD
S31500011F10FFF756FD044660B1FAF7BAFB042808D864
S31500011F20084B1B782BB108494FF4BA7202200BF00B
S31500011F301FF8204662B0BDE8104004B0704700BFEC
S31500011F407CC120080C45010078872008F0B52DEDED
S31500011F50028B0646E3B090B9FAF79AFB042808D833
S31500011F60574B1B782BB157494FF4967202200AF052
S31500011F70FFFF2224204663B0BDEC028BF0BD524D1B
S31500011F804FF4C27205F1100168460CF0BFFE95E8E8
S31500011F900F00FFF76BFF044670B1FAF779FB0428CF
S31500011FA0E8D8474B1B78002BE4D0484940F233125E
S31500011FB002200AF0DDFFDDE7454B1A7862B11870A1
S31500011FC00246012143480BF01FF907EE900A424BE6
S31500011FD0F8EEE77AC3ED007A40494FF4C2726846DB
S31500011FE00CF094FE95E80F00FFF774FF044658B114
S31500011FF0FAF74EFB0428BDD8314B1B78002BB9D01C
S3150001200037494FF4A072D3E7364D0A2700223148EB
S3150001201011460BF0F9F807EE900A013FF8EEE77A60
S3150001202017F0FF07C5ED007AF0D1020540D520F47F
S3150001203000631B041B0C07EE903AF8EEE77AC5ED38
S31500012040007AFFF75FF908EE100AFFF749F908EE83
S31500012050900AFFF763F9204B95ED007AD3ED007AEC
S31500012060DFED216AB8EE488AC0F5707037EE487A1E
S3150001207077EEC87A0130C7EE275A07EE900AF8EED6
S31500012080E77AF8EE688A87EEA67A88EEA66AF0EE17
S31500012090477A45EE867ADFED156A9FED157A17EEDA
S315000120A0A67A17EE100A08F089FDC6E9000161E774
S315000120B040F400631BB207EE903AF8EE677ABEE78A
S315000120C00C450100F0872008E8BF20083C8820085D
S315000120D0284F010000380424204F0100F8BF2008D2
S315000120E0BA882008244F010000007A4400009B436F
S315000120F00080884313B5ADF80400C0B2012804D1AD
S315000121009DF80530013B0F2B1CD9FAF7C1FA0428BB
S3150001211007D81B4B1B7823B11A49932202200AF0D8
S3150001212027FFFAF7B5FA042808D8154B1B782BB107
S31500012130154940F2AD1202200AF01AFF2124204669
S3150001214002B010BD114B5B68DB0713D50198FFF791
S3150001215019FD044670B1FAF79BFA0428EFD8084B2B
S315000121601B78002BEBD00A4940F2B51202200AF087
S31500012170FFFEE4E7019802B0BDE81040FFF72ABD73
S315000121800C450100138520083589200800380424F0
S315000121908B892008014BDB681B6918470001300059
S315000121A00346012B084602D0022B08D07047074B85
S315000121B0182202FB01339B683BB100211847034BF0
S315000121C0182202FB0133DB68F6E770474C50010029
S315000121D00346012B084602D0022B08D07047074B55
S315000121E0182202FB01339B683BB100211847034BC0
S315000121F0182202FB0133DB68F6E770472C4F01001A
S31500012200F8B50468012C05463ED8204E56F8242020
S315000122101AB353681E498B421FD01E498B421CD0EC
S315000122201124FAF735FA042808D81B4B1B782BB171
S315000122301A4940F2151202200AF09AFEFAF728FA14
S3150001224004281FD8144B1B78E3B115494FF48B733F
S31500012250224602200AF08CFE14E0124B1249DB687A
S3150001226012481F68124B51F8241053F8243050F8C5
S315000122702400B8472B6846F8240056F82330002B73
S31500012280CED000242046F8BD2124CAE73C540100E3
S3150001229000000344008007240C450100DB89200867
S315000122A0E189200800013000505D0000605D0000FA
S315000122B0685D0000F8B509B101280FD9FAF7E8F908
S315000122C0042809D8584B1B7833B1584940F2AB134F
S315000122D0212202200AF04CFE2120F8BD0B6870B9BC
S315000122E0202B0ED9FAF7D4F90428F5D84E4B1B78D2
S315000122F0002BF1D04E494FF4DA732122E9E70C2B7A
S31500012300EFE7012A0CD9FAF7C3F90428E4D8464BBA
S315000123101B78002BE0D0474940F2BB132122D8E7B6
S31500012320454C54F8204084B9FAF7B2F9042802D88A
S315000123303D4B1B780BB91120CFE740494FF4E173B0
S31500012340112202200AF014FEF5E7002B39D10028EC
S3150001235014BF0C2520250C2D394C3A4B4FF00105A5
S315000123600CBF4FF00D0C4FF0210C2F46C0B926794A
S3150001237026B90D60C4E90200226027710E688EBB82
S315000123800135654504F1180403F11803EED1FAF796
S315000123907FF9042802D8244B1B7853B946209CE7C1
S315000123A01E79002EEAD10D60C3E902661A601F711B
S315000123B0E4E7254940F29713462202200AF0D8FDA8
S315000123C0ECE7013B182578B91D4C6B43E6183679C5
S315000123D0CEB9E2500B68013B05FB0343C3E902009A
S315000123E001221A71002078E716486B43C418247934
S315000123F04CB9C2500B68013B05FB03030122C3E93B
S3150001240002441A71EEE7FAF743F9042809D8064B94
S315000124101B7833B10D494FF4EE73452202200AF0C1
S31500012420A7FD452059E700BF0C450100158A200884
S315000124305C8A2008A48A20083C540100EA8A200804
S315000124404C5001002C4F0100338B2008748B20085F
S31500012450012838B500D889B9FAF71AF9042801D93B
S31500012460212038BD284B1B78002BF9D027494FF482
S315000124700B73212202200AF07BFDF1E770B92029B6
S315000124800ED9FAF705F90428EAD81F4B1B78002B59
S31500012490E6D01F494FF40D732122EBE70C29EFE734
S315000124A07AB9FAF7F5F8042809D8174B1B7833B12E
S315000124B0184940F23B23222202200AF059FD22202C
S315000124C0CFE7154B53F8203083B9FAF7E1F8042822
S315000124D002D80D4B1B780BB91120C2E70F4940F208
S315000124E04223112202200AF043FDF5E714685268DF
S315000124F00139182530B90A4B05FB0133C3E90242FC
S315000125000020AEE7074BF7E70C450100BF8B20081B
S31500012510088C20084F8C20083C540100988C200818
S315000125204C5001002C4F0100012810B500D879B993
S31500012530FAF7AEF8042809D8314B1B7833B1314983
S3150001254040F25E23212202200AF012FD212010BD55
S3150001255070B920290ED9FAF79BF80428F6D8284B2A
S315000125601B78002BF2D0284940F266232122EAE7A4
S315000125700C29EFE7531E022B0CD9FAF789F8042828
S31500012580E4D81F4B1B78002BE0D0204940F26D2385
S315000125902122D8E71E4B53F820307BB9FAF778F899
S315000125A0042809D8164B1B7833B11A494FF41D7309
S315000125B0112202200AF0DCFC1120C8E7D40701F140
S315000125C0FF3107D41822A8B1134B02FB01330022B5
S315000125D0DA6007E0182438B9104B04FB0133986020
S315000125E09307EFD40020B2E70B4B04FB0133002421
S315000125F09C60F5E7094B02FB0133D860F2E700BFA7
S315000126000C450100E38C20082E8D2008778D2008CB
S315000126103C540100C68D20082C4F01004C5001008E
S315000126202DE9F04F012893B00546164600D809BB9F
S31500012630FAF72EF8042809D8734B1B7833B173497E
S3150001264040F23B33212202200AF092FC4FF0210A8C
S31500012650FAF71EF8042809D86B4B1B7833B16C497D
S3150001266040F29633524602200AF082FC504613B0DD
S31500012670BDE8F08F70B920290ED9FAF709F80428B8
S31500012680E4D8614B1B78002BE0D0624940F242331B
S315000126902122D8E70C29EFE7706960B9F9F7F8FF4D
S315000126A00428D3D8584B1B78002BCFD05A494FF466
S315000126B052732122C7E73368079313B173680893EE
S315000126C08BB9F9F7E5FF042802D84F4B1B7813B9EC
S315000126D04FF0220ABCE7514940F24F332222022031
S315000126E00AF046FCF4E7D6F80CA0BAF1030F02D8BB
S315000126F0B268032A0CD9F9F7CBFF0428A6D8424BB6
S315000127001B78002BA2D0464940F2563321229AE784
S3150001271096F819C00CF0FD03012B0CD0F9F7B8FFA0
S31500012720042893D8384B1B78002B8FD03D4940F2B3
S315000127305D33212287E796F818E0BEF1020F0DD925
S31500012740F9F7A6FF042881D82F4B1B78002B3FF4FD
S315000127507DAF354940F26333212274E7B77E072FF7
S315000127600ED9F9F795FF04283FF670AF264B1B7873
S31500012770002B3FF46BAF2D4940F26933212262E70A
S315000127803369022B0ED9F9F783FF04283FF65EAFB2
S315000127901D4B1B78002B3FF459AF254940F26F338F
S315000127A0212250E7234C54F82540099484B9F9F7BE
S315000127B06FFF042809D8144B1B7833B11E4940F228
S315000127C07533112202200AF0D3FB4FF0110A3FE7BD
S315000127D04C1E4FF01808ADB9184908FB04110979C8
S315000127E091BBF9F755FF042809D8074B1B7833B17C
S315000127F0134940F27E33482202200AF0B9FB4FF01A
S31500012800480A25E70F49E8E70C450100138E200821
S315000128102A9120085F8E2008AC8E2008F88E2008A9
S315000128203E8F20087E8F2008C38F20080D90200838
S31500012830509020083C540100969020084C5001000D
S31500012840DE9020082C4F0100BCF1010118BF0121C7
S315000128500C9118216143002D40F09A80DFF88081A8
S3150001286058F8011001F1FF38D8F1000141EB0801D8
S315000128700B910EF1FF38791EB8F1010FC9B28BBF6A
S315000128804FF000084FF001084FF00A094FF0000918
S31500012890072928BF0027BCF1010F4FF00001CDE940
S315000128A0107418BF4FF0030C4FF0010708BF4FF02B
S315000128B0010CB0F5806FCDE90D7138BF00F1FF3124
S315000128C0CDF83C8034BFC1F3090140F2FF314FF02E
S315000128D01808002D5FD1424F08FB0477C7E904ECC5
S315000128E0404F06974CEA011C4CEA893C4FEA0369C2
S315000128F009F0407992064CEA090902F040621B0789
S3150001290049EA0202384FDFF8F8B057F825E05BF8DC
S3150001291025B003F04053134343EA8A7203F00303DD
S31500012920022B01BFDEF808C0DCF8089063F3020948
S31500012930CCF8089001318842DFF8C89009993CBF6C
S3150001294000F1FF3363F30D12D9F80C300090CDE995
S3150001295004B1069903910BA9CDE901215FFA84F827
S31500012960D3F808A04146DDE907237046D0478246E1
S31500012970C0B1F9F78DFE04283FF678AE1B4B1B78E4
S31500012980002B3FF473AE1A4940F2F23352466AE61F
S31500012990DFF8608064E7174F08FB0477C7E904ECAA
S315000129A0154F9EE7337E002B7FF460AE134ED9F8A8
S315000129B00C3056F82520DB6857F825104046984715
S315000129C056F8251057F82500FFF7E4FB56F8253091
S315000129D05A6801235169A3400B43536146E600BF80
S315000129E04C500100A1312108605D00000C45010039
S315000129F0889120082C4F0100D13121083C54010057
S31500012A00585D000000013000012808B500D889B9D9
S31500012A10F9F73EFE042801D9212008BD1D4B1B787C
S31500012A20002BF9D01C4940F26543212202200AF00D
S31500012A309FFAF1E770B920290ED9F9F729FE042882
S31500012A40EAD8144B1B78002BE6D0144940F26C43AC
S31500012A502122EBE70C29EFE7114B53F8203083B91C
S31500012A60F9F716FE042802D80A4B1B780BB9112078
S31500012A70D3E70C4940F27243112202200AF078FA98
S31500012A80F5E701395A68C9B201238B4093620020E8
S31500012A90C3E700BF0C450100CA9120080F92200828
S31500012AA03C54010052922008012808B500D889B982
S31500012AB0F9F7EEFD042801D9212008BD1D4B1B782D
S31500012AC0002BF9D01C4940F28C43212202200AF046
S31500012AD04FFAF1E770B920290ED9F9F7D9FD042883
S31500012AE0EAD8144B1B78002BE6D0144940F29343E5
S31500012AF02122EBE70C29EFE7114B53F8203083B97C
S31500012B00F9F7C6FD042802D80A4B1B780BB9112028
S31500012B10D3E70C4940F29943112202200AF028FA20
S31500012B20F5E701395A68C9B201238B40D362002007
S31500012B30C3E700BF0C45010099922008DF922008E7
S31500012B403C54010023932008012810B51BD8104BD3
S31500012B5053F82010C9B10F4B53F82000FFF71AFBA9
S31500012B60044670B10124F9F793FD042809D80A4BEC
S31500012B701B7833B1094940F2BD43224602200AF0CF
S31500012B80F7F9204610BD2124EDE71124EBE700BF3C
S31500012B903C540100605D00000C4501006B93200868
S31500012BA0034BC0001A580AB107221A50704700BFDA
S31500012BB00412134608B5831F452B15D8A0F10D0342
S31500012BC0012B11D9A0F11003082B0DD9A0F1240373
S31500012BD0DBB21F2B04D80C4A22FA03F3DB0703D41A
S31500012BE001F0EAFC002008BDF9F752FD042808D8D7
S31500012BF0064B1B782BB1064940F21F3202200AF020
S31500012C00B7F92120EFE700BFFF03C08F0C45010094
S31500012C10A1932008222808B50ED9F9F739FD042811
S31500012C2008D8074B1B782BB1064940F251320220D6
S31500012C300AF09EF9212008BD01F0EAFC0020FAE71E
S31500012C400C4501002694200808B5A0F11903052BAF
S31500012C500ED9F9F71DFD042808D8074B1B782BB1AF
S31500012C60064940F2633202200AF082F9212008BDAA
S31500012C7001F0EAFA0020FAE70C45010092942008D7
S31500012C80052808B501D807290ED9F9F701FD042849
S31500012C9008D8074B1B782BB1064940F292620220F5
S31500012CA00AF066F9212008BD01F09AFD0020FAE735
S31500012CB00C450100FE942008052808B501D8012914
S31500012CC00ED9F9F7E5FC042808D8074B1B782BB178
S31500012CD0064940F2A66202200AF04AF9212008BDFF
S31500012CE001F09AFD0020FAE70C45010061952008E4
S31500012CF010B50020FFF754FF024BBDE810401B68DA
S31500012D00002018478854010010B50120FFF748FF3D
S31500012D10024BBDE810405B6801201847885401004A
S31500012D2010B50220FFF73CFF024BBDE810409B683F
S31500012D30022018478854010010B50320FFF730FF21
S31500012D40024BBDE81040DB68032018478854010098
S31500012D5010B50420FFF724FF024BBDE810401B69A4
S31500012D60042018478854010010B50520FFF718FF05
S31500012D70024BBDE810405B690520184788540100E5
S31500012D8010B50620FFF70CFF024BBDE810409B690A
S31500012D90062018478854010010B50720FFF700FFE9
S31500012DA0024BBDE81040DB69072018478854010033
S31500012DB010B5002001F05CFA024BBDE810401B681B
S31500012DC0002018478054010010B5012001F050FA87
S31500012DD0024BBDE810405B68012018478054010092
S31500012DE010B501F04FFAC00702D5002001F04CFDE5
S31500012DF001F048FA10F0020403D0012001F044FD6D
S31500012E00012401F03FFA410703D5022001F03CFD00
S31500012E10022401F037FA020703D5032001F034FD3D
S31500012E20032401F02FFAC30603D5042001F02CFD7B
S31500012E300424044B53F824301BB12046BDE810404E
S31500012E40184710BD4454010010B5002001F022FAC4
S31500012E50012802D1002001F025FA012001F01AFA19
S31500012E60012804463ED101F01DFA022001F012FAB2
S31500012E70012803D1022001F015FA0224032001F0F2
S31500012E8009FA012803D1032001F00CFA03240420D6
S31500012E9001F000FA012803D1042001F003FA042409
S31500012EA0052001F0F7F9012803D1052001F0FAF90F
S31500012EB00524062001F0EEF9012803D1062001F0D0
S31500012EC0F1F90624072001F0E5F9012803D10720CD
S31500012ED001F0E8F90724044B204653F82430BDE8F5
S31500012EE0104018470024C0E76054010010B50021C6
S31500012EF0042001F007FC012802D1002001F0DCF9D1
S31500012F000121042001F0FEFB0128044608D101F04D
S31500012F10D3F9044B204653F82430BDE81040184736
S31500012F200024F6E758540100044B1B684038C3409F
S31500012F3013F0010F0CBF212000207047A854010097
S31500012F4070B51646054678B9F9F7A2FB042808D8E4
S31500012F501D4B1B782BB11D4940F2232202200AF09A
S31500012F6007F82224204670BD0AF082FB044688B188
S31500012F70F9F78EFB042801D92124F3E7124B1B78BC
S31500012F80002BF9D012494FF40A732122022009F0CD
S31500012F90EFFFF1E70F2901D8012E0ED9F9F778FBDA
S31500012FA00428E9D8084B1B78002BE5D0094940F2E3
S31500012FB02F22022009F0DCFFDEE70A46287869782D
S31500012FC0334601F04FFACDE70C450100CC952008B8
S31500012FD0059620085F962008F7B5C7B2032F019022
S31500012FE0C0F30725C0F307467FD801A80AF040FBC6
S31500012FF070B1F9F74DFB042808D8744B1B782BB137
S315000130007349DE232122022009F0B2FF212469E05F
S31500013010704A05EB0713D05C48B3092827D097B946
S31500013020A5F11903052B13D8FFF70EFEF8B1F9F731
S315000130302FFB0428EAD8654B1B78002BE6D066499E
S31500013040ED232122DFE7012F02D1A5F10903E9E7EB
S31500013050FFF7E0FD58B1F9F71BFB0428D6D85B4B07
S315000130601B78002BD2D05D49F6232122CBE787B905
S315000130702846FFF79FFDF8B1F9F70AFB0428C5D8E2
S31500013080524B1B78002BC1D055494FF48173212235
S31500013090B9E705EB0710C0B2FFF78CFD60B1F9F790
S315000130A0F7FA0428B2D8494B1B78002BAED04D490C
S315000130B040F20B132122A6E70022114601A8FFF7D1
S315000130C03FFF044600284BD0F9F7E2FA042809D855
S315000130D03E4B1B7833B144494FF48A732246022092
S315000130E009F046FF204603B0F0BD042F3FD13F4B08
S315000130F0585DFFF78FFD60B1F9F7CAFA042885D844
S31500013100324B1B78002B81D0394940F225132122FD
S3150001311079E728460AF0A3FA024670B1F9F7B8FA38
S3150001312004283FF673AF294B1B78002B3FF46EAF93
S31500013130304940F22D13212265E7014601A8FFF728
S31500013140FFFE044660B1F9F7A3FA0428CAD81F4B5B
S315000131501B78002BC6D0284940F235132246BEE71C
S3150001316032462946384601F0B7F90024BAE7052F59
S31500013170FBD101212846FFF79FFD014670B1F9F702
S3150001318087FA04283FF642AF104B1B78002B3FF419
S315000131903DAF1A4940F24313212234E72846FFF78F
S315000131A06FFD70B1F9F774FA04283FF62FAF074B9C
S315000131B01B78002B3FF42AAF11494FF4A673212245
S315000131C021E73146284601F043FBCEE70C450100D5
S315000131D0C39620088AC12008089720085797200817
S315000131E0A1972008F0972008399820087EC1200869
S315000131F07E982008CC982008199920085F99200804
S31500013200A799200870B50E46054678B9F9F740FA30
S31500013210042808D8244B1B782BB1244940F6881280
S31500013220022009F0A5FE2224204670BD0AF020FAEC
S31500013230044688B1F9F72CFA042801D92124F3E7C9
S31500013240194B1B78002BF9D019494FF41963212228
S31500013250022009F08DFEF1E70F290ED9F9F718FAC8
S315000132600428EBD8104B1B78002BE7D0114940F608
S315000132709A12022009F07CFEE0E7697803460622ED
S31500013280287801F0EFF80C4A687811680123834029
S315000132900B4300F140011360C9B223463246204672
S315000132A001F0E0F8C0E700BF0C450100EE992008E7
S315000132B03D9A2008AD9A2008A8540100F8B50E469B
S315000132C0054670B9F9F7E4F9042808D8604B1B786C
S315000132D02BB1604940F6BB12022009F049FE2224B7
S315000132E012E00AF0C5F9044680B1F9F7D1F90428CC
S315000132F009D8574B1B7833B1574940F6C3132122DE
S31500013300022009F035FE21242046F8BD0F290ED9E9
S31500013310F9F7BEF90428F6D84D4B1B78002BF2D0ED
S315000133204E4940F6CD12022009F022FEEBE72F7836
S31500013330002F45D169784A4FA1F11903052B06F0F3
S315000133400706034615D80B2201F08CF86978133964
S3150001335023462246C9B2042001F084F86B78133B58
S31500013360DBB2183357F8232066F3020247F823200D
S31500013370CAE7092201F076F869780F2908D12346B0
S3150001338022460721042001F06DF86B78083BE7E738
S31500013390A1F12E03032B09D8263923462246C9B2A9
S315000133A0042001F05FF86B78263BD9E706392346FE
S315000133B02246C9B2042001F055F86B78063BCFE7E7
S315000133C0012F19D1034669780B22384601F04AF8D4
S315000133D06978033923462246C9B2042001F042F82E
S315000133E06B78033BDBB21E4A183352F8231066F39F
S315000133F0020142F8231087E7022F16D16978A1F15D
S315000134000E03012B80D8063903460246C9B20420B1
S3150001341001F028F86B78124A063BDBB2183352F8F2
S31500013420231066F3020142F823102B78032B7FF455
S315000134306BAF697801293FF667AF00230A311A4657
S31500013440C9B2042001F00EF86B780A33CAE700BF4F
S315000134500C450100109B20085F9B2008CF9B20088C
S31500013460001404240E4B984209D10E4B4FF480628E
S31500013470C3F88420BFF34F8FBFF36F8F70470A4B9A
S31500013480984203D1074B4FF00052F1E7074B9842A0
S31500013490F4D1044B4FF40052C3F88020EAE700BF91
S315000134A00000014400E100E000000447000004249C
S315000134B0114B984210B5044619D0104B984218D0BA
S315000134C00F48211A484248414000E36A5A0612D57C
S315000134D0D4F880305B0704D00A4B062153F820301C
S315000134E09847636D2046BDE81040FFF7BBBF00203B
S315000134F0EBE70120E9E710BD0000014400000447A5
S3150001350000000424AC54010037B5027943798DF8E3
S315000135100130012103788DF800200446042A407801
S315000135208DF802108DF804308DF805008DF806101F
S3150001353001D0042B37D13C4B4FF080725A640120E5
S3150001354001F0BCF82579042D2DD1607901F002F93D
S31500013550237A022B1FD1A27961790123284600F033
S3150001356081FF6079012101F009F92578042D3ED109
S31500013570607801F0EFF8237A022B30D1A2786178D6
S315000135800123284600F06EFF6078012101F0F6F86C
S31500013590002003B030BDE07901F03AF8A179684620
S315000135A0FFF730FEDDE7237A0098012B9EBF1E4B05
S315000135B010229A60FFF710FD237AA279012B09D810
S315000135C061792079012300F04DFF6079012101F035
S315000135D041F8CAE711466846FFF770FEF5E7E0785D
S315000135E001F016F8A17901A8FFF70CFECCE7237AC2
S315000135F00198012B9EBF0C4B10229A60FFF7ECFC41
S31500013600237AA278012B09D861782078012300F06A
S3150001361029FF6078012101F01DF8B9E7114601A8DB
S31500013620FFF74CFEF5E700BF008404240148FFF7CD
S315000136303FBF00BF000001440148FFF739BF00BF8B
S31500013640000004470148FFF733BF00BF0000042410
S3150001365070B506460C200D461446FAF7B1FB012E4D
S315000136601BD11C4B984203D128232B8000230BE04E
S31500013670194B984201D12023F7E7184B98424FF096
S31500013680000304D114222A802370002070BDB0F5F6
S31500013690FA4FFAD12B800823F6E7022E18D10D4BEB
S315000136A0984202D14FF42053DFE70B4B984202D1E7
S315000136B04FF40053D9E7094B984202D14FF4A05376
S315000136C0D3E7B0F5FA4FE0D108232B803123DBE7AE
S315000136D02620DBE7005A62020048E801002D31018D
S315000136E008B5F8F7D5FF04280AD8064B1B783BB175
S315000136F0BDE80840044940F28A42022009F038BC7C
S3150001370008BD00BF0C450100329C200813B568B9FD
S31500013710F8F7BEFF042807D8214B1B7823B12149AE
S31500013720AA22022009F024FC22200FE001780129B7
S315000137300ED9F8F7ADFF042807D8194B1B7823B12A
S315000137401949B022022009F013FC212002B010BD54
S315000137508378052B0AD9F8F79BFF0428F5D8104B77
S315000137601B78002BF1D01149B822EBE7104AC47837
S31500013770126A0094546A42780E48A0470028E5D0A0
S31500013780F8F786FF042802D8054B1B780BB92320CE
S31500013790DCE70949C4232322022009F0E9FBF6E705
S315000137A00C450100739C2008B29C2008F89C200857
S315000137B000013000001404243E9D20087FB5044614
S315000137C078B9F8F765FF042802D8694B1B7813B955
S315000137D0222004B070BD6749EB22022009F0C8FB24
S315000137E0F6E70378032B2CD84178012919D8624EC4
S315000137F006EBC3035A6861F345125A6080780228C2
S315000138002ED9F8F745FF042809D8594B1B7833B14F
S315000138104FF4837359492622022009F0A9FB262079
S31500013820D7E7F8F735FF042802D8514B1B780BB9B7
S315000138302420CEE75149F4232422022009F098FBE3
S31500013840F6E7F8F725FF042808D8494B1B782BB172
S315000138504A49FB232722022009F08AFB2720B8E7E1
S315000138605A6860F3C4025A60431E012B31D80DF128
S315000138700D020DF10E01FFF7EBFE26280AD1F8F72E
S3150001388007FF0428CBD83A4B1B78002BC7D04FF43F
S315000138908B73BFE73A4BA2785B6800921D68BDF84F
S315000138A00E209DF80D3021783046A84740F60203D8
S315000138B098420ED1F8F7ECFE0428B0D82C4B1B78B1
S315000138C0002BACD02F494FF49472022009F050FB23
S315000138D0A5E72278032A3AD8217A01291BD1D300F8
S315000138E003F1105303F58423596841F080015960AF
S315000138F0214B616843F83210234B9B56002B08DBA2
S315000139000122590903F01F0302FA03F31F4A42F881
S31500013910213000205DE729B1F8F7BAFE04280BD95A
S31500013920212056E7D30003F1105303F58423586889
S3150001393061F3C7105860DBE70D4B1B78002BEFD006
S31500013940134940F23312022009F012FBE8E7F8F7B7
S315000139509FFE042882D8064B1B78002B3FF47EAFCE
S315000139600C4940F23912022009F002FB76E700BF4A
S315000139700C450100869D200800200424C79D2008CF
S3150001398000013000119E2008D6C1200800E100E0A8
S315000139905C9E2008AE9E2008032808B50ED9F8F7CC
S315000139A077FE042808D80B4B1B782BB10A4940F245
S315000139B0AB12022009F0DCFA272008BDC00000F195
S315000139C0105000F58420436843F001034360002052
S315000139D0F3E700BF0C450100FB9E2008032808B54C
S315000139E00ED9F8F755FE042808D80B4B1B782BB1D6
S315000139F00A4940F2CF12022009F0BAFA272008BD7F
S31500013A00C00000F1105000F58420436843F04003E4
S31500013A1043600020F3E700BF0C4501003C9F2008EE
S31500013A2038B5024671B9F8F733FE042808D82E4B8B
S31500013A301B782BB12D4940F28732022009F098FA02
S31500013A40222009E003280FD9F8F722FE042802D81C
S31500013A50254B1B780BB9272038BD254940F28F32FB
S31500013A60022009F085FAF6E7224D55F8200078B1D3
S31500013A70F8F70EFE042802D81B4B1B780BB904205D
S31500013A80EAE71D4940F29732022009F071FAF6E79A
S31500013A90D30003F1105303F584235C6844F0040456
S31500013AA05C605B685B0702D545F82210D4E7F8F73E
S31500013AB0EFFD042808D80C4B1B782BB10F4940F2B7
S31500013AC0B442022009F054FAF8F7E2FD042802D8BC
S31500013AD0054B1B780BB91920BEE7094940F29E3206
S31500013AE0022009F045FAF6E70C4501007C9F200803
S31500013AF0DD9F2008B854010032A020087DA02008CF
S31500013B00C0A02008032810B51DD9F8F7C1FD042867
S31500013B1002D81E4B1B7873B92724F8F7B9FD042880
S31500013B2022D81A4B1B78FBB1194940F2BB3202204D
S31500013B3009F01EFA18E0174940F2CC432722022069
S31500013B4009F016FAE8E7C30003F1105303F58423DD
S31500013B505A6822F004025A605B68C3F380045B076B
S31500013B6004D40D4B43F82040204610BDF8F790FDD4
S31500013B70042808D8054B1B782BB1084940F2DD42D1
S31500013B80022009F0F5F91924C7E700BF0C45010029
S31500013B90A1A120081BA12008B85401005CA120089E
S31500013BA0094BD3F88020D20710B508D55A6842F0E0
S31500013BB002025A605B689B0701D5FFF791FD034B33
S31500013BC0BDE810401B68184700200424B8540100C2
S31500013BD0094BD3F88020920710B508D5DA6842F070
S31500013BE00202DA60DB689B0701D5FFF779FD034B1B
S31500013BF0BDE810405B68184700200424B854010052
S31500013C00094BD3F88020520710B508D55A6942F0FE
S31500013C1002025A615B699B0701D5FFF761FD034B00
S31500013C20BDE810409B68184700200424B8540100E1
S31500013C30094BD3F88020120710B508D5DA6942F08E
S31500013C400202DA61DB699B0701D5FFF749FD034BE8
S31500013C50BDE81040DB68184700200424B854010071
S31500013C60064B984207D0064B984204D0054BC31A1F
S31500013C705842584170470120704700BF40BF200895
S31500013C8008BF2008D0BE20080E300E289ABF024B6E
S31500013C90185C0120704700BFDAC12008820F20F0AE
S31500013CA04040012806D0022807D0064B53F822309F
S31500013CB03BB11847044B1870F7E7044B0121197003
S31500013CC0F3E77047C8540100D4540100D5540100EC
S31500013CD038B5054680B9F8F7DBFC042802D8164B3F
S31500013CE01B7813B92224204638BD14494FF4896242
S31500013CF0022009F03DF9F5E7836A0121152098476D
S31500013D00FFF7C2FF044678B1F8F7C2FC0428EAD8E7
S31500013D10094B1B78002BE6D0094940F24F43224656
S31500013D20022009F025F9DEE7AB6A01211620984742
S31500013D30BDE83840FFF7A8BF0C450100FFA12008E8
S31500013D4039A2200808B5F8F7A3FC042809D8054BC1
S31500013D501B7833B1BDE8084003498422022009F0EB
S31500013D6007B908BD0C4501007CA2200870B50646BE
S31500013D700D4669B9F8F78CFC042807D8484B1B781F
S31500013D8023B14849DF22022009F0F2F8222525E075
S31500013D900C6894B1022805D9FFF7D4FF00232B60E4
S31500013DA0DB68FFDEE0B1404C404B012808BF1C46F2
S31500013DB02C60E368984700232B603046F9F7B6FE7E
S31500013DC080B1F8F765FC042807D8354B1B7823B179
S31500013DD03749FB22022009F0CBF80425284670BD9D
S31500013DE0344CE5E72B6883B1F8F752FC042801D976
S31500013DF02125F3E72A4B1B78002BF9D02E494FF4E6
S31500013E008272022009F0B4F8F2E7022E19D9FFF7FF
S31500013E1099FF2C60A36829489847FFF735FF0546A7
S31500013E20C0B1F8F735FC0428D8D81D4B1B78002BF8
S31500013E30D4D0234940F211132A46022009F098F8FA
S31500013E40CCE72EB1184C194B012E08BF1C46E0E7F2
S31500013E50184CDEE72046FFF703FF58B9F8F718FCC0
S31500013E600428C5D80E4B1B78002BC1D015494FF439
S31500013E70B972C6E7236902209847FFF705FF054691
S31500013E800028ABD0F8F704FC0428A7D8044B1B780C
S31500013E90002BA3D00C4940F279132A46CDE700BF87
S31500013EA00C450100B7A22008D0BE200808BF200893
S31500013EB0E7A2200840BF200831A320089D4C210815
S31500013EC06DA32008BCA3200803A4200808B5034657
S31500013ED079B9F8F7DDFB042802D81B4B1B780BB91F
S31500013EE0222008BD194940F2C512022009F040F806
S31500013EF0F6E7022810D9F8F7CBFB042802D8124BB3
S31500013F001B780BB92120ECE711494FF4E673212206
S31500013F10022009F02DF8F5E70E4A52F8200080B18B
S31500013F20F8F7B6FB042802D8074B1B780BB9042017
S31500013F30D7E707494FF4EB730422022009F018F87A
S31500013F40F5E742F82310CCE70C4501005BA42008F5
S31500013F50B0A42008C854010002289EBF024B0022CB
S31500013F6043F82020704700BFC854010010B5014630
S31500013F7080B9F8F78DFB042802D8204B1B7813B9BA
S31500013F802224204610BD1E4940F23112022008F0BB
S31500013F90EFFFF5E7FFF764FE70B9F8F779FB042840
S31500013FA008D8164B1B782BB1164940F2371202205E
S31500013FB008F0DEFF2124E4E713480B1A5842584162
S31500013FC0124B994208BF0220FFF7C6FFCB689847FC
S31500013FD0FFF75AFE04460028D3D0F8F759FB042808
S31500013FE0CFD8064B1B78002BCBD009494FF4A173D0
S31500013FF02246022008F0BCFFC3E700BF0C450100C2
S315000140000EA5200840A5200808BF2008D0BE20081C
S315000140107EA5200810B500B171B9F8F739FB04285F
S3150001402008D8194B1B782BB1184940F249220220B6
S3150001403008F09EFF222010BD7AB9F8F729FB042863
S3150001404009D8114B1B7833B1114940F24E23212275
S31500014050022008F08DFF2120EDE70E4B984210D08B
S315000140600D4C0E4BA04218BF4FF088430A4411F87D
S31500014070010B186058694006FCD59142F7D1002022
S31500014080D9E7074BF2E700BF0C450100D1A520088F
S3150001409010A62008D0BE200808BF2008000002454F
S315000140A00018042410B50C461146024600B184B925
S315000140B0F8F7EEFA042802D8214B1B7813B922240B
S315000140C0204610BD1F4940F2AB22022008F050FFE6
S315000140D0F5E771B9F8F7DCFA042808D8184B1B780C
S315000140E02BB1194940F2B122022008F041FF2124E7
S315000140F0E6E7FFF7B5FD58B9F8F7CAFA0428F6D886
S315000141000F4B1B78002BF2D0104940F2B722EBE798
S31500014110936920469847FFF7B7FD04460028CFD09C
S31500014120F8F7B6FA0428CBD8054B1B78002BC7D075
S31500014130074940F2BE232246022008F019FFBFE7D5
S315000141400C45010058A6200890A62008CDA62008F7
S3150001415011A7200870B50D46064600B181B9F8F7DA
S3150001416097FA042802D8324B1B7813B92224204629
S3150001417070BD304940F20442022008F0F9FEF5E72D
S315000141800B68B3F5E10F0ED9F8F782FA042808D8BF
S31500014190274B1B782BB1284940F20A42022008F02E
S315000141A0E7FE2124E3E7FFF75BFD58B9F8F770FA5C
S315000141B00428F6D81E4B1B78002BF2D01F4940F27B
S315000141C01242EBE73046FFF783FD044678B1F8F774
S315000141D05FFA0428CBD8164B1B78002BC7D0184999
S315000141E040F21A432246022008F0C2FEBFE7EA88DF
S315000141F02B79A87C29681343EA6813432A89134358
S315000142002A8A13431843B26A9047FFF73DFD0446D5
S315000142100028ACD0F8F73CFA0428A8D8044B1B7840
S31500014220002BA4D0074940F22D432246DBE700BF0D
S315000142300C45010062A72008A7A720080EA82008A0
S315000142406FA82008D6A82008A0F11903052B09D8C4
S31500014250054B20225A60054A0C38516C01238340D4
S315000142600B435364704700BF000030410080004695
S31500014270034BC0001A5842F001021A50704700BFA2
S3150001428044121346024BD868C0F34400704700BF7E
S3150001429000000812024BC000185800F001007047D8
S315000142A004D20424034BC0001A5842F001021A50EA
S315000142B0704700BF04D20424034BC0001A5842F0D1
S315000142C001021A50704700BF44D204240A4601462F
S315000142D0014807F077BE00BF33A92008052838B585
S315000142E005460C460AD92A484FF4A371FFF7EEFF9B
S315000142F027484FF4A771FFF7E9FF41E003283BD8B0
S3150001430010BB23290CD8052905D821484FF4A471DF
S31500014310FFF7DCFF0EE01F4B8A1FD2B2D34007E046
S31500014320A1F12E03DBB21D2BEFD81B4A22FA03F3B0
S31500014330DB07EAD504EB0514240104F18C4404F5EA
S3150001434098140123636038BD012802D13B29F1D9B4
S31500014350DBE7022801D12B29F9E71B29F7E70B2C0B
S3150001436004D90B4840F24B11FFF7B0FF240104F1C9
S31500014370105404F59824E4E70428F0D0052CB7D8A6
S31500014380064BA4001A5942F020021A51DBE700BF7E
S315000143901FAA20087F02F83FFF0FDC3F1C8604247A
S315000143A0052838B505460C460AD92A484FF4D67170
S315000143B0FFF78CFF27484FF4DA71FFF787FF41E0DB
S315000143C003283BD810BB23290CD8052905D8214839
S315000143D04FF4D771FFF77AFF0EE01F4B8A1FD2B257
S315000143E0D34007E0A1F12E03DBB21D2BEFD81B4A08
S315000143F022FA03F3DB07EAD504EB0514240104F1E1
S315000144008C4404F598140023636038BD012802D159
S315000144103B29F1D9DBE7022801D12B29F9E71B2931
S31500014420F7E70B2C04D90B4840F2B111FFF74EFF09
S31500014430240104F1105404F59824E4E70428F0D08B
S31500014440052CB7D8064BA4001A5922F020021A519E
S31500014450DBE700BF1FAA20087F02F83FFF0FDC3F02
S315000144601C860424012BF8B506460C46154602F0B7
S315000144700F0717D915487E21FFF728FF15B32146E7
S315000144803046FFF72BFF042E12D10A2D03D90F4810
S315000144908A21FFF71BFF0E4B24011A5967F3850288
S315000144A01A51F8BD72B1002BE9D1FFF779FFEAE79E
S315000144B00F2D03D905488F21FFF708FF054B04EBA4
S315000144C00614E9E7042EF9D1E5E700BF58A920084B
S315000144D000C00424000013460528F8B506460C461C
S315000144E0154602F0010715D92D48EB21FFF7EEFE1F
S315000144F0012D51D92A48EC21FFF7E8FE032E2FD8CA
S315000145001EBB232C0ED8052C07D82548EE21FFF714
S31500014510DDFE11E0012AF1D9ECE7224BA21FD2B24E
S31500014520D34007E0A4F12E03DBB21D2BEDD81E4AC2
S3150001453022FA03F3DB07E8D51C4B04EB061424012E
S315000145401A5967F300021A51F8BD012E02D13B2C0C
S31500014550F2D9DAE7022E01D12B2CF9E71B2CF7E76A
S31500014560042E07D10B2C03D90D48F221FFF7AEFE1D
S315000145700F4BE4E7052C03D90948F621FFF7A6FE00
S31500014580012D03D90648F721FFF7A0FE094BA40028
S315000145901A5967F30412D6E7052CF7D9ECE700BFE1
S315000145A058A920087F02F83FFF0FDC3F00001346A1
S315000145B000C004241C860424232810B504460CD804
S315000145C0052805D80E484FF49771FFF77FFE0EE0D8
S315000145D00C4B821FD2B2D34007E0A0F12E03DBB20F
S315000145E01D2BEFD8084A22FA03F3DB07EAD5074B5E
S315000145F003EB84031A6842F010021A6010BD00BF73
S3150001460058A920087F02F83FFF0FDC3F0040004613
S31500014610431E212B10B5044604D90C484FF4A8714A
S31500014620FFF754FE152C0A4A4FF0010307D9D2F8B9
S315000146301816163CA3400B43C2F8183610BDD2F823
S315000146401016A3400B43C2F81036F7E758A9200805
S3150001465000003041232838B504460D460CD80528FC
S3150001466005D812484FF4DD71FFF730FE0EE0104B0E
S31500014670821FD2B2D34007E0A0F12E03DBB21D2B7D
S31500014680EFD80C4A22FA03F3DB07EAD5032D04D946
S31500014690064840F2BB11FFF719FE074B03EB8403F3
S315000146A01A6865F387121A6038BD00BF58A9200839
S315000146B07F02F83FFF0FDC3F00400046012808B5A6
S315000146C00ED90E484FF4E471FFF700FE0C4B1A6841
S315000146D042F480421A601A6842F480121A600BE0B2
S315000146E00028F3D14FF08C431A6942F480321A61E3
S315000146F09A6842F400129A6008BD00BF58A92008C2
S3150001470000140424052870B506460D4601F51274F9
S3150001471014D90F4840F28A31FFF7D8FD012D10D97F
S315000147200B4840F28B31FFF7D1FD042E09D1E3008E
S3150001473003F1105303F59823586870BD0129F4D984
S31500014740EEE7E30003F18C4303F59813F4E700BFAA
S3150001475058A920080C2810B5044604D9054840F28A
S31500014760BA31FFF7B3FD044B01209A68A04010430C
S31500014770986010BD58A9200800A004240C2870B523
S3150001478005460E4601F0030413D913484FF476711A
S31500014790FFF79CFD032E0FD90F4840F2D931FFF7E1
S315000147A095FD032D0D4B0ED81A6864F387121A6016
S315000147B070BD0329F5D9EFE7E4B2084B5A6864F3F3
S315000147C087125A60F4E7043D032DE4B2F5D81A685E
S315000147D064F38F32EBE700BF58A9200800A0042438
S315000147E0052838B504460D4604D9094840F2524118
S315000147F0FFF76CFD0A2D04D9054840F25341FFF736
S3150001480065FD044BA4001A5965F302021A5138BD1D
S3150001481058A920081C860424052838B504460D46E7
S3150001482004D909484FF48C61FFF750FD012D04D9D5
S31500014830054840F26141FFF749FD044BA4001A59AE
S3150001484065F3C3021A5138BD58A920081C860424F1
S31500014850052838B504460D4604D9094840F2714188
S31500014860FFF734FD012D04D9054840F27241FFF7E7
S315000148702DFD044BA4001A5965F304121A5138BDD3
S3150001488058A920081C860424052810B5044604D915
S31500014890044840F22451FFF719FD034A0223A340BD
S315000148A0936010BD58A920080000081208B50AF047
S315000148B013FD1849184AD1F8FC3043F08073C1F84A
S315000148C0FC30136843F001031360144B4FF47A7202
S315000148D01B68B3FBF2F3013BB3F1807F09D24FF0C2
S315000148E0E0225361FC2381F82330002393610723DF
S315000148F01361084B1C2283F82320094BD3F874213A
S31500014900D20742BFD3F8742122F00102C3F8742101
S3150001491008BD00BF00ED00E0001000E08846010080
S31500014920008000461C4BD3F8742170B50E46110762
S315000149305CBFD3F8742142F0010204465ABFC3F8A2
S31500014940742101250025D3F874211207FBD5C5B9B9
S3150001495000F046F840B2002808DA10F10C0FF7D043
S31500014960C31DF5D0BDE8704001F0A0BC204631461C
S3150001497000F058F844B2204601F098FC08B12046F0
S31500014980F0E728460AF0B4FC0AF0AEFC0AF080FC17
S315000149900AF04EFC002070BD00800046B0F1005FB9
S315000149A070B518D10C4C0D48236804225D6C0021AA
S315000149B00623A847236809485D6C052206230021C2
S315000149C0A847236805485C6C0022A4460623BDE877
S315000149D070401146604770BD0001300000C00424DC
S315000149E082B0002301930E4BDB6B9AB272B103F4D2
S315000149F07F42B2F52B4F0CD1DBB2F12B0CD0F22B4F
S31500014A0014BF00206FF0090002B070476FF0060076
S31500014A10FAE76FF00B00F7E76FF00800F4E700BF65
S31500014A200000054130B585B000234B28009304D121
S31500014A304AF24B0343EA012103E041282AD040F41C
S31500014A402B41002301931E4B4A28596325D8302850
S31500014A5006D91C4BA0F13102D2B2D340DB071ED4DA
S31500014A600022174D00924FF6FE7140F42B40009B39
S31500014A705C1C8B42009403D80292AB8F8342F6D121
S31500014A8000984FF6FE7398424FF0FF30D8BF0020D2
S31500014A9005B030BD4AF24103CCE77128E0D10023CD
S31500014AA00393074B93F83C30232B05D0F32B14BF0C
S31500014AB000206FF00400EBE76FF00D00E8E700BFA0
S31500014AC0000005410100010210B518460C4602F02E
S31500014AD09DFC2046024ABDE81040002101F0F2BBD0
S31500014AE0F5732108F0B5A0F10803012BA7B005461F
S31500014AF00F4638D8FF2904D127B0BDE8F04003F0AE
S31500014B0089B901AA02F0BEFB0446F0B99DF8283026
S31500014B10042B9CBF154AD65C154A88BF064601A9D7
S31500014B20304609F081F8044678B9082D114B0CBFBF
S31500014B300146022111A80CBF1E705E7008F01DFE11
S31500014B40044628B1304609F075F8204627B0F0BD75
S31500014B50094B9DF844201A70394601AA284602F0ED
S31500014B605DFB0446F1E72124EFE700BFEEC1200813
S31500014B70C0D401001255010010550100A0F108032F
S31500014B80012B06D8044B08280CBF1878587809F071
S31500014B9051B82120704700BF1255010030B5A0F170
S31500014BA01003012BA5B004460D462AD86A4602F029
S31500014BB069FB98B99DF84010012924D1102C0FD119
S31500014BC010A808F0DAFD48B9104B9DF840205A703C
S31500014BD029466A46204602F021FB18B125B030BDB0
S31500014BE00321EDE79DF82830042B9CBF084AD05CD1
S31500014BF0084B102C69460CBF1870587009F018F84C
S31500014C00ECE72120EAE72320E8E700BF1055010081
S31500014C10E9C1200814550100A0F11003012B06D8A3
S31500014C20044B10280CBF1878587809F005B82120D4
S31500014C30704700BF14550100F0B500229BB006462F
S31500014C400846114609F0B2FD044609F0A6FD0546DF
S31500014C5008B140F48035384B384F19782A46002080
S31500014C6008F0B5F81122002101A80AF019F850221E
S31500014C70002106A80AF014F83B68002B58D0042E30
S31500014C8052D8DFE806F010031010130004F11001EA
S31500014C9001A808F01BFD01AA3F6823882946304672
S31500014CA0B847002045E004F11002F5E702238DF82C
S31500014CB018306388A12B2AD108238DF819300DF1FC
S31500014CC02C0C04F1140304F1240E18685968624689
S31500014CD003C2083373459446F7D10DF13C0C04F138
S31500014CE0340E18685968624603C208337345944600
S31500014CF0F7D10DF14C0C04F1440E1868596862465F
S31500014D0003C2083373459446F7D106AAC4E70423C0
S31500014D108DF81930D4F816300893D4F81A300A935E
S31500014D20D4F81E300993F0E705480221F7F702FD92
S31500014D3001201BB0F0BD00BF48600000C45A01004D
S31500014D40EB0522087FB5044609F01BFD002211463A
S31500014D50064609F02BFD0546204609F012FD002204
S31500014D60114609F023FD4388A3F1CB02012A03D999
S31500014D70F02B01D0142B67D1204609F002FD002249
S31500014D80114609F013FD0023CDE9023323790546C7
S31500014D9023B9204609F003FDC3690393284609F0A8
S31500014DA0FCFC6B88CB2B1DD14BF6F13398421FD0FF
S31500014DB0039B43B31A7846480221F7F7E3FC2846DA
S31500014DC009F0EBFC044608B140F48034414B22461D
S31500014DD01978002007F0FBFF03992A46204601F0C7
S31500014DE0B7FE10E0F02B01D0CC2B6DD1002400E0F2
S31500014DF0012402A801F0DCFC02996A8829B9364827
S31500014E000221F7F7BFFC04B070BD0B7813B9334824
S31500014E100221F6E7142A03AE52D0192A09D1012B31
S31500014E2009D10023019600931A46184608F037FF68
S31500014E30BEE7F02A46D0002C14BF01200320002330
S31500014E40019600931A46F1E7204609F0A8FC284688
S31500014E5008F046FE6B88742B2FD8612B13D8CBB97B
S31500014E60284609F09AFC044608B140F48034194BEF
S31500014E7022461978002007F0AAFF2A46002120467B
S31500014E8000F078FB06E0164A623B9BB222FA03F376
S31500014E90DB07E5D42A4603A9A81C08F02CFC002848
S31500014EA0B1D19DF80C200F480221F7F76BFC9DF854
S31500014EB00C003146FFF7C0FEA5E7AB2BEAD1CFE7E1
S31500014EC0012BAED00120BAE7142B8FD070E700BFBB
S31500014ED01C062208486000006F0622084B062208BD
S31500014EE00106040001062208F0B5A5B004460E46E7
S31500014EF0154600213B2215A809F0D2FE25220021E4
S31500014F000BA809F0CDFE00230493002D00F00E81BD
S31500014F1045F08047904B1B78002B00F01681002C42
S31500014F2000F01581002D00F01281637858076CD5C9
S31500014F303B22002115A809F0B3FE23788DF8806085
S31500014F40012B01BFA368CDF855302369CDF859303F
S31500014F5013BF0923E368CDF85D308DF854306368DB
S31500014F609BB19DF8542042F003028DF8542003F1C1
S31500014F701C010DF1610253F8040B42F8040B8B423C
S31500014F80F9D1198811809B789370B4F84430ADF843
S31500014F908530B4F84830ADF88730B4F84630ADF80E
S31500014FA08930B4F84A30ADF88B3094F84C308DF82E
S31500014FB08D3094F84D308DF88E3004AB029300237A
S31500014FC0CDE9007315AA3B230221412009F0FBFB21
S31500014FD005460498002D40F0AF802A46294609F07F
S31500014FE0E5FB2378022B08D1D0F81630A360D0F860
S31500014FF01A302361D0F81E30E360049803F016F9E5
S31500015000564832460221F7F7BDFB637819075FD58B
S31500015010242200210BA809F043FE4023ADF82E30CF
S3150001502023788DF85060012B40F0828004F124032F
S315000150300CAD04F1340C186859682A4603C20833CA
S3150001504063451546F7D110AD04F1440C186859684B
S315000150502A4603C2083363451546F7D104AB0293CA
S315000150600023CDE900730BAA25230221902009F024
S31500015070AAFB05460498002D5ED12A46294609F069
S3150001508095FB04F1140200F1140300F1240153F815
S31500015090045B42F8045B8B42F9D104F1240200F16E
S315000150A0340153F8045B42F8045B8B42F9D104F1F5
S315000150B03402443053F8041B42F8041B8342F9D1ED
S315000150C0049803F0B3F8264832460221F7F75AFB53
S315000150D016F0FD013DD1182205A809F0E1FD63781E
S315000150E05A0741BF01228DF81420A26806921B07B8
S315000150F09DF8145026D545F002058DF8145004F19B
S31500015100140307AD2434186859682A4603C20833C4
S31500015110A3421546F7D105A9012009F0F2FA0221A9
S31500015120054602460F48F7F72DFB08E02F46F1E644
S3150001513009238DF82C3091E708B103F077F828465A
S3150001514025B0F0BD002DFAD0E5E71125F7E72125B9
S31500015150F5E70025F3E700BFDC560100CE0622087D
S315000151609C06220800072208024B186808B10AF0BB
S3150001517073B870471C55010070B5B2B00AF03CF81F
S31500015180044638B91149124803F0E0FC044620B13F
S3150001519008F0B8FB204632B070BD0E49C8226846F9
S315000151A009F0B4FD6D46264609482A46F1B203F0D8
S315000151B0C1FD044618B1064803F032FDE8E70136A1
S315000151C0052E05F12805EFD1E4E700BFF05D0000EB
S315000151D050550100F4C1200813B50C4691B10B7866
S315000151E0013BDBB2042B96BF074A0123D35C019333
S315000151F0064B1B681BB101AA0C20002198472046CB
S3150001520003F014F802B010BDBCC22008E05601003C
S315000152102DE9F8430C4600293ED0084609F0BFFAAD
S315000152200746204609F0ADFA064638B9384602F077
S31500015230FDFF2046BDE8F84302F0F8BF0022114603
S3150001524009F0B4FA054618B9304602F0EFFFEDE76A
S3150001525009F0A3FA6A880346804602210F48F7F748
S31500015260B9FA4146688805F009F96B88AF2B814682
S31500015270884602D1284604F053FFB8F1000F08BF53
S31500015280B9F1FF3FE0D0064B1B68002BDCD032465C
S31500015290484641469847D7E7BDE8F883840922087E
S315000152A0E056010070B50C468AB029B3084609F0EC
S315000152B068FA0546204609F072FA064685B30022C9
S315000152C01146284609F072FA50B34388892B27D133
S315000152D028220021684609F0E3FC17486A460021A6
S315000152E009F017F950B1284602F0A0FF304602F046
S315000152F09DFF204602F09AFF0AB070BDDDE9041356
S31500015300186809F08DFF00280ADAF7F7C1F90328B2
S3150001531006D80A4B1B781BB10949012007F028FE64
S31500015320284602F083FF304602F080FF20460AB08D
S31500015330BDE8704002F07ABF505501000C450100EE
S315000153404BAE2008437B03F00F0310B504464373AD
S31500015350C08950B90C48214609F036F90B4B4FF478
S315000153608021186809F05CFF07E0012807D1214672
S3150001537008F0C6FA204602F059FF002010BD0328A6
S31500015380FBD103482146E7E72C5601005C56010094
S31500015390EC55010008B5437B03F00F030146437347
S315000153A0054809F011F9054B4FF48021186809F0F9
S315000153B037FF002008BD00BF0C5601005C560100F6
S315000153C008B5437B03F00F0301464373054809F013
S315000153D0FBF8054B4FF48021186809F021FF0020E6
S315000153E008BD00BF4C5601005C56010010B5084BC4
S315000153F01B78834204460AD909F05AFF054B1B68FC
S31500015400002203F83420BDE8104009F0C9BF10BDE1
S315000154106C5601006856010038B5294D04462868C6
S3150001542080B909F001FF286060B9F7F731F904285E
S3150001543006D8244B1B781BB12349022007F098FD9F
S31500015440012038BD214D286868B909F0FDFE2860A4
S3150001545048B9F7F71DF90428F2D81A4B1B78002B27
S31500015460EED01B49E9E71B4D286868B909F0ECFE47
S31500015470286048B9F7F70CF90428E1D8114B1B78D5
S31500015480002BDDD01449D8E7144D2B680BB1002051
S31500015490D7E7631E092BFAD8114B082120461C7049
S315000154A006F052F828600028F1D1F7F7F1F8042840
S315000154B0C6D8044B1B78002BC2D00A49BDE700BFF2
S315000154C0705601000C450100A5AE20086456010086
S315000154D0CAAE200860560100FCAE200868560100DD
S315000154E06C5601002EAF20082DE9F04706460F46FF
S315000154F004F068FD0B4C054604F150094FF0060A0D
S3150001550054F8048BB8F1000F08D03B4632464146A9
S31500015510284608F036FA08B1A8F858A04C45EFD14C
S31500015520BDE8F0877856010013289ABF024B53F85D
S3150001553020000020704700BF7856010070B50C4D61
S315000155400446142355F8040B58B10668A64208D13F
S3150001555090F858608E4204D0561C07D0C668964211
S3150001556004D0013B13F0FF03ECD1184670BD00BF18
S31500015570785601002DE9F04306468DB00D461446D6
S31500015580002A00F08D8153886C2B5ED008D8622BDF
S3150001559071D06B2B28D0002D40F07E81002466E06F
S315000155A0742B00F08880AB2BF5D1127CA64B002022
S315000155B053F8041B19B109688A4200F05B81013076
S315000155C01428F5D14FF0FF363046FFF7ADFF00281E
S315000155D040F052819D480221F7F7D4F8002D44D0BE
S315000155E0284605F0C1FF40E00028D4D094F9100008
S315000155F04FF0FF320321FFF7A1FF0446002834D004
S315000156002822002102A809F04BFBA1689048053128
S3150001561089B202AA08F07DFF014630BB019001ABB9
S315000156204FF47A72032008F0DCFDF0B90199C860E5
S315000156300882888208848E80059808F0C5FFDDE916
S315000156400613186809F0ECFDA5E7918D7E4A002343
S3150001565052F8046B36B1F068022803D1708C884287
S3150001566000F020810133142BF2D14FF0FF34204694
S315000156700DB0BDE8F08300221046FFF755FF034643
S3150001568038B10168208A884203D193F8581003295A
S3150001569003D10132142AEFD17DE74FF48372A3F8C7
S315000156A058206C4A1668002E3FF475AFD4F81220C4
S315000156B0598CB0476FE70023CDE90033664B127C66
S315000156C01B78934225D9654B1B6813B303EBC209BB
S315000156D013F83230EBB1D9F80410A389A9F80230D6
S315000156E0E1B96B464FF47A720820268808F079FDF5
S315000156F010B90098002862D1F6F7CAFF04283FD8EE
S31500015700574B1B78002B3BD05649022007F030FC43
S3150001571036E055480221F7F70DF83CE7042005F07D
S315000157201BFF0646042005F017FF0746042005F077
S3150001573013FF80460EB107B120BBF6F7A9FF042877
S3150001574006D8474B1B781BB14849022007F010FCCD
S3150001575042463946304608F0D7F8F6F799FF04284D
S3150001576006D83F4B1B781BB13E49022007F000FCCF
S3150001577099F80100FFF73AFE15B1284605F0F4FE47
S31500015780192474E7002333603B6003603A460346FD
S31500015790314604F1100008F012F942463946B9F8CB
S315000157A00230D9F804403046A04799F80100FFF7C6
S315000157B01DFE42463946304608F0A6F8EBE6C6F32A
S315000157C00B0610364660324621460C3009F09EFA29
S315000157D0002101AB4FF47A72032008F002FD014665
S315000157E0009809B9019B5BB902F020FDF6F750FF5D
S315000157F00428C5D81A4B1B78002BC1D01C4984E755
S31500015800B9F802209A80D86099821E82227C1A8475
S3150001581002A8282209F044FA0D4802AA042108F038
S3150001582078FE044630B1009802F000FD019802F0BE
S31500015830FDFC1CE70199059808F0C6FE0446002800
S315000158403FF4FDAEEFE700BF785601009D0922083F
S3150001585050550100745601006C560100685601004E
S315000158600C45010083AF2008C909220864AF20084E
S31500015870AAAF20080646A7E690F888315B0744BF21
S31500015880002380F85E31D0F87831002B3FF483AEE7
S31500015890617C304698477EE6284605F065FE7DE642
S315000158A02224E4E6D6F884714FF0FF33C6F884313A
S315000158B03846FFF739FE04F1100108F036F8D6F83C
S315000158C07C31002B3FF467AE327906F13C01384654
S315000158D0984760E6F0B5C3898DB005462BB102F055
S315000158E0A5FC0F2420460DB0F0BD807F36494FF050
S315000158F0FF3751F8042B3AB11468A04204D192F84B
S315000159005820032A18BF5FB20133142BF1D1384650
S31500015910FFF70AFE064620B9284602F087FC2D2429
S31500015920E0E790F8C441002C42D02822002102A8C9
S3150001593009F0B6F9B1682548053102AA89B208F01D
S31500015940E8FD044618B1284602F070FCCAE701904A
S31500015950014601AB4FF47A72032008F042FC04467B
S3150001596078B1F6F795FE042806D8194B1B781BB1BA
S315000159701849022007F0FCFA284602F057FC1924C0
S31500015980B0E705F10C00019E08F007FFAB8901990C
S31500015990B080C3F30B03CD608C820C8405980B8217
S315000159A008F012FEDDE90613186809F039FC99E7DB
S315000159B0D0F87461002EAFD0A98C2A6A05F11C03B8
S315000159C019443846B047BEE77856010050550100E4
S315000159D00C450100DAAF20084288612A10B503465A
S315000159E010D007D8422A13D0432A13D062B14FF000
S315000159F0FF3008E06B2A09D0AB2A07D0622AF6D11C
S31500015A00008A00E0408A10BD807CFCE7187CFAE73A
S31500015A10808AF8E7008A0028F5D1D98A084A52F81F
S31500015A20043B43B15C8C8C4205D193F85840032C5E
S31500015A3001D11868E7E701301428F0D1D7E700BF94
S31500015A407856010038B50388C3F30B0304460BB936
S31500015A50002038BD4588612D14D16C23438020492F
S31500015A60A08D14230C4651F8042B12B3558C854294
S31500015A701FD192F85850032D1BD1D2F8843154F816
S31500015A802300E6E7422D08D1B0F9122000214FF09C
S31500015A90FF30BDE83840FFF751BD6C2DDFD0FFF771
S31500015AA09BFF432D01D1238A43B14FF0FF320321DE
S31500015AB0EFE7013B13F0FF03D5D1C9E7E18A084AB5
S31500015AC0142352F8040B30B1448C8C4203D190F864
S31500015AD05840032CBDD0013B13F0FF03F1D1B7E7CA
S31500015AE078560100014B1870704700BFC856010077
S31500015AF0014B1870704700BFC9560100014B187061
S31500015B00704700BFCA560100014B1878704700BFA5
S31500015B10DC560100F0B50F4685B0044670B3038824
S31500015B20012B2DD146886EB30436B6F5807F29D870
S31500015B304FF4017005F010FD054628B34FF40172CC
S31500015B40002109F0ADF821464FF480726F80281DBF
S31500015B5009F0DCF800232E80CDE901330B4B0093CD
S31500015B602A464FF4017302216E2008F02CFE0446EA
S31500015B70284605F0F9FC204605B0F0BD2224FAE7D7
S31500015B802624F8E71D24F6E71924F4E7905F01407F
S31500015B90F8B50E46174620B1BDE8F8401146FFF7A5
S31500015BA0B9BFF9B10C78DCB1084607F005F9B0F5D3
S31500015BB0807F044618D8043005F0CEFC0546A8B10E
S31500015BC001230380448022463146043009F09EF8C1
S31500015BD039462846FFF79EFF0446284605F0C4FCD1
S31500015BE02046F8BD0C46FBE7014CF9E71924F7E717
S31500015BF0C50001000D4B818901221A700C4B092940
S31500015C00198012D840F20533CB40DB070DD5037A54
S31500015C10022B02D1074B5A717047012B02D1054A5B
S31500015C20937070470BB9034B1A707047DC5601002D
S31500015C3044600000D55601002DE9F04FADF21C6D10
S31500015C4006AD81468A461746002140F2FE52284695
S31500015C50984609F025F8214B1B78002B3CD00026ED
S31500015C604446B34640F2FE520021284609F018F890
S31500015C707CB340F2F1439C4299BFA2B200230123B7
S31500015C8040F2F24247B1B9190DF19E00CDE9042364
S31500015C9009F03CF8DDE90423EB7047F61813AA80F6
S31500015CA0A5F8008085F8029085F806A01644A41A86
S31500015CB00093CDE901BB02F1860301212A464D205D
S31500015CC008F081FD08B9002CCCD10DF21C6DBDE8A0
S31500015CD0F08F23462246DFE71120F6E7DC56010066
S31500015CE070B5002386B0CDE9013347F6181300934A
S31500015CF0012300F1080205461946112008F063FD4B
S31500015D00044680B9AB89062B10D1002347F6181239
S31500015D100092CDE901331A460121122008F053FD04
S31500015D200446002833D0204606B070BD284E32887E
S31500015D304FF6FF739A4222D172884FF6FF739A4249
S31500015D4006D00021012008F0A9FC04460028EAD16A
S31500015D50B2884FF6FF739A4206D00221012008F05D
S31500015D609DFC04460028DED1F288002ACDD003210D
S31500015D70012008F093FC04460028C6D0D3E7012190
S31500015D80084608F08BFC04460028D5D0CBE76A7A92
S31500015D90082A10D10F4B186805900023CDE901336D
S31500015DA047F61813009305AA04230121BE2008F023
S31500015DB00AFD0446B7E7297AA88907F001FF6A7A3E
S31500015DC0044602210448F6F7DDFC002CE2D0AAE7DE
S31500015DD09E5E0000C4C22008130A22082DE9F04184
S31500015DE0B6B00023CDE906330893C3890678012BA3
S31500015DF0054600F0408180892A7AA34F062814BF00
S31500015E0001230223012A3B7018D0022A12D0C2B103
S31500015E109E4B19609E4B1B78B3B19E4B1B88092B79
S31500015E2040F02B81092859D04FF43664204636B00C
S31500015E30BDE8F08143F00C033B70E9E743F008034A
S31500015E40FAE743F00403F7E76B69934C1C40002C17
S31500015E5040F015819149502222A808F057FF2822C7
S31500015E60214616A808F01CFF22AB16AA01340A2CFB
S31500015E7042F8043B03F10803F8D14FF4CD61042342
S31500015E8016A8CDE9201302F099F904460028CDD1D0
S31500015E90834B0693834B079306A82B788DF8203006
S31500015EA007F00CFC04460028C0D100F079F904463D
S31500015EB00028BBD1DFF8048298F8003083B195F849
S31500015EC038103046FEF72EFD04460028AED188F87C
S31500015ED00000422E07D12846FFF78CFE0024A5E7D5
S31500015EE009F0D6F9F5E704F051F8044600289DD1EA
S31500015EF007F0EBFB04F008F950B141F288310120BB
S31500015F0000F0ACF9C20740F1BC80204604F002F96A
S31500015F1000F0ECF80446002888D105F10C060FCEF6
S31500015F200CAC0FC40FCE0FC496E80300BDF8323097
S31500015F3084E803009BB10F9BDB0610D5F6F7A8FB9F
S31500015F40032806D8584B1B781BB15849012007F086
S31500015F500FF80F9B23F0100343F080730F9300217A
S31500015F6047F61816CDE90111009628230CAA102030
S31500015F7008F029FC044600287FF458AF4C4B2A69E7
S31500015F80286B1A6000F0C8F8CDE901440096032396
S31500015F9005F134020121C72008F015FC044600284A
S31500015FA07FF444AF04F06AF801238DF825308DF8AB
S31500015FB0283031230B930F9B8DF8274023F07E4326
S31500015FC023F47F0323F47F4323F0EF03003B18BF41
S31500015FD001238DF82430AB89C0F30720082B8DF8F7
S31500015FE026003CD10B94002147F618130093CDE906
S31500015FF001110C2309AAC82008F0E5FB0446002874
S315000160007FF414AF95F82600C04300F00100FFF7B6
S3150001601069FD686AC0F30330FFF7FEF9696819BBC9
S31500016020EB890C2B06D02846FFF75AFE04460028BA
S315000160307FF4FCAEAB691F4A002B03DAEB6903F070
S31500016040C0431360106808B1FEF7A8FC2846FFF7A5
S31500016050D1FDE88903F04CFF09F082F93EE7072BF1
S3150001606004BF33230B93BEE7387807F0DFFD044600
S315000160700028D5D0DAE60F24D8E61224D6E60E2477
S31500016080D4E60D4CD2E600BFDD560100E056010014
S31500016090DC5601004460000028000200C8C2200846
S315000160A0B7E62108BBE621080C45010003B020082C
S315000160B0CC560100D0560100596001009C5E0000DB
S315000160C07FB50B4604930021074BADF814000093EE
S315000160D0CDE90111082304AABA20ADF8161008F07B
S315000160E072FB07B05DF804FB1879004010B5084C47
S315000160F0208820B10821FFF7E3FF40B92080054C35
S31500016100208820B11021FFF7DBFF00B9208010BDE8
S315000161103E5701003C570100014B1860704700BF14
S315000161203857010030B589B000248DF8171007944F
S31500016130054670B3FFF7E8FC68B307ABCDE9014349
S31500016140164B0093214601230DF11702A02008F0FA
S315000161503AFB0446079814B938B9012402E008B19C
S3150001616002F064F8204609B030BD2246214608F007
S315000161701DFB30B1028822B19DF817301BB1012BEE
S3150001618001D00798ECE700F11001284608F0BEFDA2
S31500016190F7E72224E6E71124E4E700BF1879004077
S315000161A0F7B5284C28485022002108F079FD2068CF
S315000161B088B3254E00250921304608F0F9F9044631
S315000161C030BB0135052D06F11006F4D109F0A4F80E
S315000161D00446E8B9FEF7D0FF0446C8B9FEF7C4FF86
S315000161E01A4B05465F6A02F07DFF8542064619DABB
S315000161F0BD4217DDF6F74CFA022809D8144B1B7875
S3150001620033B1144900972B463246204606F0B0FEBC
S31500016210204603B0F0BD09F017F820600028C8D168
S315000162201924F5E7F6F734FA022809D8084B1B7842
S3150001623033B1094900972B463246002006F098FEF5
S315000162402324E5E7E4560100E8560100F05D00006D
S315000162500C4501004EB02008D6B0200838B54B1CBD
S3150001626005460C4613D009F0A3F840F2E73302467F
S3150001627000211846E4FB02014FF0FF3484428B41B2
S3150001628005D34FF47A72002304F0AAFF04460648A8
S31500016290234600222946006809F04AF8C31C012B4F
S315000162A098BF002038BD00BFE45601001C30C0B2C3
S315000162B01C289ABF024B53F820000120704700BFEB
S315000162C018C3200837B51146FFF788FD0446B0BB51
S315000162D01C49042007F07BFC054658B1F6F7D8F9AE
S315000162E0042807D8184B1B7823B118492A460220DF
S315000162F006F03EFE0021012006F02AFEF6F7C8F957
S315000163008DF8040001A8F6F7A7FE052805460BD06F
S31500016310F6F7BEF9042807D80B4B1B7823B10C49B5
S315000163202A46022006F024FE012101A8FFF7FAFE03
S31500016330BDF804301BB9FAF77DFFFAF773FF204663
S3150001634003B030BD445D00000C45010070B120086A
S31500016350B5B120080D282DE9F047064688461746AF
S315000163601D4620D8FAB1F3B1DFF844A05AF820004F
S3150001637008B105F0F9F805F10809484605F0ECF809
S315000163804AF82600044680B14A46002108F088FCF6
S31500016390C4F80080A580AAB23946A01D08F0B6FC53
S315000163A00020BDE8F0872120FBE71920F9E700BFAF
S315000163B04057010070B504460D2C0D46104611D804
S315000163C082B11E6876B10A4A52F8241061B18A88F0
S315000163D096420BD351F8064B2C601A6008F096FCD6
S315000163E0002070BD2120FCE72D20FAE70120F8E707
S315000163F0405701002DE9F04387B080460F46144609
S3150001640000F0DCF8054670B103680BB9406850B17D
S31500016410A8F10C033B4309D1236800930C22002306
S31500016420284607F00DFC07B0BDE8F08300222046A0
S31500016430114608F0BBF90446002800F0B680B8F111
S31500016440004F77F1000320D308F0A7F9064608B1FB
S3150001645040F48036564B32461978002006F0B7FCD8
S315000164606388142B03D0009642463B46D8E70023A7
S3150001647047F618120092CDE901331A46012112207E
S3150001648008F0A1F90028EED0CDE74A4B4FF00009FC
S315000164904F4508BF984524D1102005F05DF8024606
S315000164A008B91920BFE7C0F80990C0F80C90E37B42
S315000164B00360237C4360237D0372A369C360D5E92E
S315000164C001433CB1CDE9009303463A484A460021CF
S315000164D0A047A8E700932D68364823460021A84720
S315000164E0A1E7354B4F4508BF984534D1142005F037
S315000164F033F806460028D4D00F224946053008F065
S31500016500CFFB2346217933F8102BE069C2F30B0246
S31500016510521A0B44F260336194F910203271628A87
S31500016520B260C2020FD41B7913F0010F14BF00230E
S3150001653003233360D5E901433CB1002201931E4890
S3150001654000923346C3E74B46F3E700932D681A489A
S3150001655023463246C2E70688F6B1103458EA0703E5
S315000165600DD166B9ADF8166003F0B6F90DF1160155
S3150001657003F04CFD18B9BDF816602E235E43D5E92C
S315000165800193B9F1000F09D0CDE90063002223463A
S3150001659040463946C84746E73446DFE700932D684B
S315000165A0334622464046394699E722203BE700BF5B
S315000165B0486000000B0002000B0001000D2870B5B9
S315000165C041DD284B20F480229A4245D020F4003444
S315000165D003F540339C423FD020F4803103F5C023BC
S315000165E0994239D0204DC21700239A4208BFA842CA
S315000165F032D005F540359A4208BFA8422CD020F486
S31500016600403605F58035AE4226D005F580259A42FD
S3150001661008BFA84220D0154DAC421FD0144C9A4257
S3150001662008BFA0421AD0B1F1041F17D011499A42EE
S3150001663008BF884214D001F580319A4208BF8842CA
S315000166400ED0002007E020F000400C28F9DC0A4BB0
S315000166500C2202FB003070BD0920F8E70420F6E7A2
S315000166600B20F4E70900010009000C0004000100F9
S31500016670040002000B0001007857010008B5064B23
S31500016680586808B104F070FFBDE8084002481822B6
S31500016690002108F005BB00BF1858010010B50446DB
S315000166A028B11034204606F068FB70B910BDF5F725
S315000166B0EFFF0228FAD8064B1B78002BF6D02046AE
S315000166C00449BDE8104006F053BC04F04DFFE9E76C
S315000166D00C450100E8B120082DE9F04FE9B09046DC
S315000166E00546CA228B4602A80021994608F0D8FA27
S315000166F0CA22002135A808F0D3FA4FF0000AB8F1F2
S31500016700C90FC9F800A04ED8002D4CD06A8905F1F1
S315000167100C0102A808F0FAFA4246594635A808F0D3
S31500016720F5FA6B89214902AA02A802F803A06A4672
S31500016730CDE900AA08F0E4FA1C49044601AA35A8E5
S3150001674008F0DEFA06460CB92D68DDE7002EFBD00F
S31500016750CA21204606F025FBC7B2012F04D12378B2
S31500016760232B1ED02B2B0CD0CA21304606F019FB49
S315000167708742E9D13A463146204608F068FA0028B0
S31500016780E2D10A496A46002008F0BAFA07490446E6
S3150001679001AA002008F0B4FA0646002CD6D100283A
S315000167A0D2D1C9F8005069B0BDE8F08F13B2200804
S315000167B0014B1B68036070471458010038B50D463C
S315000167C0044668B161B12822002108F069FA04F192
S315000167D01000656106F0CAFA034B00201C6038BD43
S315000167E04FF43560FBE700BF14580100F0B502789D
S315000167F0931E022B87B005460E463BD80023032A7B
S3150001680004930FD1CDE9013308221C4B0592009365
S3150001681005AA04230221CB2007F0D5FF0446F8B9C7
S3150001682004232B700923059304ABCDE900630023F0
S315000168301A462946012007F032FAE8B9049F009664
S31500016840CDE90170042305AA0221CB2007F0BBFF85
S315000168500528044604D030B117B1384604F084FE49
S31500016860204607B0F0BD28702846FFF717FFFFF74F
S3150001687005FFF5E70224F3E71924F1E7905F01002C
S315000168802DE9F04FD0F80CA0ADF24C4D0546DDF8E0
S3150001689070940E4693461C46BAF1000F04D101B11D
S315000168A01BB94FF4356447E013B1237C3D2B52D815
S315000168B0BBF1000F03D0BBF80830C92B4BD807AF8B
S315000168C040F23912002138460DF1180808F0E8F9AE
S315000168D00023C8F8003006B96E686E60002C18BF38
S315000168E0A246C5E902BABAF80A40B4B340F27E2A12
S315000168F05046CDF858A104F02FFE0646002800F0B8
S31500016900D6805246002108F0CBF90DF1170A002373
S315000169108DF81730204656AB3246514607F04AFBF2
S31500016920044618B99DF817300B2B0AD0304604F0EF
S315000169301BFE002C08BF2A2420460DF24C4DBDE853
S31500016940F08F3388792B03D87388B3F5007F05D38D
S31500016950304604F009FE2124EEE72646297800296F
S315000169607AD156AC40F2EE22204608F099F9D5F8D4
S3150001697004A09AF81030042B14BF102204225146A9
S3150001698058A808F0C3F99AF81030082B14BF04234D
S315000169900623636001232360BAF81230A361EB6812
S315000169A09A7984F8DA221A89C4F8DC225A7C0AB95F
S315000169B09AF8142084F8DB221A7C2277D9680DF222
S315000169C0751008F0A3F9BAF81830A4F85B30BAF8D4
S315000169D01A30A4F8E132AEB131460DF5DB7031F86B
S315000169E004AB524608F092F9B6F802B00AF1040176
S315000169F05A4631440DF2322008F088F984F85DA038
S31500016A00A4F8D8B095F8243073B12B8BA4F8E332EF
S31500016A10AB7E84F8E532EB7E84F8E032EB69C4F8AC
S31500016A20E6322B6AC4F8EA32444B00934FF0000A6F
S31500016A302246CDE901AA40F2EE230221CB2007F03E
S31500016A40C2FE044630B116B1304604F08DFD85F81C
S31500016A5000A071E701232B7002233B602EB140F2A7
S31500016A6001133046BB8004F07FFDAC68ACB12378DE
S31500016A70FB7163783B722289236987F8D4307A7275
S31500016A8061680DF1260008F041F9D4E903120DF110
S31500016A90F10008F03BF90123BB710023CDE9009811
S31500016AA01A462946184607F0FAF8064608B1192487
S31500016AB042E7D8F80080CDF80090CDE9018040F298
S31500016AC039133A460221CB2007F07DFE05280446FC
S31500016AD03FF432AF78B32B7813B1194B98420ED1EC
S31500016AE0F5F7D6FD02283FF627AF164B1B78002B8C
S31500016AF03FF422AF1449002006F03AFA1CE70223BC
S31500016B002B7041F288312846FFF770FE044650B1DA
S31500016B10F5F7BEFD022806D80A4B1B781BB10B49B7
S31500016B20304606F025FAB8F1000F3FF405AF4046AE
S31500016B3004F01AFD00E703232B70FDE6905F0100C8
S31500016B40250001000C45010015B2200852B22008AB
S31500016B502DE9F04F8DB000238DF813300B780546E3
S31500016B600C461746052B0BD8DFE813F00600CD01BE
S31500016B70110263004D00580048689DB90323037054
S31500016B8000221346154660684669002B40F01282C2
S31500016B902178A368B047204604F0E6FC002D71D0A9
S31500016BA028466DE07B88142B0AD1012300258DF838
S31500016BB013300570FFF772FD0DF113022B46E2E764
S31500016BC00223037041F28831FFF710FEC0B1F5F7D9
S31500016BD05FFD022806D8A74B1B781BB1A6490020EA
S31500016BE006F0C6F9012004F0B7FC0546002840F07E
S31500016BF0D281204604F0B8FC19200DB0BDE8F08F13
S31500016C0063681870EEE7C96818B1084604F0ACFC71
S31500016C10E8E76068103006F0ACF8B1E70028E1D18A
S31500016C204868C968103006F0B0F8E06804F09CFCCA
S31500016C30A6E7B0B1F5F72CFD042807D88D4B1B78D4
S31500016C4023B18E492A46022006F092F9FFF716FD76
S31500016C50052360688DF818304569A36806AA0621E0
S31500016C60E9E0874E337D002B76D0B7F81090737D1F
S31500016C7009F0100943B1B9F1000F00D1B0822046E5
S31500016C8004F072FC0020B8E7F068B7F81280B36828
S31500016C9000EB08029A420FD902460093794843460F
S31500016CA00221F5F7C1FDFFF7E9FCB9F1000F1BD091
S31500016CB040F20113B38217E0336807F11401184457
S31500016CC0424608F023F8F36808EB0307F760B9F1C9
S31500016CD0000FD4D1B3689F4208D06B483A460221CF
S31500016CE0F5F778FDFFF7CAFC0823B2E7102229461B
S31500016CF006A807F0D5FF3368B07C7168328A08911F
S31500016D00CDE90A37738AADF8242000F001008DF829
S31500016D101C00C3F341008DF818006068C3F3C0037B
S31500016D208DF81D30006905ABFFF7D6FC059B6BB9E5
S31500016D30F5F7AEFC022806D84E4B1B781BB153491A
S31500016D40284606F015F9FFF799FC98E75B68A268F3
S31500016D50606806A99847F6E7398A8BB20393B7F8B4
S31500016D6014B0B7F812901FFA8BF808F11A0A07EB5C
S31500016D700A030293CB0636D40146102206A807F071
S31500016D808FFF029B6068ADF824B0CDE90A39039BF9
S31500016D9003F001028DF81C20C3F341028DF818207F
S31500016DA0C3F3C00307F11A018DF81D30006908917C
S31500016DB005AB4246FFF790FC059B73B9F5F768FCF6
S31500016DC002283FF65CAF2B4B1B78002B3FF457AFE5
S31500016DD02F49284606F0CCF851E75B68A26860683F
S31500016DE006A998474BE7D7F816A0BAF1000F0ED1BE
S31500016DF0F5F74EFC04283FF65BAF1E4B1B78002BC4
S31500016E003FF456AF2349022006F0B2F850E7BAF52F
S31500016E10A05F12D920484FF4A05352460221F5F73C
S31500016E20D9FC6068062140F201138DF81810B3826F
S31500016E304569A36806AAA84721E7B8F1C90F06D98B
S31500016E401648CA2342460221F5F7C4FC30E7CA4573
S31500016E5028D2F5F71DFC04283FF62AAF054B1B780F
S31500016E60002B3FF425AF0E4953464A46022006F051
S31500016E707FF81DE70C45010052B22008BDB220087B
S31500016E8018580100F30A2208B60A2208FEB22008A1
S31500016E903DB3200879B320088A0A2208560A220837
S31500016EA0C3B320080AEB08052846039104F054FBF6
S31500016EB0039980B9F5F7ECFB042807D83F4B1B78FB
S31500016EC023B13F492A46022006F052F840F2011347
S31500016ED0B3820723BDE600EB08057182424607F13E
S31500016EE01A0170603560A6F810B0C6F808A007F060
S31500016EF00DFF02994A46284607F008FF0123C6F806
S31500016F000C903375BBE67A88CB2A1DD100283CD07C
S31500016F102C4B98427FF466AE01256068042303700A
S31500016F2041F28831FFF762FCC0B1F5F7B1FB0228E7
S31500016F303FF626AE214B1B78002B3FF421AE2249AA
S31500016F40002006F015F81BE6F02A05D0142A18BF12
S31500016F5002230025012005E00025DEE7002D0CBFF8
S31500016F60002303238DF813307B88142B05D0CB2BFC
S31500016F7003D0F02B00D0C5B1B8B960680025057003
S31500016F80FFF78CFBFFF77AFB16E60223E1E7002801
S31500016F903FF4F6AD26E62378052B96BF0B4A092367
S31500016FA0D35C037000220123EDE500230DF11302EA
S31500016FB01D46E8E52A460621EBE500BF0C45010022
S31500016FC006B42008F1BB01003EB420088CC320089A
S31500016FD030B5174D002918BF0D46A5B02946044600
S31500016FE006F0C9FBA8B990221249684607F08EFE41
S31500016FF0AB69C3F343335A1E012A0F4A98BF8DF872
S315000170003A3053883BB96A460021204600F006F91A
S3150001701048B125B030BD12F8041B032006F0B3FFBA
S315000170200028F0D0F5E7054B01221A55F1E700BF1C
S3150001703094C320080CC42008B05E0000305801003B
S3150001704030B51B4A5388A7B0044633BB194BD3F856
S3150001705090000190B3F89430ADF808301A2200215F
S315000170600DF10A0007F01CFE7422002109A807F0A1
S3150001707017FE05238DF824300223ADF832300125A1
S3150001708040F2024301AA002120460E95ADF8443094
S3150001709000F0C4F848B127B030BD12F8041B012036
S315000170A006F071FF0028D1D0F5E7034B1D55F2E735
S315000170B0785F00000CC42008305801002DE9F0412A
S315000170C0A0F108081F465FFA88F3012B0D46164604
S315000170D003D9A0F11003012B4AD8284B1B5C002BC6
S315000170E04AD100F0DFF9044608B1122841D1B8F1BE
S315000170F0090F3BD8DFE808F005203A3A3A3A3A3A1E
S315000171002E351F493B463246002D18BF2946082019
S31500017110FDF7DAFC044620B90820FFF791FF044683
S3150001712038B3164A002312F8011B11BB0133122B87
S31500017130F9D100F035FA1CE011493B463246002DE3
S3150001714018BF29460920FDF7BFFC04460028E8D1EF
S315000171500920E2E73B46324629461020FFF738FF71
S31500017160DDE73B46324629461120F7E70F24D8E7EB
S315000171700F242046BDE8F0811224FAE730580100B9
S31500017180D0C32008A0F10803DAB2012A03D9A0F17D
S315000171901002012A17D80D4A125C92B1092B12D896
S315000171A0DFE803F005081111111111110A0D08206C
S315000171B0FDF798BC0920FBE71020FDF7EFBC112075
S315000171C0FBE7112070470F20704700BF30580100C0
S315000171D0A0F10803DAB2012A03D9A0F11002012AAB
S315000171E017D80D4A125C92B1092B12D8DFE803F0C9
S315000171F005081111111111110A0D0820FDF7BEBC68
S315000172000920FBE71020FDF707BD1120FBE7112040
S3150001721070470F20704700BF30580100F8B5064689
S315000172200C46174632B30146104600F0F5F80546FE
S31500017230F0B9FF2C03D0092E03D8072E0DD80F2540
S3150001724016E0103E012EFAD8012C15D864420B48DF
S3150001725004F090049022394607E0012C0CD86442D0
S31500017260074804F0940494223946204407F04EFD61
S315000172702846F8BD2225FBE72725F9E744580100F2
S3150001728064590100FF2908B50346104604D0E2B14E
S31500017290092B03D8072B0CD80F2015E0103B012B27
S315000172A0FAD8012913D849420A4B01F090019022DC
S315000172B006E001290BD84942074B01F094019422BB
S315000172C0194407F023FD002008BD2220FCE72720F2
S315000172D0FAE700BF445801006459010010B5174C84
S315000172E0206878B107F090FF50B1F5F7D1F903287E
S315000172F006D8134B1B781BB11249012005F038FE45
S3150001730000232360104C206878B107F0C9FF50B103
S31500017310F5F7BEF9032806D8094B1B781BB10B49B3
S31500017320012005F025FE00232360094C206818B1D1
S3150001733008F002F80023236010BD00BFCC5A0100FB
S315000173400C45010088B42008C85A0100C7B42008BA
S31500017350985A010008B5054B186808B107F0ACFF4B
S31500017360034B0022C3E900229A6008BD985A010026
S315000173708C5A01002DE9F041DFF8448004460E469F
S31500017380451E2F46082015F8011FFFF7FBFE30604A
S315000173902A780346022128B90748F5F7F3F90120AF
S315000173A0BDE8F0810548F5F715FA3368434501D084
S315000173B0A742E6D10020F3E76B0E2208370E22081A
S315000173C09CFF01000B4B07B5186880B1002305220D
S315000173D0ADF8043001A98DF805201A468DF806305E
S315000173E007F0B2FF18B104480221F5F7A3F903B07B
S315000173F05DF804FBCC5A0100C60E2208024824227D
S31500017400002107F04DBC00BF9F5A0100014B1860D7
S3150001741000207047C45A0100092910B5044603D853
S3150001742007290CD80F2014E010390129FAD890F851
S315000174302030013B1F2B07D8C06A638C0CE090F803
S315000174402030013B1F2B05D9F5F722F9042813D962
S31500017450212010BD406BE38DCBB90028F9D0F5F79B
S3150001746017F9042806D80C4B1B781BB10B490220CF
S3150001747005F07EFD2320ECE7074B1B78002BE7D0B8
S3150001748094F820200649022005F072FDE0E7002865
S31500017490E5D00020DDE700BF0C45010020B520083E
S315000174A007B5200810B5304C2368DBB12F4B1B689C
S315000174B09BB92F4807F0C8FE2C4B186050BBF5F757
S315000174C0E7F8042806D82B4B1B781BB12A49022062
S315000174D005F04EFDFFF702FF16E0284B1B68CBB106
S315000174E012202FE0264A03210A2007F045FF2060DB
S315000174F060B9F5F7CDF8042806D81E4B1B781BB1E9
S315000175002049022005F034FD01201BE0174B1B68C2
S31500017510002BCED01C4C236883B91C481A46194649
S3150001752007F0FEFE206048B9F5F7B2F80428D1D875
S31500017530104B1B78002BCDD01549C8E70F4C21689D
S3150001754009B1002010BD134A134807F005FF20605A
S315000175500028F6D1F5F79CF80428BBD8054B1B7813
S31500017560002BB7D00D49B2E7CC5A0100C85A010029
S31500017570C4C420080C45010080B52008D05A01007A
S31500017580D4C420084EB52008985A0100C5832108A5
S31500017590B3B52008ECC4200805892108DDB520080B
S315000175A0F7B5544D544E2B68326833B953490968BF
S315000175B019B9002A66D100202DE0002A62D0002BDD
S315000175C060D04E4F386800285CD000240623042181
S315000175D0ADF804408DF806408DF8053007F038FE09
S315000175E0474B38681C70022107F01AFE23462868AB
S315000175F0012201A907F0A8FE044670B1F5F748F883
S31500017600042807D83F4B1B7823B13F492246022065
S3150001761005F0AEFC012003B0F0BD02464FF0FF338A
S315000176203868042107F084FE00280CDAF5F730F8F3
S315000176300428EFD8334B1B78002BEBD033490220BB
S3150001764005F096FCE6E7430709D4F5F721F8042887
S31500017650E0D82C4B1B78002BDCD02D49EFE7FFF748
S31500017660CDFE2C4B30681C8007F032FE48B1F5F791
S315000176700FF80428CED8234B1B78002BCAD02649F5
S31500017680DDE73060286868B107F0BEFD48B1F4F760
S31500017690FFFF0428BED81B4B1B78002BBAD01F490D
S315000176A0CDE72860154C206868B107F0F9FD48B1AF
S315000176B0F4F7EEFF0428ADD8124B1B78002BA9D0A6
S315000176C01749BCE72060174C206880B107F0F4FD2C
S315000176D0206807F031FE48B1F4F7DAFF042899D89B
S315000176E0084B1B78002B95D00F49A8E72060FFF7C0
S315000176F031FE60E7CC5A0100D05A0100C85A010098
S315000177009C5A01000C45010008B6200847B620081E
S315000177107FB620089D5A0100B3B62008E0B62008BE
S3150001772011B72008985A010043B7200810B4054C38
S3150001773024681CB1A4465DF8044B60475DF8044B10
S31500017740704700BFC45A0100F0B54378A9B0013BA8
S315000177500026012B0446029603D90024204629B0AF
S31500017760F0BD5D4DFFF7F6FD2B683BB1042303AA7F
S31500017770314605208DF80C60FFF7D8FF267803AA5D
S3150001778000213046FFF77EFD002851D000238DF8F9
S315000177900030FF2303AA012130468DF80430FFF79C
S315000177A071FD01238DF80130002846D19DF89C30EA
S315000177B08DF805300022012301A9684606F03BFC3D
S315000177C003A806F03BFA0246002838D043480221B6
S315000177D0F4F7D8FF012602A968462778FFF7CAFD04
S315000177E00446002831D0FFF7B5FD3D4B1B788BB120
S315000177F03C4BC4F10201186807F012FDB0F1004FCD
S3150001780008D1394A394B3A48002C08BF1A46022199
S31500017810F4F7B8FF2B68002BA0D0C4F102038DF852
S315000178200C300299042303AA0520FFF77FFF95E791
S315000178309DF89C308DF80000ACE7FF23B8E79DF872
S315000178400C30002BC6D10326C5E72A4B029A2A4CD7
S315000178509A4204D0012E0DD1FFF77CFD05E00820E8
S31500017860FFF7B6FC02900028F4D02478002C7FF4B0
S3150001787074AFBAE7214B1E68002EF6D001232370A0
S31500017880BDF80030A4F8013002236360052323729A
S31500017890677207F08DFD40F2E7320346002110467C
S315000178A047F23057E3FB07014FF0FF3383428A412A
S315000178B00FD34FF47A72002303F092FC014630464F
S315000178C007F0A6FC0028D0D00D480221F4F732FFBC
S315000178D0C2E71946F3E700BFC45A0100990E220810
S315000178E09C5A0100C85A01006CB7200874B72008D9
S315000178F0EC0D22089CFF01008C5A0100985A0100E8
S315000179000F0E22082DE9F041A8B00023954F964E9F
S31500017910ADF804308DF8063038684FF0FF33002299
S3150001792001A907F06DFC0028F6D19DF80540062C4B
S3150001793000F23D82DFE814F03A0007000700BF01BC
S31500017940550044011F029DF80420112A04D98748D5
S315000179500221F4F717FFDFE7854C6378FF2B10D17F
S3150001796001A8FFF7F1FE30B182480221F4F7E2FEE9
S3150001797002232370D0E77C4B1B78002BF9D001231F
S31500017980F7E77D4C14F81230002BC5D07B4B1B68F2
S31500017990002BC1D000231A4601210620FFF7C6FE9F
S315000179A09DF80430002204F81320B5E79DF8042061
S315000179B0112A02D972480221CBE76F4B13F8123014
S315000179C0042BA9D16F480221F4F7B4FE6B4B1B6857
S315000179D0002BA1D000231A4619460620FFF7A6FE62
S315000179E09AE7634C9422002103A807F059F99DF800
S315000179F0063063709DF80400012303AA0021237059
S31500017A00FFF740FC48B3F4F743FE042806D85E4B63
S31500017A101B781BB15D49022005F0AAFA00232370E9
S31500017A205B4B1B78002B3FF477AF5A4B022118684A
S31500017A3007F0F6FBB0F1004F7FF46EAFF4F728FEC6
S31500017A4004283FF669AF504B1B78002B3FF464AF17
S31500017A505149022005F08CFA5EE79DF83030042B7F
S31500017A6098BF4E4A03A998BFD05C4D4A06F0DCF890
S31500017A70054638B3F4F70CFE042807D8424B1B78A9
S31500017A8023B148492A46022005F072FA00239DF8DF
S31500017A9004208DF80A304FF0020802A88DF808205C
S31500017AA08DF809802370FFF74FFE4146054628B140
S31500017AB03D48F4F73FFE454625702DE73B48F4F770
S31500017AC039FEF9E79DF80450DFF8C480083D18BF78
S31500017AD001256D00294613A805F04FFE014690B118
S31500017AE0F4F7D6FD042809D8274B1B7833B19DF846
S31500017AF004202F492B46022005F03AFA0023237071
S31500017B0098F800308EE703AA0820FFF787FB0546A1
S31500017B1010B3F4F7BDFD042806D81B4B1B781BB127
S31500017B202449022005F024FA0023237098F8003036
S31500017B30002B3FF4F1AE174B002D14BF022101219A
S31500017B40186807F06DFBB0F1004F7FF4E5AE1A48F7
S31500017B500221F4F7EFFDDFE618480221F4F7EAFD0A
S31500017B600223E2E7CC5A01008C5A0100F50C2208E7
S31500017B709D5A0100D80C22089F5A0100C45A0100DF
S31500017B80520D2208130D22080C4501007CB720086E
S31500017B909C5A0100C85A0100AAB72008BCC4200893
S31500017BA0C0D40100D3B72008B50C22088A0C2208DC
S31500017BB000B820084EB82008330C2208610C2208B0
S31500017BC03378002B3FF4A8AE01247F48039403A920
S31500017BD0FFF7D0FBE8B17D4B1B785BB17C4B2146AF
S31500017BE0186807F01DFBB0F1004F03D17948022157
S31500017BF0F4F7A0FD784B1B6843B101238DF80830DB
S31500017C000399307A042302AAFFF790FDFFF7A2FB3E
S31500017C1082E6724B039A9A4205D10820FFF7D8FAF9
S31500017C2003900028F2D17368012B14DC674B1B7893
S31500017C305BB1674B0221186807F0F2FAB0F1004F09
S31500017C4003D167480221F4F775FD634B1B68002BCE
S31500017C50DCD00223D2E7013B7360624B1C6807F05C
S31500017C60A7FB40F2E73203460021104647F23055A2
S31500017C70E3FB05014FF0FF3383428A4119D34FF4E9
S31500017C807A72002303F0ACFA0146204607F0C0FAE7
S31500017C9000283FF441AE54480221F4F74BFD4B4B0B
S31500017CA01B78002BD1D04A4B0221186807F0B8FA8D
S31500017CB0CBE71946E9E79DF80440092C12D8072CB1
S31500017CC015D8F4F7E5FC02283FF626AE474B1B789C
S31500017CD0002B3FF421AE9DF804204549002005F014
S31500017CE047F919E6103C012C7FF616AEE9E7942216
S31500017CF0002103A806F0D4FF20469DF806103D4D4D
S31500017D0003AAFFF7BFFA0446C0B1F4F7C1FC042881
S31500017D1007D8364B1B7823B137492246022005F096
S31500017D2027F99DF80420002305F812302A4A126823
S31500017D30002A3FF4F1AD1A4621464EE6024603A952
S31500017D40012005F071FF0528044609D12B480221BF
S31500017D50F4F7F0FC9DF80430042205F81320DBE566
S31500017D60F4F796FC0428DCD8204B1B78002BD8D0DE
S31500017D7023492246D2E7F4F78BFC022806D81B4B8F
S31500017D801B781BB11F49002005F0F2F8104B0421A6
S31500017D90186807F045FAB0F1004F03D11A480221DD
S31500017DA0F4F7C8FC194B186807F04AFAB4E5F4F77A
S31500017DB06FFC02283FF6B0AD0C4B1B78002B3FF44D
S31500017DC0ABAD1349224689E78D5A01009C5A010041
S31500017DD0C85A0100C30D2208C45A01009CFF0100C4
S31500017DE09A0D2208985A0100700D22080C450100CF
S31500017DF0A0B820089F5A010074B82008E00B220899
S31500017E00D3B72008C9B820080B0C2208D05A0100A4
S31500017E10F1B82008FF2973B5034641D1214C2268E8
S31500017E20CAB1214E3068B0B18DF804301F4D8DF8BE
S31500017E30061004238DF80530032101232B7007F06A
S31500017E4007FA002320681A4601A907F07DFA0446BD
S31500017E5020B100232B70012002B070BD02464FF005
S31500017E60FF333068032107F063FA002806DA104869
S31500017E700221F4F75FFC2C700620EDE710F00106F5
S31500017E8006D00C480221F4F755FC2C702046E3E796
S31500017E908307DED508480221F4F74CFC2E70DAE799
S31500017EA02120D9E7CC5A0100C85A01009C5A010089
S31500017EB0A20B2208830B2208670B2208F7B50F468F
S31500017EC01C461546002A63D0002B61D0002301937E
S31500017ED010F47F431DBF18460612073606460129D0
S31500017EE009D002291AD007284BD027DC01380528EA
S31500017EF03AD9012010E0A4F10803372BF3D9F4F79E
S31500017F00C7FB042807D8234B1B7823B122492246F5
S31500017F10022005F02DF8214803B0F0BD202CE2D057
S31500017F20F4F7B6FB042807D81A4B1B7823B11C4972
S31500017F302246384605F01CF81A48EDE7B0F5806F81
S31500017F4008D00BDCB0F5007F04D020F40070B0F54A
S31500017F50807FCED147F0004701970BE0B0F5A06FC7
S31500017F60F8D0B0F5C06FF4E701A9384606F09FF8DE
S31500017F700028D1D1019923462A463046FEF7EAF96F
S31500017F80CAE701A9384606F092F80028F2D0E1E7DF
S31500017F902120C1E70C45010079B92008280001001C
S31500017FA09FB920083900010070B507F081F906462E
S31500017FB01C2003F0D1FA044628B9304607F0F0F93F
S31500017FC01925284670BD1C22002106F069FE0F48BE
S31500017FD00122214606F0D7F8054618B1204603F0DE
S31500017FE0C3FAEAE70A4BD3E9002162B959B91C6021
S31500017FF0224622601A7B5C60013230469C601A730D
S3150001800007F0CEF9DDE70C60F3E700BFD45A0100B3
S31500018010DC5A01002DE9F8431A4E07468846914677
S3150001802007F046F9337B054623B907F0B9F9012074
S31500018030BDE8F8830023B4683B60E28AA38A9A42CA
S315000180400ED3246807F04CF9A0EB0800484502D28C
S31500018050B368A342F1D1284607F0A2F91920E7E750
S3150001806004F1080004F025FF38600028E9D0E38A0E
S31500018070046001332846E382B46007F091F90020D9
S31500018080D6E700BFDC5A01002DE9F84F0C461F4622
S31500018090DFF8A0A00646904607F00AF91C235C43C8
S315000180A00AEB04056B6823B907F07AF91120BDE8DC
S315000180B0F88FAB8A1BB907F073F91920F7E700238C
S315000180C0336007F06DF904F10809D14407F0F0F8BF
S315000180D0EA8AAB8A9A42834611D2484604F0E9FEFF
S315000180E0306060B1EB8A5444046001335846EB8238
S315000180F007F056F93368002BDFD00020D7E7584642
S3150001810007F04EF907F054F94FF0020E84460021AC
S3150001811040F2E7304FF47A720023ECFB0E0103F0D4
S315000181205FF807F0F1F807F0DBF8A0EB0800B842BA
S31500018130CCD9DFE7EC5A01002DE9F04107F0B8F898
S315000181401B4C05460026606830B103F00DFA1C226F
S315000181500021204606F0A4FD0736462E04F11C0434
S31500018160F1D1144F07F0A4F83B7B044633B907F06D
S3150001817017F92846BDE8F04107F012B9D7F8008093
S315000181804646D8F80080706803F0EEF9304603F0F1
S31500018190EBF97B689E42F3D110220648002106F0D6
S315000181A07FFD054B0022C3E900222046DFE700BF21
S315000181B0EC5A0100DC5A0100D45A0100F8B5044614
S315000181C060B3C36A63B3836A53B3051F00F124071F
S315000181D02B4653F8042F1AB1516809B11268FAB146
S315000181E0BB42F6D10F4E55F8040F50B1436843B167
S315000181F00022314605F0C7FF18B1FFF79DFF1A208F
S31500018200F8BDBD4206F11C06EDD1074BA06AE16A35
S3150001821003C3FFF7C9FE0028F2D0EEE72220EFE7FD
S315000182202120EDE7EC5A0100D45A01002DE9F04175
S31500018230044600284ED007F03BF82146074651F880
S31500018240046D06F1080004F046FEF38A327E013B16
S315000182509BB2F3822AB323BB1F4C237B012B20D96C
S3150001826007F026F823689E42804611D1636832687A
S3150001827022601A60A2687068964208BFA36003F084
S3150001828073F9304603F070F9237B013B237305E054
S315000182901D681A46AE420DD0AB4208D1404607F0E2
S315000182A07FF8384607F07CF80020BDE8F0812A46C1
S315000182B02D68EFE72B68136062686868954208BF0E
S315000182C06360A3689D4204BF6368A36003F04CF931
S315000182D02846D7E72220E8E7DC5A010010B5044614
S315000182E038B3144900226C3006F0A0F90022114679
S315000182F004F15C0006F09AF90F49002204F14C00E2
S3150001830006F094F9A06C18B106F0CAFF0023A36425
S31500018310D4F8840020B1FFF789FF0023C4F8843024
S31500018320606C18B106F0D4FF00236364002384F85F
S31500018330883010BD79F22108BDF221082DE9F04FF0
S315000183409BB00446302200210EA806F0A9FC0026A7
S315000183509B4822460221CDE90566CDE90766F4F779
S3150001836011FAB6FA86F25209A06C52424FF43A015A
S3150001837005F0A7FF064316F4000709D0A06C4FF4D9
S31500018380800106F04DFF06F08FFF06F059FFFAE770
S31500018390330309D58B480221F4F7CCF926F40026DC
S315000183A004F16C09E36EEBB9B50208D586480221E2
S315000183B0F4F7C0F9E36D002B56D126F40016F3024B
S315000183C040F1168208A904F14C0006F015F90028BF
S315000183D000F06A810021204605F098FF002840F050
S315000183E02D82BEE70AA948460A9706F005F9002834
S315000183F0D8D10A9BE56F1A7892B99B6855B9E3679C
S315000184000A9B4FF40021586806F006FF0A9803F00C
S31500018410ABF8C7E71D60F2E7E2670CE028461546B0
S31500018420002DEDD0297993F801C02A688C45F5D144
S315000184300028F1D002600023ADF83630ADF83410D3
S3150001844005F108030BAA61490C9305F130000B9461
S3150001845006F0ECF85D490BAA05F1400006F0E6F8D6
S31500018460284603F081F8CBE705A904F15C0006F084
S31500018470C3F878B1F4F70CF9042806D8544B1B78E5
S315000184801BB15449022004F073FD0021204605F07A
S315000184903DFF8FE7059D95F82C30042B07D14E48FB
S315000184A00221F4F747F90598FFF7C0FE7FE0AB8894
S315000184B0002B00F09980072BCDE909000B902DD0F8
S315000184C02F3B9BB21C2B2CD8444A22FA03F313F000
S315000184D0010F0CBF4FF003084FF00108F4F7D8F86D
S315000184E0042807D83A4B1B7823B1AA883C490220B5
S315000184F004F03EFD4146204605F008FF29890AABF6
S3150001850009AA204605F068FF30B9DDF82480B8F1E4
S31500018510000F01D00A9F3FB92846C5E74FF004086E
S31500018520DCE74FF00308D9E72E490BAB2A4608F1E1
S31500018530100000F033FE2D28EED01B28ECD020B120
S315000185400021204605F0E2FEE6E798F8213053B116
S31500018550013B88F82130D8F8003023B1A06C4FF4E4
S31500018560003106F05DFE06F0BBFEAB691BB16A6A1F
S31500018570801A9842D0D8A98AC807CDD511F4606F60
S31500018580CAD011F44078C7D1F868C5F80C80A5F8AF
S3150001859010802946D5F828A006F016F80028CFD174
S315000185A03969BAF1000F05D0504606F035FE0023B1
S315000185B00593FFE67B69186806F032FEF7E700BF10
S315000185C0C21022087D1022086A1022087FF22108B3
S315000185D00C450100C5B920083D1022080500001010
S315000185E0DBB92008A1F32108CDE909330B932989C9
S315000185F00AAB09AA204605F0EFFE074630B9DDF8B9
S315000186002490B9F1000F01D00A9B6BB9F4F740F839
S31500018610042895D89A4B1B78002B91D099493A4654
S31500018620022004F0A5FC8BE7AB8ADA0702D513F426
S31500018630606F33D194482A460221F4F7A3F893498F
S315000186400BAB2A4609F1100000F0A8FD2D283FF4D6
S3150001865063AF1B283FF460AF70B1F4F719F8042833
S3150001866006D8874B1B781BB18949022004F080FC90
S315000186700021204605F04AFE2846FFF7D7FD99F866
S315000186802130002B93D0013B89F82130D9F80030F5
S31500018690002B8CD0A06C4FF400318DE70823E860E5
S315000186A0288285F82C3082E7E36C0BB926F4801614
S315000186B078480221F4F73EF80899236A11910EAA27
S315000186C02046984770B1F3F7E3FF032806D86C4BB1
S315000186D01B781BB17049012004F04AFC0898FFF78A
S315000186E0A5FD3EE6BDF840A007AB06AA51462046C9
S315000186F005F072FE074630B9DDF81880B8F1000FB3
S3150001870001D0079D55B9F3F7C3FF0428E6D85C4BA2
S315000187101B78002BE2D061490220DDE76048022187
S31500018720F4F708F82B68FBB1089A5146204698479A
S315000187308146C8B1052819D03946204605F0E6FD1F
S3150001874000287BD10898FFF771FDF3F7A1FF0428F4
S315000187503FF607AE4A4B1B78002B3FF402AE514958
S31500018760022004F005FCFCE54FF0000900234E4809
S315000187700A93022108F1100BF3F7DCFF434905AB1D
S315000187800EAA584600F00AFD02210746024647484E
S31500018790F3F7F8FF2D2F01D01B2F62D1089A444819
S315000187A053460221F4F716F80AAB4FF47A72012107
S315000187B0032005F016FD00283AD10A99089B0B60A3
S315000187C001230B71E86905F0FFFE0746002838D141
S315000187D0D5E9082337480221F3F7FCFFD5E9081349
S315000187E0186806F01DFD302200210EA806F058FA81
S315000187F0B0037FF5B6ADE56F4FF001094FF0000A02
S31500018800002D00F021812B6B83B195F8512095F84D
S3150001881020309A42C0F0088195F8512095F8203011
S315000188209A4234BF4FF0000909F001092D68E7E7C4
S315000188300021204605F06AFD0028BED01BB0BDE828
S31500018840F08FF3F725FF04283FF6C4AD0C4B1B78D8
S31500018850002B3FF4BFAD18493A46022004F088FBCD
S31500018860B8E56FB3F3F714FF04283FF6B3AD044B35
S315000188701B78002B3FF4AEAD10493A46EDE700BF39
S315000188800C45010010BA2008EE102208A1F32108B8
S3150001889038BA20082D10220869BA20087FBA2008A4
S315000188A01B1022089ABA2008FF0F2208D90F2208A6
S315000188B0910F2208660F2208B4BA2008CFBA200801
S315000188C006F00EFD059A9369526A801A834216D202
S315000188D0ABB14146204605F071FDF3F7D9FE0328F9
S315000188E008D8944B1B782BB1059B93499A690120B3
S315000188F004F03EFB0898FFF799FC0598EFE6B9F1FD
S31500018900000F27D04FF000090BAB4FF47A7249469E
S315000189100320CDF82C9005F064FC002863D1059B5B
S315000189200B9A03F1300153F8040B42F8040B8B4206
S31500018930F9D10B99584605F047FE78B141462046D4
S3150001894005F03CFD0598FFF771FC0898FFF76EFCF2
S315000189500B9850E04146204605F030FD0221059A6C
S315000189607648F3F70FFF0599089BCB60BDF84830B1
S315000189700B828B8A9F0548D50AAB4FF47A72012187
S31500018980032005F02EFC002838D1059B089ADA60F1
S315000189900A994FF0000881F80480D5E9089AD5F8BC
S315000189A01CB00B60584605F00FFEBDF84020054689
S315000189B05B4663480221F3F70DFF002D7FF40AADF4
S315000189C0CDF800B00221DAF800305E484A46F3F7E6
S315000189D02BFF4946B8F1000F21D0404606F01CFC9A
S315000189E000230593FFE64146204605F0E7FC05987E
S315000189F0FFF71CFC0898FFF719FCEBE40021204661
S31500018A0005F084FC0028C0D018E7BDF83C30D1F849
S31500018A102880D5F80CB08B80D5E9049AC2E7DAF83C
S31500018A20000006F0FDFBDBE795F80480CDF82CA0ED
S31500018A3005F1300B0BA9584605F0DEFD58B10021B2
S31500018A40204605F063FCF0B1B9F1000F3FF489ACA3
S31500018A5026F4003685E406F043FC0B9A938A13F458
S31500018A60407315D1516A401A9169884210D9D0686C
S31500018A700393FFF7DBFB0B98FFF7D8FB039B0B93E5
S31500018A802B6B002BD6D12B6B002B7FF4C5AECDE61D
S31500018A90EB685BB141462046984738B10B9BD868D5
S31500018AA0FFF7C4FB0B98FFF7C1FBECE70B9A698A4A
S31500018AB0138A0092D268E06A06F0E6FB0528804632
S31500018AC01CD10B9B022283F82C200B9A938AD9077F
S31500018AD002D513F4606F1CD1B8F1050F26D11A48DF
S31500018AE00221F3F74FFE0B9905F1400005F06CFDED
S31500018AF0B0B10021204605F009FCA5E708B1032124
S31500018B009EE70B9B0822D86883F82C20FFF78EFB83
S31500018B10DBE7B8F1050F1EBF0023D3601382DEE742
S31500018B2095F85130013385F85130ACE7DB05AAD50C
S31500018B301046B8E70C45010000BB20084D0F22087E
S31500018B40260F2208F00E2208D41022082DE9F04340
S31500018B50044600268BB0442204F14C080F4606F069
S31500018B60D5F8C4E9116684F88860E667C4F88460BC
S31500018B700921404605F01CFD054670B904F15C0962
S31500018B800921484605F014FD054650B122493246F1
S31500018B90404605F04BFD84F8886028460BB0BDE8D9
S31500018BA0F083092104F16C0005F002FD054628B1A8
S31500018BB032463146484605F039FDE7E706F044FB03
S31500018BC0A06420B92046FFF789FB1A25E5E794F84A
S31500018BD03D0004F184034FF47A72012105F001FB93
S31500018BE0054618B12046FFF779FBD6E70146202254
S31500018BF002A806F055F8BB6A069308487B6A0197F6
S31500018C0001AA2146079306F0A7FB60640028D9D084
S31500018C10012384F88830C0E7BDF221083D9321087D
S31500018C20F0B5044687B0002876D0806C002873D052
S31500018C3000274FF4000184F8887006F0F1FAA06C61
S31500018C4041F288324FF4800105F03BFB002865D0E4
S31500018C50032540F2E7360197606C06F039FBE0B177
S31500018C6006F0A6FB01994FF0140C3746E0FB0C7198
S31500018C704FF47A720023384602F0B2FA06F044FB4A
S31500018C80013DE9D1F3F704FD042806D8244B1B78EE
S31500018C901BB12449022004F06BF90025A06C656420
S31500018CA006F0FEFA2049A5642A4604F16C0005F097
S31500018CB0BDFC2A46294604F15C0005F0B7FC1B49B8
S31500018CC02A4604F14C0005F0B1FCCDE904550394A4
S31500018CD0E56F4DB9D4F8840018B1FFF7A7FAC4F8C7
S31500018CE08450002007B0F0BD2B68E3672B79ADF8FF
S31500018CF0143003AA05F108030D49049305F1300068
S31500018D0005F094FC0A4903AA05F1400005F08EFC22
S31500018D10284602F029FCDBE72120E3E70720E1E70B
S31500018D200C4501001EBB200879F22108BDF221087D
S31500018D307FF221082DE9F74F07468946164606F0C8
S31500018D40B3FA0190002F7ED0002E7CD000287AD075
S31500018D505C2002F001FC044628B94FF01A0840468F
S31500018D6003B0BDE8F08F0C2002F0F6FB054618B9FA
S31500018D70204602F0F9FBF0E70FCE04F1080CACE84F
S31500018D800F000FCEACE80F0096E8030026464FF021
S31500018D90000B8CE8030084F8049046F830BB0921E7
S31500018DA0304605F005FC804630B1204602F0DCFB7A
S31500018DB0284602F0D9FBD2E704F1400A09215046C0
S31500018DC005F0F6FB804648B1284602F0CDFB1F4967
S31500018DD05A46304605F02AFC2046EAE7019B84F80C
S31500018DE05100C4E91500A4F85200287085F80190D5
S31500018DF0AC606B60294607F16C0005F0E5FB804627
S31500018E000028ACD14FF40021B86C06F009FA42F201
S31500018E10107241464FF4002006F056FA03039ED421
S31500018E20284602F0A1FB42460849304605F0FEFB02
S31500018E3042460649504605F0F9FB204602F094FBEE
S31500018E404FF001088BE74FF0210888E7BDF22108B2
S31500018E50F7B53948394E002402210094F3F76AFC2C
S31500018E60374D38480221F3F765FC4FF0FF330022F6
S31500018E704FF42401286806F05BFAC31C012B98BF46
S31500018E8000200443022130482246F3F77BFC2102ED
S31500018E900AD54FF48001286824F4000406F0C0F9CD
S31500018EA006F002FA06F014FAA20208D52748284F5E
S31500018EB00221F3F73FFC24F400143B68ABB96303CA
S31500018EC0CED524480221F3F735FC356824F48024F5
S31500018ED00127002DC4D0A8680368E3B91FB92B6820
S31500018EE03BBB356801272D68F3E7002301A9384606
S31500018EF0019305F081FB0346286823B14FF4002155
S31500018F0006F08EF9D9E73268019B02B11A60336027
S31500018F104FF48011F4E7694605F06EFB0028DAD1BB
S31500018F206B680099E8689847AB681B68002BD6D137
S31500018F30D4E70027D7E700BF05122208045C010029
S31500018F40185C0100DC112208B011220870112208F8
S31500018F50085C01004511220810B504468AB00020BC
S31500018F6006F072F9124B1860F8B120600921114818
S31500018F7005F01EFB0446A8B90146202202A805F009
S31500018F808FFE0D4B01934FF4C0623223CDE90623C8
S31500018F9021460A4801AA06F0DFF9094BB0FA80F426
S31500018FA01860640920460AB010BD1A24FAE700BF0A
S31500018FB0185C0100085C010058BB2008519E21087D
S31500018FC01C5C010038B5214C2368002B39D0204D9B
S31500018FD04FF40001286806F023F92D6806F0E8F938
S31500018FE040F2E73203460021104641F2883CE3FB9A
S31500018FF00C014FF0FF3383428A4105D300234FF41E
S315000190007A7202F0EDF8034600224FF480012846F9
S3150001901006F08EF9C31C012B15D9A0B100230D4D05
S3150001902023602C680CB9204638BD0B49A068002284
S3150001903005F0FCFA2B6820461B682B6002F094FAB7
S31500019040EFE72420F0E70720EEE700BF1C5C0100F4
S31500019050185C0100045C0100ABF52108F8B50F4668
S315000190601546064698B392B3102002F075FA0446E7
S3150001907078B300234560C0E90267036001461648DC
S3150001908005F0A2FA054620B1204602F06DFA2846FF
S31500019090F8BD124E12484FF400120221F3F772FB8B
S315000190A04FF40011306806F0BBF84FF0FF3330681B
S315000190B02A464FF4C01106F03BF9C31C012B01D916
S315000190C0C302E4D4204602F04FFA0125DFE7212549
S315000190D0DDE71A25DBE700BF085C0100185C01002B
S315000190E008112208024B186808B106F0B5B8704796
S315000190F01C5C010038B50D460446B0B1A9B106F0B5
S31500019100D7F800232B60D4E9002362B92BB1084BB1
S31500019110084A0948432102F0F9F92560656006F01D
S315000191203FF9002038BD1D60F8E72120FAE700BFAE
S3150001913065BB200876C520087ABB200838B50D46E0
S31500019140044618B311B306F0B3F823688BB9636804
S315000191502BB10F4B0F4A10489A2102F0D7F92B6019
S315000191601B2406F01DF92B680BB100221A6020465C
S3150001917038BD2B60626893421CBF1B6823604FF0A9
S31500019180000208BFC4E900220024EAE72124EEE731
S3150001919065BB200857C520087ABB20082DE9F84F82
S315000191A0894693469846044600283BD0002B39D081
S315000191B0002937D000271F6006F07AF82568824615
S315000191C075B963682BB11E4B1E4A1F48E32102F095
S315000191D09DF906F0E5F81B242046BDE8F88F3546D3
S315000191E069685A462046C847F0B92E682F46002EB0
S315000191F0F5D12D24504606F0D3F8002EECD00023ED
S3150001920033607368C8F800303046BDE8F84FFFF7A1
S315000192100DB82B68236010E0AB4216BF2B68676060
S315000192203B600AE02124D7E7D4E90023AA42F3D11F
S31500019230AB42EED10023C4E900332E460024D9E720
S3150001924065BB20082EC520087ABB20082DE9F84306
S315000192500F469046044600282FD006F029F82368C9
S31500019260064643B14FF00009256875B9304606F048
S3150001927097F800251EE06368002BF8D0104B114AC1
S3150001928011484FF4B07102F041F96368AB421ABF5D
S315000192902B682360C4E900991FB1696842462046DC
S315000192A0B8472846FEF7C2FF05460028DCD03046FF
S315000192B006F076F82846BDE8F8832125FAE700BFCF
S315000192C065BB200810C520087ABB20080F280ED8D8
S315000192D000283AD001380E280BD8DFE800F00C1729
S315000192E00A3220230A3726290A3C2C2F41008028DE
S315000192F043D0002029E0224B1A78002A3BD19A78E4
S31500019300002A38D1587900F0010070471C4B5A7871
S31500019310002A30D1DA78002A2DD19879F3E7184B53
S3150001932018787047164B58787047154B98787047E0
S31500019330134BD8787047124B58797047104B987970
S3150001934070470F4B18780028EDD070470C4B987872
S315000193500028FAD1EDE70A4B58790028F5D1EEE756
S31500019360074B9A783AB9DA782AB91A781AB95A7833
S315000193700AB95A79CFE70120C5E7014B1879704739
S31500019380D55601007FB5034614460E46002900F066
S315000193908480002A00F08180C2074CD5414B1B789E
S315000193A084F8663002A900F013FE0DF1030000F007
S315000193B077FE054600283BD19DF80330A37096F849
S315000193C02020314604F1440005F0A0FC96F8203037
S315000193D084F86930F38D637000F03AFE617801908C
S315000193E004F1660201A805F023F9054600BB96F8CB
S315000193F03030042B02BF637863F07F036370002370
S3150001940084F86E30029BC4F86A30039B84F8683096
S31500019410D6F82630C4F86F30738DA4F8733000F097
S3150001942005FEC0F30720800060F07F00E070002594
S31500019430284604B070BD9B0731D51B4B1B7884F8B9
S31500019440663001A800F02CFE05460028F0D19DF8F3
S315000194500430A37096F82020314604F1440005F04B
S3150001946055FC96F8203084F86930738C637084F863
S315000194706E5000F0EDFD6178029004F1660202A8DB
S3150001948005F0D6F805460028D2D100F09BFD092843
S3150001949004BF012384F86E30C1E72225C8E7012500
S315000194A0C6E700BF41600000406000002DE9F043BF
S315000194B0ADF5317D0DF114080023C8F80030BA4B23
S315000194C01B7804460E461746002B00F0F98110F072
S315000194D002015ED1FFF7FAFE002800F0F381002EAB
S315000194E000F0F3810DF118093222484605F0D8FB48
S315000194F096F820202AB9212420460DF5317DBDE8B4
S31500019500F083314607A805F001FC14F0050F03D0DE
S31500019510338F0BB1A9F82C3014F0090F03D0F36B7C
S315000195200BB1C9F82E3000F081FDA04BADF86801F2
S315000195301A894FF6FF73C0009A425AAD89F82B007B
S315000195401FD10023CDE901334EF6602300934A462D
S3150001955032230121132005F036F904460028CBD128
S31500019560F38D5A1E092A00F28D81DFE812F04901B6
S31500019570490112001400140049014901490114006E
S3150001958014002046012105F089F804460028D8D0A8
S31500019590B2E70F24B0E74FF4AB720021284605F07D
S315000195A07FFB0DF14C092223706B85F8403085F85D
S315000195B080304A46032105F0BBF8044600289BD1BA
S315000195C014AA0DF2A9130DF1880C144603CC6445B7
S315000195D018605960224603F10803F6D12068186025
S315000195E0A188A2799A7199807F2224A90DF2E910A6
S315000195F005F08CFB40216AA803F0D3FB80210446C9
S315000196007AA803F0CEFB55FA84F355FA80F02222AC
S3150001961083F8402080F88020002283F8412096F8C4
S31500019620303080F88120052B7AD1614803F0C4FBE4
S315000196301F2875D85E4803F0BFFB5D4902462846E0
S3150001964005F064FB5B4803F0B7FB1F2807D85948B0
S3150001965003F0B2FB5749024662A805F057FBD9F859
S315000196601831C5F80031502144A803F09AFB10F0D7
S31500019670FF0400F0B680502244A99BA805F046FBE2
S315000196802819222380F805310023CDE9013340F65C
S31500019690B83300932A464FF4AB7301214C2005F0F1
S315000196A092F8044600287FF427AF7522002113A8FB
S315000196B005F0F6FA13AA31460120FFF763FE0446C8
S315000196C000287FF419AF002F00F0E28047F08043B5
S315000196D00022CDE90032CDF80880752313AA0121B5
S315000196E0142005F070F80546002F00F0D3800028FD
S315000196F000F0D380D8F8000008B1FEF797FD0023EB
S3150001970040F6B8320092CDE901331A460121122002
S3150001971005F059F8044600287FF4EEAE2C46EBE638
S3150001972096F83030062B0AD1234803F045FB1F2853
S3150001973005D8214803F040FB1F4902467FE796F80A
S315000197403030072B0AD11D4803F036FB1F2805D8F8
S315000197501A4803F031FB1949024670E796F8303092
S31500019760082B0AD1164803F027FB1F2805D81448F1
S3150001977003F022FB1249024661E796F83030092BC5
S3150001978005D1104803F018FB0E49024657E70A2B8C
S3150001979005D10D4803F010FB0B4902464FE70B2B91
S315000197A014D040F66134A7E6DC560100205C0100C6
S315000197B012BC200839BC200811BC200816BC2008A0
S315000197C01BBC200820BC20082ABC2008404803F006
S315000197D0F3FA1F28E5D83E4803F0EEFA3C49024663
S315000197E02DE73C4803F0E8FA51283FF64DAF3948DA
S315000197F003F0E2FA374902469BA805F087FA43E7E8
S315000198006322002113A805F04BFA4FF48E72002152
S31500019810284605F045FA706B2A46002104F088FFB8
S31500019820044600287FF468AE2B68D3B102238DF875
S315000198304C305BAC0DF14D0263AD234603CBAB421D
S31500019840106051601C4602F10802F6D10023CDE9F1
S31500019850013340F6B833009313AA63230121A520EF
S315000198601DE701238DF84C305BAA0DF14D036BAD5D
S31500019870144603CCAC4218605960224603F1080332
S31500019880F6D1E3E7002B3FF410AF40F6483433E658
S315000198903B461DE700287FF441AF0022D8F80000BF
S315000198A0114604F083FF0346D8F800001B7C432BC6
S315000198B003D0FEF7BBFC0E241EE6FEF7B7FC1BE643
S315000198C0112419E640F6443416E6222414E600BFB4
S315000198D034BC2008D9AF2008014B1878704700BF67
S315000198E0DD5601002DE9F047ADF5087D002407AEF0
S315000198F06E2280460D4630462146DFF8F8910594E2
S3150001990005F0CEF97522214623A805F0C9F94FF4D1
S315000199108E72214641A805F0C3F999F8003005AFCA
S31500019920002B00F094806B6BFF2B00F2DA8018F0AD
S31500019930040F00F0D68095F8202029460DF11E006F
S3150001994005F0E4F96B8C86F824304BB32146E86ABE
S3150001995041AA04F0EDFE0446002840F0A6800DF56C
S31500019960847E0DF1420C0DF5A47A74466346724667
S3150001997003CA5245CCF80000CCF8041096460CF107
S31500019980080CF4D196F8242052B10DF5A47C224698
S3150001999003CA624518605960144603F10803F6D1FB
S315000199A095F824000DF1410104F0DAFE0446002881
S315000199B07BD16B8C073B9BB2012B08D895F83C30C9
S315000199C096F8252023F00F03134386F82530EB8CF8
S315000199D033806B8EA6F866302B8FA6F8683095F823
S315000199E03A30A6F86C3095F8303033B103F0030302
S315000199F086F86A306B6B86F86B3095F83B302BB185
S31500019A0096F86A3043F0040386F86A3095F82B30ED
S31500019A10DB0742BF96F86A3043F0080386F86A30DE
S31500019A200023CDE9013343F69823009332466E2392
S31500019A300121242004F0C7FE0446002835D195F8FB
S31500019A403D309BB1284B069399F800300BB9112490
S31500019A502BE047F61813CDE90100009306AA04236B
S31500019A6001216D2004F0AFFE0446F0B923AA294670
S31500019A700220FFF787FC0446B8B91C4B0093CDE9D9
S31500019A800107752323AA0121142004F09CFE044634
S31500019A9038687CB92246214604F088FE037C472BB0
S31500019AA00DD03868FEF7C2FB0E2420460DF5087D61
S31500019AB0BDE8F0870028F8D0FEF7B8FBF5E72846A1
S31500019AC000F004FBB8F10E0F04D1094B01229A7183
S31500019AD03868F1E7B8F1060F02BF054B01225A704B
S31500019AE0F6E72124E1E700BF01003001B888004014
S31500019AF0D5560100DC56010030B5174B1B7887B0EF
S31500019B001BB310F0020122D1FFF7E0FB08B347F6C1
S31500019B101815059104AACDE90111049100950823B0
S31500019B200121192004F04FFE044658B900F0E6F968
S31500019B30CDE901442346224600950121122004F075
S31500019B4042FE0446204607B030BD1124FAE70F2431
S31500019B50F8E740F64434F5E7DC56010030B500235A
S31500019B6087B0CDE90433194B1B7805463BB310F09A
S31500019B70010426D1FFF7AAFB28B347F61813CDE94E
S31500019B8001440121009304AA0823AE20ADF8101068
S31500019B9004F019FE044628B900F0ACFA0E2D04D1E2
S31500019BA00B4B9C71204607B030BD0A2D02D1084BE4
S31500019BB0DC70F7E7062DF5D1054B5C70F2E7112451
S31500019BC0F0E70F24EEE740F64434EBE7DC560100FC
S31500019BD0D556010070B5092898B00C46154609D826
S31500019BE0012101FA00F240F28513134004D112F467
S31500019BF0107F16D1002012E00023CDE90133ADF824
S31500019C00123047F6181300938DF810108DF8115085
S31500019C10042304AA1D2004F0D6FD0028EAD018B0BA
S31500019C2070BD092811D1CDE90133ADF8123047F6DF
S31500019C301813009304AA04231D208DF810108DF823
S31500019C40115004F0C0FD0028E9D15022002104A8DA
S31500019C5005F026F801238DF81030072D00F2348126
S31500019C60DFE815F0080008006200A0003201C90013
S31500019C70F4000C01954D0DF11106ACB945222146B2
S31500019C800DF11B0005F00CF82B88ADF81130AB78FF
S31500019C90B370012305938DF818300B238DF8193015
S31500019CA01E238DF81A3034E0392200210DF12700E8
S31500019CB004F0F6FF2B88ADF811301021AB78B370A4
S31500019CC024228DF81A1034218DF818208DF81B10D6
S31500019CD00422642105238DF819208DF81C208DF8A6
S31500019CE01E101722842105938DF81D208DF81F3033
S31500019CF08DF820208DF821108DF82320032195223F
S31500019D008DF825301D238DF822108DF824208DF82D
S31500019D1026300023CDE9013347F61813009304AA30
S31500019D2050230121BD2076E7694D0DF111069CB93D
S31500019D30452221460DF11B0004F0B2FF2B88ADF838
S31500019D401130AB78B370012305938DF818300D23CC
S31500019D508DF819301423A4E74022002108A804F045
S31500019D609FFF2B88ADF81130AB78B37003230593B1
S31500019D70042224238DF818308DF8192017238DF825
S31500019D801A308DF81D3064238DF81E300B233421D3
S31500019D908DF81F301E238DF81B108DF81C208DF8B1
S31500019DA02030B6E74B4D0DF1110684B94522214607
S31500019DB00DF11B0004F074FF2B88ADF81130AB7860
S31500019DC0B370012305938DF818300E23C0E74022A6
S31500019DD0002108A804F064FF2B88ADF81130AB7898
S31500019DE0B37003230593042224238DF818308DF8CC
S31500019DF019201423C3E7384D0DF111069CB94522EC
S31500019E0021460DF11B0004F04BFF2B88ADF81130F4
S31500019E10AB78B370012305938DF818300D238DF8B7
S31500019E20193017233DE72B88ADF81130AB78B370A5
S31500019E302A4B2B490422CDE905232A4B3C22CDE9A5
S31500019E40071309A8002104F02BFF62E7002C3BD180
S31500019E50452221460DF11B0004F022FF224B1A88F0
S31500019E609B788DF81330012305938DF818300D2357
S31500019E708DF81930ADF811201B2312E71B4D0DF19A
S31500019E801106002C3FF454AF422200210DF11E00B1
S31500019E9004F006FF2B88ADF81130AB78B3700223BE
S31500019EA0059324238DF8183009238DF819301423CE
S31500019EB08DF81A3095238DF81B3005238DF81C304B
S31500019EC021238DF81D3024E70F20A8E649BC200880
S31500019ED04DBC200851BC200855BC20082404173469
S31500019EE00414640B1495051759BC20085DBC2008A1
S31500019EF0014B1880704700BF305C010002484422C4
S31500019F00002104F0CDBE00BF345C0100044B1B7878
S31500019F1003F0FF011BB90348442204F0C1BE704798
S31500019F20785C0100345C010030B5034600B900BE1F
S31500019F30064C04F14005224603CAAA42186059603C
S31500019F40144603F10803F6D130BD00BF345C0100AD
S31500019F5008B5044B1B781BB1FFF7E6FF002008BDCF
S31500019F601120FCE7DC56010038B50C4615460B8C72
S31500019F70128805480221F2F72DFC2888238CC31A82
S31500019F805842584138BD00BFED12220838B505F0D8
S31500019F9003FA054605F088F960B109480378FF2BF5
S31500019FA008D1F2F78FFA044620B1284605F0DCF90C
S31500019FB0204638BD284605F0D7F90024F8E700BF4A
S31500019FC048600000014B1888704700BF44600000DC
S31500019FD00B4B1B7810B50C465BB1FFF777F950B107
S31500019FE064B1084B1B682360074B1B686360002044
S31500019FF010BD1120FCE740F64430F9E72220F7E7CF
S3150001A000DC560100506000004C60000051B1002395
S3150001A0100B80054B186800B970470B88006801333F
S3150001A0200B80F8E7212070477C5C0100074B82B06A
S3150001A0301B88ADF804309DF80430002063F3070057
S3150001A0409DF8053063F30F2002B0704746600000AB
S3150001A050094B18680023C2B262F30703C0F3072253
S3150001A06062F30F23C0F3074262F3174382B063F32F
S3150001A070170002B0704700BFC35C0100074B82B0F6
S3150001A0801B88ADF804309DF80430002063F3070007
S3150001A0909DF8053063F30F2002B07047C15C0100E3
S3150001A0A020B1034B1B7803700020704722207047B4
S3150001A0B0C05C010030B1044B02781A7042785A70C4
S3150001A0C00020704722207047C35C010030B504466A
S3150001A0D060B10FCC064D0FC50FCC0FC50FCC0FC508
S3150001A0E094E80F0085E80F00002030BD2220FCE730
S3150001A0F0805C010008B540220021024804F0D0FD31
S3150001A10008BD00BF805C0100014B1878704700BF95
S3150001A11042600000014B1870704700BF42600000AA
S3150001A1202DE9F04F044697B03422002109A804F026
S3150001A130B7FDA37ADB435FFA83FBE37A03938DF8DA
S3150001A140283094F832308DF82AB003F00302012A40
S3150001A15008BF8DF82B201B0744BF03238DF8293038
S3150001A160237C03F0F003502B02D0802B40F060815A
S3150001A1702388242B40F25C81243B226ACDF84E20B1
S3150001A1809EB2C3F34E03A28CADF852200133343490
S3150001A19006934FF00109012E23D0627802F10208DD
S3150001A1A0B0451ED82778302F3CD0DD2F00F0CA806D
S3150001A1B06FB9202A28BF20221546A11C0BA804F03E
S3150001A1C0A5FD05F158030DEB030202F82C7CA6EB65
S3150001A1D00806B6B2444426B1069B09F101094B456E
S3150001A1E0D9D2DFF89482D8F8007000268DF8546031
S3150001A1F03C46002C40F0EC80342001F0ADF90446D9
S3150001A200002800F015810AAE051D0FCE0FC50FCE31
S3150001A2100FC596E80F0085E80F000123638600232A
S3150001A220236002E1092AD2D94FF0050304F1020A9B
S3150001A23095088DF829300AEB02030493023D238920
S3150001A240ADB29D4228BF1D4604F10A0303EB850208
S3150001A250971C0792049ABA42B9D333F8253005936D
S3150001A260814B82481A889B788DF82230A379009316
S3150001A2706379ADF8202002212279F2F7D5FA7C48DC
S3150001A2802A460221F2F77EFA032208A9201D04F0CC
S3150001A290DEFC00289BD1049A9DF854300599D21B07
S3150001A2A0002BC2F38F020CBF022306238A4228BF6A
S3150001A2B00A46182A8DF829301546034628BF18255F
S3150001A2C0A84219DB32B1079A5279012A04BF052245
S3150001A2D08DF82920980305D599070CBF09220A2272
S3150001A2E08DF82920DA037FF572AF624A1A403ABB2C
S3150001A2F007238DF829306AE7396809BAA1F57A2169
S3150001A3006FF4406C6144082908D8DFE801F0050ABA
S3150001A31007070D100713160043F003030130043736
S3150001A320CEE743F00C03F9E743F40033F6E743F4D1
S3150001A3308023F3E743F48033F0E743F48013EDE73A
S3150001A3400823D6E70B2A7FF642AFA378002B7FF4CA
S3150001A3503EAFE378502B7FF43AAF2379F22B7FF4AB
S3150001A36036AF6379012B7FF432AFA31CA089134466
S3150001A37004F10E015A1AB0EB920F3FF628AF01EB2A
S3150001A380800202329342FFF422AF31F820109B1A69
S3150001A390C3F38F038B42FFF41AAF9DF829300120D6
S3150001A3A08DF854000BB1032B0DD18DF8290000292E
S3150001A3B03FF40DAF02EB810313F8013C012B7FF44F
S3150001A3C006AF042395E7022B7FF401AF062390E73E
S3150001A3D0062204F12A010DF14E0004F038FCD4F8EE
S3150001A3E000C060BB638E84F806B001336386039BAD
S3150001A3F023719DF8293063719DF82B30E3710BAD04
S3150001A40004F108030DF14C0E2A4603CA7245186081
S3150001A4105960154603F10803F6D112881A8056B918
S3150001A420C8F800C000232360674687B9C8F8004012
S3150001A43017B0BDE8F08FC6F800C0BC46F2E7264665
S3150001A4406446D6E63A683B465AB93C60F0E7A179DC
S3150001A4500023BA798A42F5D92760002BE6D01C6021
S3150001A460E6E71746F5E700BF95C52008561322080B
S3150001A47033132208080004007C5C0100002971D115
S3150001A480712820D8672809D8142839D013D8032869
S3150001A49059D013282DD04FF0FF307047683809285E
S3150001A4A06BD8DFE800F0056A266A6A6A6A6A594863
S3150001A4B04F48002170473D28EDD1084640F4003051
S3150001A4C040F00B007047C2282CD008D8A22845D0EE
S3150001A4D0AF280ED08828DED14FF004107047F1283E
S3150001A4E03ED0F42815D0C328D5D1084640F00A003D
S3150001A4F070470020DDE74FF000404FF0FF31704715
S3150001A500084640F0010070474FF000404FF0FF3120
S3150001A510F7E7084640F0050070474FF000404FF05E
S3150001A520FF31F7E7084640F0080070474FF000405A
S3150001A5304FF0FF31F7E70920BBE7080440F00900B7
S3150001A54041F3C0317047084640F48030B8E74FF018
S3150001A55000404FF0FF31F7E72648AAE72648704743
S3150001A5602648704771282CD8672809D81428CBD0DB
S3150001A57020D80328EBD01328BDD04FF0FF3098E741
S3150001A58068380928F9D801A353F820F0D5B5210870
S3150001A5907BB52108F7B421087BB521087BB52108D5
S3150001A5A07BB521087BB521087BB52108D5B52108E6
S3150001A5B03BB521083D28E0D14FF000404FF0FF3177
S3150001A5C07CE7C228B2D007D8A22803D0AF2892D000
S3150001A5D08828D2D10A4890E7F128FBD0F4289CD0EC
S3150001A5E0C328CAD14FF000404FF0FF317EE700BFCC
S3150001A5F00400030004000500040002000400010039
S3150001A600040000802DE9F04190B00446169FADF894
S3150001A6100E1015461E46002F00F0918000212822BB
S3150001A62006A8059104F03CFB2146484806AA03F01A
S3150001A63070FF0446C0B93EBB099B45480093022101
S3150001A640DDE90A23F2F7F0F821462A460A9804F0D2
S3150001A6503BFE099B0446024602213E48F2F7BAF840
S3150001A660E31C012B04D80724204610B0BDE8F08175
S3150001A6700A9BA34365D1384909983B460DF10E0261
S3150001A680FEF78CFD0446EFE7012E58D10B9B002BFC
S3150001A69059D004F025FE8046099B304800930221DB
S3150001A6A0DDE90A23F2F7C0F8DDE90A102B1B0222C5
S3150001A6B0006804F03DFEC31C012B0246D3D9099B59
S3150001A6C027480221F2F786F804F0F2FD22490646F0
S3150001A6D005AB09980DF10E02FEF760FD044668B957
S3150001A6E0099B1B6823B9DDE90A13186804F0B0FD5C
S3150001A6F0304604F055FE059B3B60B5E71B2804D1A7
S3150001A700DDE90A13186804F0A3FD304604F048FE9B
S3150001A7102D2C0FD104F04CFE02260446002140F2F6
S3150001A720E7304FF47A720023E4FB060100F058FD8E
S3150001A73004F0EAFD04F0D4FDA0EB0804ACE7212403
S3150001A74092E7012490E723248EE700BF50550100CC
S3150001A750AA1222088112220869AF2108451222088D
S3150001A76023122208074B1B88062B09D0092B05D17A
S3150001A77030B1C079003818BF0120704700207047FA
S3150001A78001207047446000002DE9FF410024151E99
S3150001A790039403AC0094ACBF25F080424FF0FF3226
S3150001A7A0DDF82880FFF72EFF044600BB039B33B379
S3150001A7B0DE689F887EB102460146304603F0F6FF09
S3150001A7C0B8F1000F17D06B0015D50388C3F30B033F
S3150001A7D00380C8F800600398FDF728FD0FB147F420
S3150001A7E08034084B22461978002002F0F0FA204600
S3150001A7F004B0BDE8F0813046FDF718FDEBE7012412
S3150001A800F5E700BF486000002DE9F0418AB0154622
S3150001A81080460C461C22002103A81E46119F04F007
S3150001A8203FFAB8F1100F02BF6B6943F480336B61D5
S3150001A830042C07D82B4B1A5D6B7843EA02136B7015
S3150001A840294B1C5D2A88ADF80C40C2F30B02049516
S3150001A85010321FFA88F186B340F6014340F20140F7
S3150001A860002F08BF0346A8F11008ADF81420B8F16F
S3150001A8701B0F109AADF816100892ADF8183008D8CB
S3150001A8801A4A22FA08F2D20744BF43F48053ADF8BC
S3150001A8901830BDF818309B0506D4002EB4BF4FF012
S3150001A8A0FF3326F080430793114803A903F0BBFD4C
S3150001A8B0044628B95EB9052405E040F20123D2E732
S3150001A8C02846FDF7B3FC20460AB0BDE8F0810346F1
S3150001A8D0BDF82410BDF80C0000973246FFF754FF6F
S3150001A8E00446F0E7AB5E0000A65E000021100008FA
S3150001A8F05055010081F0004102E000BF83F00043A2
S3150001A90030B54FEA41044FEA430594EA050F08BF03
S3150001A91090EA020F1FBF54EA000C55EA020C7FEAC7
S3150001A920645C7FEA655C00F0E2804FEA5454D4EB44
S3150001A9305555B8BF6D420CDD2C4480EA020281EA0E
S3150001A940030382EA000083EA010180EA020281EA46
S3150001A9500303362D88BF30BD11F0004F4FEA013198
S3150001A9604FF4801C4CEA113102D0404261EB4101A7
S3150001A97013F0004F4FEA03334CEA133302D052422D
S3150001A98063EB430394EA050F00F0A780A4F10104E9
S3150001A990D5F1200E0DDB02FA0EFC22FA05F2801823
S3150001A9A041F1000103FA0EF2801843FA05F3594109
S3150001A9B00EE0A5F120050EF1200E012A03FA0EFC88
S3150001A9C028BF4CF0020C43FA05F3C01851EBE371B2
S3150001A9D001F0004507D54FF0000EDCF1000C7EEBCF
S3150001A9E000006EEB0101B1F5801F1BD3B1F5001F0D
S3150001A9F00CD349085FEA30004FEA3C0C04F101042C
S3150001AA004FEA445212F5800F80F09A80BCF1004F54
S3150001AA1008BF5FEA500C50F1000041EB045141EAD6
S3150001AA20050130BD5FEA4C0C404141EB0101013C9F
S3150001AA3028BFB1F5801FE9D291F0000F04BF01468E
S3150001AA400020B1FA81F308BF2033A3F10B03B3F160
S3150001AA5020020CDA0C3208DD02F1140CC2F10C02F0
S3150001AA6001FA0CF021FA02F10CE002F11402D8BF4E
S3150001AA70C2F1200C01FA02F120FA0CFCDCBF41EA1A
S3150001AA800C019040E41AA2BF01EB0451294330BDE9
S3150001AA906FEA04041F3C1CDA0C340EDC04F11404C6
S3150001AAA0C4F1200220FA04F001FA02F340EA03009D
S3150001AAB021FA04F345EA030130BDC4F10C04C4F1E3
S3150001AAC0200220FA02F001FA04F340EA03002946C3
S3150001AAD030BD21FA04F0294630BD94F0000F83F40D
S3150001AAE0801306BF81F480110134013D4EE77FEAF0
S3150001AAF0645C18BF7FEA655C29D094EA050F08BF3C
S3150001AB0090EA020F05D054EA000C04BF194610461C
S3150001AB1030BD91EA030F1EBF0021002030BD5FEA60
S3150001AB20545C05D14000494128BF41F0004130BD88
S3150001AB3014F580043CBF01F5801130BD01F00045DC
S3150001AB4045F0FE4141F470014FF0000030BD7FEA4F
S3150001AB50645C1ABF194610467FEA655C1CBF0B464A
S3150001AB60024650EA013406BF52EA033591EA030F61
S3150001AB7041F4002130BD00BF90F0000F04BF002159
S3150001AB80704730B54FF4806404F132044FF000058C
S3150001AB904FF0000150E700BF90F0000F04BF002105
S3150001ABA0704730B54FF4806404F1320410F000456B
S3150001ABB048BF40424FF000013EE700BF42004FEA66
S3150001ABC0E2014FEA31014FEA02701FBF12F07F43E3
S3150001ABD093F07F4F81F06051704732F07F4208BF9A
S3150001ABE0704793F07F4F04BF41F40021704730B5A1
S3150001ABF04FF4607401F0004521F000411CE700BFED
S3150001AC0050EA010208BF704730B54FF000050AE06F
S3150001AC1050EA010208BF704730B511F0004502D570
S3150001AC20404261EB41014FF4806404F132045FEA72
S3150001AC30915C3FF4D8AE4FF003025FEADC0C18BF1B
S3150001AC4003325FEADC0C18BF033202EBDC02C2F10D
S3150001AC50200300FA03FC20FA02F001FA03FE40EA9F
S3150001AC600E0021FA02F11444BDE600BF70B54FF0A3
S3150001AC70FF0C4CF4E06C1CEA11541DBF1CEA135581
S3150001AC8094EA0C0F95EA0C0F00F0DEF82C4481EAE9
S3150001AC90030621EA4C5123EA4C5350EA013518BF09
S3150001ACA052EA033541F4801143F4801338D0A0FBF6
S3150001ACB002CE4FF00005E1FB02E506F00042E0FBA3
S3150001ACC003E54FF00006E1FB03569CF0000F18BFA9
S3150001ACD04EF0010EA4F1FF04B6F5007F64F5407451
S3150001ACE004D25FEA4E0E6D4146EB060642EAC621E4
S3150001ACF041EA55514FEAC52040EA5E504FEACE2E51
S3150001AD00B4F1FD0C88BFBCF5E06F1ED8BEF1004F53
S3150001AD1008BF5FEA500E50F1000041EB045170BDCF
S3150001AD2006F0004646EA010140EA020081EA030113
S3150001AD30B4EB5C04C2BFD4EB0C0541EA045170BD0F
S3150001AD4041F480114FF0000E013C00F3AB8014F189
S3150001AD50360FDEBF002001F0004170BDC4F10004D2
S3150001AD60203C35DA0C341BDC04F11404C4F1200553
S3150001AD7000FA05F320FA04F001FA05F240EA0200AE
S3150001AD8001F0004221F0004110EBD37021FA04F6E4
S3150001AD9042EB06015EEA430E08BF20EAD37070BD9E
S3150001ADA0C4F10C04C4F1200500FA04F320FA05F0FD
S3150001ADB001FA04F240EA020001F0004110EBD370FF
S3150001ADC041F100015EEA430E08BF20EAD37070BD6F
S3150001ADD0C4F1200500FA05F24EEA020E20FA04F348
S3150001ADE001FA05F243EA020321FA04F001F00041F7
S3150001ADF021FA04F220EA020000EBD3705EEA430E68
S3150001AE0008BF20EAD37070BD94F0000F0FD101F096
S3150001AE100046400041EB010111F4801F08BF013CCF
S3150001AE20F7D041EA060195F0000F18BF704703F00D
S3150001AE300046520043EB030313F4801F08BF013D94
S3150001AE40F7D043EA0603704794EA0C0F0CEA135550
S3150001AE5018BF95EA0C0F0CD050EA410618BF52EA0A
S3150001AE604306D1D181EA030101F000414FF0000010
S3150001AE7070BD50EA410606BF1046194652EA43061E
S3150001AE8019D094EA0C0F02D150EA013613D195EA92
S3150001AE900C0F05D152EA03361CBF104619460AD1DA
S3150001AEA081EA030101F0004141F0FE4141F47001E4
S3150001AEB04FF0000070BD41F0FE4141F4780170BDD4
S3150001AEC070B54FF0FF0C4CF4E06C1CEA11541DBF39
S3150001AED01CEA135594EA0C0F95EA0C0F00F0A7F83B
S3150001AEE0A4EB050481EA030E52EA03354FEA013168
S3150001AEF000F088804FEA03334FF0805545EA13137B
S3150001AF0043EA12634FEA022245EA111545EA106542
S3150001AF104FEA00260EF000419D4208BF964244F1D9
S3150001AF20FD0404F5407402D25B084FEA3202B61AF8
S3150001AF3065EB03055B084FEA32024FF480104FF4CC
S3150001AF40002CB6EB020E75EB030E22BFB61A754640
S3150001AF5040EA0C005B084FEA3202B6EB020E75EBD3
S3150001AF60030E22BFB61A754640EA5C005B084FEA3B
S3150001AF703202B6EB020E75EB030E22BFB61A754608
S3150001AF8040EA9C005B084FEA3202B6EB020E75EB13
S3150001AF90030E22BFB61A754640EADC0055EA060ED4
S3150001AFA018D04FEA051545EA16754FEA06164FEA17
S3150001AFB0C30343EA52734FEAC2025FEA1C1CC0D1C3
S3150001AFC011F4801F0BD141EA00014FF000004FF050
S3150001AFD0004CB6E711F4801F04BF01430020B4F111
S3150001AFE0FD0C88BFBCF5E06F3FF6AFAEB5EB030CC9
S3150001AFF004BFB6EB020C5FEA500C50F1000041EBC6
S3150001B000045170BD0EF0004E4EEA113114EB5C0492
S3150001B010C2BFD4EB0C0541EA045170BD41F4801165
S3150001B0204FF0000E013C90E645EA060E8DE60CEA6D
S3150001B030135594EA0C0F08BF95EA0C0F3FF43BAF8A
S3150001B04094EA0C0F0AD150EA01347FF434AF95EA41
S3150001B0500C0F7FF425AF104619462CE795EA0C0F25
S3150001B06006D152EA03353FF4FDAE1046194622E7F2
S3150001B07050EA410618BF52EA43067FF4C5AE50EACC
S3150001B08041047FF40DAF52EA43057FF4EBAE12E7BC
S3150001B0904FF0FF3C06E000BF4FF0010C02E000BF9D
S3150001B0A04FF0010C4DF804CD4FEA410C7FEA6C5C80
S3150001B0B04FEA430C18BF7FEA6C5C1BD001B050EA23
S3150001B0C0410C0CBF52EA430C91EA030F02BF90EA0E
S3150001B0D0020F0020704710F1000F91EA030F58BFCD
S3150001B0E0994208BF90422CBFD8176FEAE37040F02F
S3150001B0F0010070474FEA410C7FEA6C5C02D150EACD
S3150001B100013C07D14FEA430C7FEA6C5CD6D152EA87
S3150001B110033CD3D05DF8040B704700BF844610464C
S3150001B12062468C461946634600E000BF01B5FFF74B
S3150001B130B7FF002848BF10F1000F01BD4DF808ED1B
S3150001B140FFF7F4FF0CBF012000205DF808FB00BFEC
S3150001B1504DF808EDFFF7EAFF34BF012000205DF846
S3150001B16008FB00BF4DF808EDFFF7E0FF94BF012093
S3150001B17000205DF808FB00BF4DF808EDFFF7CEFF94
S3150001B18094BF012000205DF808FB00BF4DF808EDD3
S3150001B190FFF7C4FF34BF012000205DF808FB00BFA4
S3150001B1A04A0011D212F5001211D20DD56FF478733F
S3150001B1B0B3EB62520ED44FEAC12343F0004343EA94
S3150001B1C0505323FA02F070474FF00000704750EADF
S3150001B1D0013002D14FF0FF3070474FF00000704749
S3150001B1E053B94AB9002908BF00281CBF4FF0FF31E7
S3150001B1F04FF0FF3000F088B9ADF1080C6DE904CECF
S3150001B20000F006F8DDF804E0DDE9022304B070473A
S3150001B2102DE9F047089D0F4604468C46002B48D180
S3150001B2208A42164661D9B2FA82F34BB1C3F12002C2
S3150001B23001FA03FC20FA02F29E4042EA0C0C9C4001
S3150001B2404FEA164EB7B2BCFBFEF1220C0EFB11CC37
S3150001B25042EA0C4201FB07F0904209D9B21801F10A
S3150001B260FF3C80F0EE80904240F2EB80023932449E
S3150001B270121AA4B2B2FBFEF00EFB102244EA0244FB
S3150001B28000FB07F7A74209D9341900F1FF3280F014
S3150001B290DA80A74240F2D7803444023840EA0140BE
S3150001B2A0E41B00211DB1DC400023C5E90043BDE8D4
S3150001B2B0F0878B4206D90DB1C5E900010021084688
S3150001B2C0BDE8F087B3FA83F1002948D1BB4202D326
S3150001B2D0824200F20781841A67EB03020120944639
S3150001B2E0002DE4D0C5E9004CE1E7002A00F0928088
S3150001B2F0B2FA82F3002B40F0A8808A1A4FEA164E62
S3150001B3001FFA86FC0121200CB2FBFEF70EFB172269
S3150001B31040EA02420CFB07F0904207D9B21807F146
S3150001B320FF3802D2904200F2E2804746121AA4B2D6
S3150001B330B2FBFEF00EFB102244EA02440CFB00FCB9
S3150001B340A44507D9341900F1FF3202D2A44500F20F
S3150001B350CB801046A4EB0C0440EA0740A2E7C1F1FA
S3150001B36020068B4022FA06FC4CEA030C07FA01F48C
S3150001B37020FA06F3F7404FEA1C49234300FA01F885
S3150001B3801FFA8CFEB7FBF9F01C0C09FB107744EA97
S3150001B390074400FB0EF7A74202FA01F20AD91CEB99
S3150001B3A0040400F1FF3A80F09B80A74240F29880A6
S3150001B3B002386444E41B9FB2B4FBF9F309FB13445E
S3150001B3C047EA044403FB0EFEA64509D91CEB040417
S3150001B3D003F1FF3780F08280A6457FD9023B6444A2
S3150001B3E043EA0040A4EB0E04A0FB02E7BC4273460D
S3150001B3F0B94663D360D05DB1B8EB030264EB0904CF
S3150001B40004FA06F622FA01F31E43CC40C5E90064AC
S3150001B41000214CE76208480842EAC1710B0C43EA75
S3150001B42000438AB242EA0342B3FBF6F1E407B446AB
S3150001B4303746B6461F23B0FBF6F0D21B41EA004160
S3150001B44061E7614614E7104628E7C3F1200120FAB7
S3150001B45001F29E4027FA01F19F403A434FEA164E08
S3150001B4601FFA86FCB1FBFEF70EFB1710110C41EA21
S3150001B470004107FB0CF8884504FA03F43AD9711820
S3150001B48007F1FF3001D288451FD8A1EB0801B1FBB6
S3150001B490FEF808FB0CF70EFB181192B242EA0142C4
S3150001B4A0BA422FD2B21808F1FF31C6D2BA42C4D27B
S3150001B4B0A8F102013244C0E7F0459CD2BEEB02037B
S3150001B4C067EB0C070138B94695E7A6EB0808414436
S3150001B4D0B81EB1FBFEF808FB0CF7DCE73B467FE73D
S3150001B4E0504667E70846FBE63444023832E7023F36
S3150001B4F032441BE7A1EB08013846B1FBFEF808FB15
S3150001B5000CF7C8E7414698E7704700BF1FB51446D8
S3150001B5101A46094B1B680546D8684CB1074B009182
S3150001B520CDE9013406492B4600F03AFD03F004FC4F
S3150001B530044B1C46F3E700BF6060000061BC2008B5
S3150001B5406EBC2008D9AF2008024B0A46014618688E
S3150001B55003F068B960600000024B0146186800F00C
S3150001B5602DB800BF60600000024B0146186800F06C
S3150001B570F7BD00BF6060000070B50F4E0C46316824
S3150001B580054611B900F0CAFD30602146284600F093
S3150001B590C5FD431C03D14FF0FF34204670BDC41CCA
S3150001B5A024F00304A042F8D0211A284600F0B6FD83
S3150001B5B00130F2D1EFE700BFC85C01002DE9F84385
S3150001B5C0CD1C25F0030508350C2D38BF0C25002DA3
S3150001B5D0064601DBA94204D90C2333600020BDE8ED
S3150001B5E0F883DFF8D480F1F707FDD8F800301C4660
S3150001B5F044BB29463046FFF7BFFF431C044658D1DA
S3150001B600D8F800402746002F43D1002C4BD02368A1
S3150001B6103946304604EB030900F080FD814542D1ED
S3150001B62021686D1A29463046FFF7A6FF01303AD048
S3150001B63023682B442360D8F800305A6862BBC8F8E7
S3150001B64000700FE02268521B20D40B2A17D961190A
S3150001B650A342256018BF5960636808BFC8F8001087
S3150001B66062514B603046F1F7E7FC04F10B00231DF4
S3150001B67020F00700C21A1CBF1B1AA350AFE762686D
S3150001B680A3420CBFC8F800205A60EBE72346646862
S3150001B690AEE73C467F68B6E71A465B68A342FBD134
S3150001B6A000235360DEE70C2333603046F1F7C4FC18
S3150001B6B094E70560D6E700BFCC5C01002DE9F04FA9
S3150001B6C091B00C46DDF8688016461F46054600F027
S3150001B6D0EDFC03680A93184603F026FB00230E933C
S3150001B6E0D8F8003094F818A0D4F800B00B900733BE
S3150001B6F023F00703B3EC027B8DED087BC8F800301D
S3150001B700DDE9088323F0004984ED127B9D4B4FF060
S3150001B710FF324046494601F0EBFA70BB994B4FF0B8
S3150001B720FF3240464946FFF71DFD30BBDDE9080102
S3150001B73000220023FFF70CFD10B12D2384F84330BE
S3150001B740914A924BBAF1470F8CBF90469846032314
S3150001B75023612BF0040323604FF000090097334661
S3150001B7600FAA2146284603F00FF9013040F08F80D9
S3150001B7704FF0FF3011B0BDE8F08FDDE90823104628
S3150001B780194601F0B5FA40B1099B814A002BBCBFAD
S3150001B7902D2384F843307F4BD4E763685A1C0AF0A3
S3150001B7A0DF093ED1062363604BF4806300222360E8
S3150001B7B006920EAACDE904A20DAA03920DF1330257
S3150001B7C0CDE90132636800932846DDE9082303F0D9
S3150001B7D03DF8B9F1470F0D99804629D1C81C02DB06
S3150001B7E063688B4241DAAAF1020A5FFA8AFA0139E1
S3150001B7F0524604F150000D9103F08CF80E9A13187D
S3150001B800012A8146236102DC2268D20701D5013370
S3150001B81023619DF83330002BA0D02D2384F84330CB
S3150001B8209CE7B9F1470FBFD1002BBDD10123BAE780
S3150001B830BAF1650FDBD9BAF1660F18D10029636831
S3150001B8400BDD216113B92268D00702D501330B4400
S3150001B8502361A1654FF00009DBE713B92268D2071E
S3150001B86001D50233F4E70123F2E74FF0670A0E9B95
S3150001B8708B4205DC23682161D807EAD54B1CE7E733
S3150001B8800029D4BFC1F1020201221344E0E7236873
S3150001B8905A0507D42369424631462846B84701303E
S3150001B8A02BD165E7BAF1650F40F2DC80D4E91201CC
S3150001B8B000220023FFF742FC002833D0364A012339
S3150001B8C031462846B84701303FF452AFDDE90D381D
S3150001B8D0434502DB2368D8070FD5DDE90A23314644
S3150001B8E02846B84701303FF443AF4FF0000908F14D
S3150001B8F0FF3804F11A0AC84509DC23689B0700F1E1
S3150001B9000281E0680F9B9842B8BF184632E70123CF
S3150001B910524631462846B84701303FF429AF09F16E
S3150001B9200109E8E70D9B002B38DC1B4A0123314650
S3150001B9302846B84701303FF41BAFDDE90D3959EA16
S3150001B940030302D12368D907D7D5DDE90A23314696
S3150001B9502846B84701303FF40BAF4FF0000A04F117
S3150001B9601A0B0D9B5B42534501DC4B4693E70123C2
S3150001B9705A4631462846B84701303FF4F9AE0AF136
S3150001B980010AEEE7FFFFEF7FA1BC20089DBC20085E
S3150001B990A9BC2008A5BC2008B5772008A36DDDF851
S3150001B9A038A05345A8BF5346002B994636DC4FF0C5
S3150001B9B0000B29EAE97904F11A02A36D0893A3EBB6
S3150001B9C009035B4531DC0D9B9A453ADC2368DA07AE
S3150001B9D037D40D9BAAEB0309089BAAEB03039945F0
S3150001B9E0A8BF9946B9F1000F33DC4FF0000829EAE8
S3150001B9F0E97904F11A0B0D9BAAEB0303A3EB0903E7
S3150001BA0043457FF77AAF01235A4631462846B84760
S3150001BA1001303FF4ADAE08F10108ECE7424631468C
S3150001BA202846B8470130C2D1A2E60123314628464D
S3150001BA300892B84701303FF49BAE089A0BF1010B0F
S3150001BA40BBE7DDE90A2331462846B8470130C0D1B4
S3150001BA508EE6089A4B46424431462846B84701309D
S3150001BA60C3D185E6DDF838A0BAF1010F01DCDB07A9
S3150001BA7036D50123424631462846B84701303FF4C0
S3150001BA8077AEDDE90A2331462846B84701303FF44F
S3150001BA906FAED4E91201002200230AF1FF3AFFF743
S3150001BAA04DFBC0B9534608F1010231462846B84755
S3150001BAB001300CD15CE601235A4631462846B84787
S3150001BAC001303FF455AE08F10108D045F3DB4B4692
S3150001BAD004F15002E0E64FF0000804F11A0BF4E716
S3150001BAE001234246E1E701234A4631462846B84743
S3150001BAF001303FF43DAE08F10108E3680F995B1A86
S3150001BB004345F0DCFDE64FF0000804F11909F4E7BE
S3150001BB102DE9FF470F7E0C9E782F914680460C46F5
S3150001BB209A4601F1430207D8622F0AD8002F00F086
S3150001BB30D280582F00F0B78004F1420684F8427093
S3150001BB403AE0A7F16303152BF6D801A151F823F0CA
S3150001BB50A9CB2108BDCB210839CB210839CB210836
S3150001BB6039CB210839CB2108BDCB210839CB210896
S3150001BB7039CB210839CB210839CB2108BDCC210885
S3150001BB80E7CB210873CC210839CB210839CB210811
S3150001BB90DFCC210839CB2108E7CB210839CB210895
S3150001BBA039CB21087BCC210833681A1D1B6832600A
S3150001BBB004F1420684F8423001239DE0336820688F
S3150001BBC0191D3160060601D51D6803E04506FBD542
S3150001BBD0B3F90050002D03DA2D236D4284F843306A
S3150001BBE059480A2310E021683368080653F8045BB4
S3150001BBF002D4490648BFADB26F2F5348336059D1BD
S3150001BC000823002184F843106668A660002E05DB30
S3150001BC1021682E4321F0040121604DD01646B5FB63
S3150001BC20F3F103FB1157C75D06F8017D2F46BB42B1
S3150001BC300D46F4D9082B0BD12368DF0708D52369F4
S3150001BC4061689942DEBF302306F8013C06F1FF36F2
S3150001BC50921B2261CDF800A04B4603AA214640461D
S3150001BC6002F092FE01304CD14FF0FF3004B0BDE836
S3150001BC70F087236843F0200323603448782784F84B
S3150001BC804570236831681F0651F8045B02D45F06CC
S3150001BC9048BFADB23160D90744BF43F020032360EA
S3150001BCA01DB11023ADE72848E9E7236823F02003F7
S3150001BCB02360F6E70A23A4E71646BBE7336825683F
S3150001BCC06169181D30602E061B6801D5196002E0F6
S3150001BCD06806FBD51980002323611646BAE7336847
S3150001BCE01A1D32601E68626800213046EFF778FD42
S3150001BCF008B1801B606063682361002384F84330C8
S3150001BD00A8E72369324649464046D0470130ABD0C1
S3150001BD1023689B0713D4E068039B9842B8BF184673
S3150001BD20A4E70123324649464046D04701309BD01D
S3150001BD300135E36803995B1AAB42F2DCEBE70025B8
S3150001BD4004F11906F5E700BFADBC2008BEBC20080A
S3150001BD50B1F90C202DE9F041160705460C4651D4E0
S3150001BD604B68002B02DC0B6C002B49DDE66A002ECA
S3150001BD7046D0002312F480522F682B6031D0626DB9
S3150001BD80A389590705D56368D21A636B0BB1236C76
S3150001BD90D21A0023E66A216A2846B047421CB4F942
S3150001BDA00C3006D129681D2946D8294ACA40D6072A
S3150001BDB042D500226260D9042269226004D5421C60
S3150001BDC001D12B6803B96065616B2F60C1B104F1C4
S3150001BDD04403994202D0284600F0C2F90023636366
S3150001BDE00EE0216A01232846B0470246501CC7D1FE
S3150001BDF02B68002BC4D01D2B01D0162B1AD12F6016
S3150001BE0000201EE00F69002FFAD093070E6808BFC5
S3150001BE104B690F6018BF0023A6EB07088B60B8F1CA
S3150001BE20000FEDDD216AA66A43463A462846B04729
S3150001BE30002808DCB4F90C3043F04003A3814FF02D
S3150001BE40FF30BDE8F0810744A8EB0008E7E700BF33
S3150001BE5001004020002310B50446C0E90033C0E9C3
S3150001BE600433836081814366C28183611946082256
S3150001BE705C3002F015FF0D4B63620D4BA3620D4B57
S3150001BE80E3620D4B23630D4B24629C4206D003F102
S3150001BE906802944202D0D0339C4205D104F1580085
S3150001BEA0BDE8104002F02FBF10BD00BFEFFA210818
S3150001BEB011FB210849FB21086FFB2108D05C010019
S3150001BEC0024A0349034802F0F4BD00BF5460000072
S3150001BED063FA21086460000041680C4B994210B571
S3150001BEE0044601D002F0BDFDA168094B994202D07A
S3150001BEF0204602F0B6FDE168064B994204D0204681
S3150001BF00BDE8104002F0ADBD10BD00BFD05C010020
S3150001BF10385D0100A05D01000C4B0D4A0D4810B5BE
S3150001BF2004211A600022FFF795FF0A4B01221C46E5
S3150001BF30092103F16800FFF78DFF04F1D000022209
S3150001BF40BDE810401221FFF785BF00BF085E010062
S3150001BF50C1CE2108D05C0100014802F0D5BE00BF68
S3150001BF60105E0100014802F0D0BE00BF105E010064
S3150001BF7010B50446FFF7F0FF236A1BB1BDE8104078
S3150001BF80FFF7F0BF044B2362044B1B68002BF5D16E
S3150001BF90FFF7C2FFF2E700BFD9CE2108085E010014
S3150001BFA00EB403B5014603AB054853F8042B0068EC
S3150001BFB0019300F03BFD02B05DF804EB03B070475E
S3150001BFC0606000000FB407B5064904AB086853F872
S3150001BFD0042B8168019300F029FD03B05DF804EBA1
S3150001BFE004B070476060000007B5009313460A4627
S3150001BFF001460348006802F0BEFD03B05DF804FB8C
S3150001C0006060000038B5284B054618680C4618B123
S3150001C010036A0BB9FFF7ACFFB4F90C301A0721D448
S3150001C020D80607D409222A6043F04003A3814FF0C2
S3150001C030FF3030E0590712D5616B41B104F1440379
S3150001C040994202D0284600F08BF800236363002250
S3150001C050B4F90C3062602269226023F0240343F0B4
S3150001C0600803A38122693AB99A0501D5180603D5B1
S3150001C0702146284603F003F8B4F90C3013F0010207
S3150001C0800AD00022A26062695242A261226942B9C3
S3150001C09013F08000C8D138BD990758BF6269A26004
S3150001C0A0F4E70020F7E700BF606000000048704732
S3150001C0B0A061000038B5064D0023044608462B60F2
S3150001C0C000F0B3FE431C02D12B6803B1236038BDD7
S3150001C0D00C5E010038B5074D04460846114600229C
S3150001C0E02A601A4600F0B0FE431C02D12B6803B148
S3150001C0F0236038BD0C5E010038B5074D044608467D
S3150001C100114600222A601A4600F0A0FE431C02D105
S3150001C1102B6803B1236038BD0C5E010038B5064DAE
S3150001C1200023044608462B6000F0D4FD431C02D1CF
S3150001C1302B6803B1236038BD0C5E010038B5074D8D
S3150001C14004460846114600222A601A4600F08CFE73
S3150001C150431C02D12B6803B1236038BD0C5E01007C
S3150001C16038B50546002941D051F8043C0C1F002B77
S3150001C170B8BFE418F0F740FF1D4A136833B963608E
S3150001C18014602846BDE83840F0F756BFA34208D9E7
S3150001C190206821188B4201BF19685B680918216064
S3150001C1A0EDE71A465B680BB1A342FAD9116850183C
S3150001C1B0A0420BD120680144501883421160E0D19E
S3150001C1C018685B68536008441060DAE702D90C23EB
S3150001C1D02B60D6E7206821188B4204BF19685B687B
S3150001C1E0636004BF091821605460CAE738BD00BF07
S3150001C1F0CC5C010070B5C46905460E4684B91020B1
S3150001C200FFF7AAF90446E86128B90246164B174812
S3150001C2106B21FFF77BF90023C0E901330360C3609B
S3150001C220E36853B921220421284602F0FBFAEB699F
S3150001C230E060DB680BB9002070BD53F8260030B111
S3150001C240026843F826200023C0E90333F4E70121FD
S3150001C25001FA06F4621D9200284602F0E3FA00286C
S3150001C260E9D0C0E90164EEE7DCBC200886BD200800
S3150001C27070B5C66905460C4676B91020FFF76CF90C
S3150001C2800246E86120B9094B09488F21FFF73EF9BB
S3150001C290C0E901660660C6603CB1EB696268DB68AD
S3150001C2A053F82210216043F8224070BDDCBC2008FF
S3150001C2B086BD20082DE9F0410D6907460C461E464C
S3150001C2C001F1140C0020DCF8003099B202FB016187
S3150001C2D01E0C0B0C02FB063389B2013001EB034144
S3150001C2E085424CF8041B4FEA1346ECDC0EB3A368F7
S3150001C2F0AB4219DC616838460131FFF77BFF8046A6
S3150001C30028B902460C4B0D48BA21FFF7FFF82269FE
S3150001C310023204F10C0192000C3002F0F7FC2146C6
S3150001C3203846FFF7A5FF444604EB850301355E61F8
S3150001C33025612046BDE8F08175BD200886BD20082F
S3150001C34010B50C460121FFF755FF024628B9054BEA
S3150001C350054840F24511FFF7D9F80123446103610D
S3150001C36010BD00BF75BD200886BD20082DE9F04F20
S3150001C370D1F81090D2F810A0D14585B08846144660
S3150001C38004DB53460C46CA4690469946A368616843
S3150001C3900AEB0906B342B8BF0131FFF72BFF30B9EB
S3150001C3A00246454B45484FF4B171FFF7AFF800F12E
S3150001C3B0140505EB86072B460022BB421FD304F169
S3150001C3C0140C08F114010CEB8A0301EB89020292A9
S3150001C3D01A1B153A22F0030215349C4288BF00222B
S3150001C3E00192029A03918A420CD8002E03DD57F876
S3150001C3F0043D002B5DD0066105B0BDE8F08F43F822
S3150001C400042BDAE7B1F800A0BAF1000F24D0E04618
S3150001C410A9464FF0000E58F8042BD9F800401FFA30
S3150001C42082FBA4B20AFB0B444FEA124BD9F8002057
S3150001C43074444FEA124E0AFB0BE202EB1442A4B219
S3150001C44044EA0244434549F8044B4FEA124EE2D806
S3150001C450019AAA18C2F804E0039AB2F802800431DC
S3150001C460B8F1000F23D02A68E6469146AA464FF056
S3150001C470000BBEF8004008FB04B404EB194492B269
S3150001C48042EA04424AF8042B5EF8042BDAF80090DB
S3150001C4904FEA124B1FFA89F208FB0B2202EB1442F8
S3150001C4A073454FEA124BE4D8019C2C19626004359E
S3150001C4B097E7013E99E700BF75BD200886BD2008B4
S3150001C4C02DE9F843174612F0030280460D4607D0C0
S3150001C4D0264C013A002354F82220FFF7EBFE0546CD
S3150001C4E0BF103FD0D8F81C4094B91020FFF734F89C
S3150001C4F00446C8F81C0030B902461D4B1D4840F2DF
S3150001C500B311FFF703F80023C0E901330360C360E9
S3150001C510A66846B940F271214046FFF711FF002394
S3150001C520A060064603602C464FF0000907F00103A0
S3150001C5307F1053B1294632464046FFF717FF214681
S3150001C54005464046FFF794FE67B1306838B9324672
S3150001C55031464046FFF70AFF3060C0F800900646B4
S3150001C5602C46E3E72846BDE8F88300BF9CC62008B1
S3150001C570DCBC200886BD20082DE9F84F0C46496829
S3150001C580236903EB6218A368074615464FEA621A48
S3150001C59008F101094B450BDB3846FFF72BFE064632
S3150001C5A048B90246294B2A484FF4EF71FEF7AEFF10
S3150001C5B001315B00EEE7002300F1140C00F11002DB
S3150001C5C01946534535DB22692AEAEA7A0CEB8A0CCD
S3150001C5D004F1140315F01F0E614603EB82022CD001
S3150001C5E0CEF1200A002518688B4600FA0EF0284382
S3150001C5F0CBF8000053F8045B9A4201F1040125FAD5
S3150001C6000AF5F0D8131B153B23F0030304F11501BA
S3150001C6108A4238BF00239C44CCF8045005B9C14670
S3150001C6203846C6F810902146FFF722FE3046BDE88F
S3150001C630F88F42F8041F0133C3E753F8045B0D601A
S3150001C6409A4201F10401F8D8E9E700BF75BD200857
S3150001C65086BD20082DE9F74F8A4606461146504603
S3150001C660144602F044FC051E12D129463046FFF756
S3150001C670C1FD024628B9414B40F237214048FEF739
S3150001C68045FF0123C0E90435104603B0BDE8F08F2C
S3150001C690BCBF5346A2463046DAF80410BABF1C4660
S3150001C6A001250025FFF7A6FD024618B9334B40F2D6
S3150001C6B04521E3E7DAF810702669C5600AF1140925
S3150001C6C004F1140E00F114050AF1100309EB8708B1
S3150001C6D00EEB86060193AB464FF0000C019B5EF80C
S3150001C6E0040B53F804AF01931FFA8AF3194683B278
S3150001C6F0CB1A000C6344C0EB1A4000EB23409BB2FB
S3150001C70043EA004376454BF8043B4FEA204CE5D813
S3150001C710331B153B153423F00303A64238BF002310
S3150001C720E8184B441C1D04302646A5EB0905464571
S3150001C73006EB050E0ED308F10301091B21F00301D7
S3150001C7400133984538BF0021014451F8043D9BB19E
S3150001C750176199E756F8041BE2464FEA11491CFA9C
S3150001C76081FC514409EB2C4989B241EA09414FEA5E
S3150001C770294CCEF80010DAE7013FE6E775BD20083F
S3150001C78086BD20082DE973430121089E90469946EE
S3150001C790FFF730FD044630B90246244B244840F2E7
S3150001C7A00F31FEF7B3FEC9F30A55C9F313030DB1F1
S3150001C7B043F480130193B8F1000324D06846009333
S3150001C7C002F068FB0099E0B1019AC0F1200302FA78
S3150001C7D003F30B43C24063610192019BA361002BEA
S3150001C7E00CBF012202222261ADB1A5F233450544F7
S3150001C7F03560C0F13500099B1860204602B0BDE8DE
S3150001C80070836161E9E701A802F044FB019B636162
S3150001C81020300122E7E704EB8203A0F232403060C8
S3150001C820186902F018FBC0EB4210E4E775BD200859
S3150001C83086BD20082DE9F04F98468B891B069DB0D1
S3150001C84007460D46144610D50B6973B94021FEF70C
S3150001C850B5FE2860286130B90C233B604FF0FF30EC
S3150001C8601DB0BDE8F08F40236B610023099320239F
S3150001C8708DF82930CDF80C803023DFF89C818DF8B6
S3150001C8802A304FF0010923469A4613F8012B0AB1C3
S3150001C890252AF9D1BAEB040B0BD05B462246294671
S3150001C8A0384602F03FFB013000F0A780099A5A444E
S3150001C8B009929AF80030002B00F09F8000234FF078
S3150001C8C0FF32CDE905230AF1010A049307938DF896
S3150001C8D053301A935446052214F8011B4E48EEF7BD
S3150001C8E07FFF049AD8B9D00644BF20238DF8533070
S3150001C8F0110744BF2B238DF853309AF800302A2BA9
S3150001C90015D0079A544600204FF00A0C214611F81B
S3150001C910013B303B092B4BD9B0B1079214E0A0EB98
S3150001C920080309FA03F313430493A246D2E7039BD0
S3150001C930191D1B680391002BBBBF5B4242F002022B
S3150001C94007930793B8BF049223782E2B0AD16378F5
S3150001C9502A2B32D1039B1A1D1B68039243EAE37308
S3150001C96002340593DFF8C0A0217803225046EEF782
S3150001C97037FF38B1049BA0EB0A00402282401343E3
S3150001C9800134049314F8011B24488DF8281006225B
S3150001C990EEF726FF002836D0214B1BBB039B07333E
S3150001C9A023F0070308330393099B334409936AE78A
S3150001C9B00CFB02320C460120A8E700230134059343
S3150001C9C019464FF00A0C204610F8012B303A092A75
S3150001C9D003D9002BC6D00591C4E70CFB01210446FF
S3150001C9E00123F0E703AB00932A460E4B04A9384610
S3150001C9F0FEF764FE421C0646D6D1AB895B063FF5BF
S3150001CA002DAF09982CE703AB00932A46054B04A9E1
S3150001CA103846FFF77DF8EDE709BE200813BE20086A
S3150001CA20BDC6210825FF21080FBE20082DE9F04FBC
S3150001CA300D469DB014469846064618B1036A0BB9D1
S3150001CA40FFF796FA6B6ED90705D4AB899A0502D41E
S3150001CA50A86D02F059F9AB891B0701D52B699BB962
S3150001CA6029463046FFF7CEFA70B16B6EDC0704D566
S3150001CA704FF0FF301DB0BDE8F08FAB899805F7D4B4
S3150001CA80A86D02F042F9F3E70023099320238DF8FC
S3150001CA902930CDF80C803023DFF8AC818DF82A30AF
S3150001CAA04FF0010923469A4613F8012B0AB1252AAC
S3150001CAB0F9D1BAEB040B0BD05B4622462946304628
S3150001CAC002F0A7FA013000F0A780099A5A440992A8
S3150001CAD09AF80030002B00F09F8000234FF0FF32C0
S3150001CAE0CDE905230AF1010A049307938DF8533022
S3150001CAF01A935446052214F8011B5348EEF770FEAB
S3150001CB00049AD8B9D10644BF20238DF853301307B0
S3150001CB1044BF2B238DF853309AF800302A2B15D0B9
S3150001CB20079A544600204FF00A0C214611F8013BA2
S3150001CB30303B092B4BD9B0B1079214E0A0EB0803A7
S3150001CB4009FA03F313430493A246D2E7039B191D83
S3150001CB501B680391002BBBBF5B4242F002020793A5
S3150001CB600793B8BF049223782E2B0AD163782A2B18
S3150001CB7032D1039B1A1D1B68039243EAE373023405
S3150001CB800593DFF8D4A0217803225046EEF728FE5C
S3150001CB9038B1049BA0EB0A004022824013430134C2
S3150001CBA0049314F8011B29488DF828100622EEF784
S3150001CBB017FE00283FD0264B1BBB039B073323F0F0
S3150001CBC0070308330393099B3B4409936AE70CFB6C
S3150001CBD002320C460120A8E70023013405931946C9
S3150001CBE04FF00A0C204610F8012B303A092A03D9D6
S3150001CBF0002BC6D00591C4E70CFB01210446012395
S3150001CC00F0E703AB00932A46124B04A93046FEF720
S3150001CC1055FD0746781CD6D16B6ED90705D4AB896D
S3150001CC209A0502D4A86D02F070F8AB895B063FF550
S3150001CC301FAF09981EE703AB00932A46054B04A9CB
S3150001CC403046FEF765FFE4E709BE200813BE20085B
S3150001CC50BDC62108130022080FBE2008024B01465B
S3150001CC60186802F045BA00BF6060000038B5074D8C
S3150001CC7000230446084611462B6000F0D9F8431CF0
S3150001CC8002D12B6803B1236038BD00BF0C5E0100E1
S3150001CC9038B5064D0023044608462B6000F0CFF850
S3150001CCA0431C02D12B6803B1236038BD0C5E010021
S3150001CCB038B5074D00230446084611462B6000F09F
S3150001CCC0C0F8431C02D12B6803B1236038BD00BFF5
S3150001CCD00C5E0100044A05491368002B08BF0B4688
S3150001CCE01844106018467047145E0100188E010042
S3150001CCF04FEA410C7FEA6C5C02D150EA013C0AD151
S3150001CD004FEA430C7FEA6C5C02D152EA033C02D142
S3150001CD104FF0000070474FF0010070474FEA4102A3
S3150001CD2012F5001215D211D56FF47873B3EB625276
S3150001CD3012D94FEAC12343F0004343EA505311F09D
S3150001CD40004F23FA02F018BF404270474FF000002F
S3150001CD50704750EA013005D111F0004008BF6FF06D
S3150001CD60004070474FF00000704700BF002303608A
S3150001CD70704703680B60016070470346006818B18D
S3150001CD8002681A60002303607047036803B970479D
S3150001CD908B4204D10B68036000230B607047184671
S3150001CDA0F3E7034638B10020814204D01A5C02B988
S3150001CDB070470130F8E770474FF0FF31FFF7F1BFD9
S3150001CDC010B5144602F05CFA2060002010BD08B5CB
S3150001CDD002F0B6FA002008BD70B50C46154610B92A
S3150001CDE0EFF7A8FB38B143682BB12A462146006804
S3150001CDF0BDE870401847232070BDF7B50D461646AD
S3150001CE001C4638B9EFF796FB04B901AC20B92320CB
S3150001CE1003B0F0BD03B901ACC768002FF7D02346B4
S3150001CE20324629460068B847F2E700207047FEE718
S3150001CE304FF400534B6000207047012070470120DA
S3150001CE4070474FF0FF3070470020704707B500204C
S3150001CE5001AB0190FFF7D1FF0198002808BF4FF001
S3150001CE60FF3003B05DF804FB10B500201446FFF750
S3150001CE70B3FF204610BD70B5B0B1ABB14C4204F062
S3150001CE800304214489B2C0E90033018142811C4671
S3150001CE900025501EA842264607DC002A08BF0020AE
S3150001CEA048434FF0FF321A5070BD0C4434600135CF
S3150001CEB0F0E738B5044630B102F0FAF925686B1C83
S3150001CEC004D102F06DFA0025284638BD2B6823608F
S3150001CED002F066FAF8E738B504460D4602F0E8F9BD
S3150001CEE023682B602560BDE8384002F059BA0F204F
S3150001CEF070470020704710B5F3F7E0FE28B1F3F74D
S3150001CF00DDFEBDE8104003681847112010BD10B5BD
S3150001CF10EFF75EFB18B1BDE8104003681847112012
S3150001CF2010BD70B504460D461646EFF751FB5CB1D0
S3150001CF3050B17F2D0AD8802E08D8836832462946FB
S3150001CF402046BDE870401847222070BD2120FCE72D
S3150001CF5070B505460C46F3F7B1FE38B1F3F7AEFEF0
S3150001CF602946036A2046BDE870401847112070BD66
S3150001CF700EB403B5039919B104AA0192EFF710FB98
S3150001CF8002B05DF804EB03B0704708B500F016F87F
S3150001CF9000F036F8FEE7704770477047704708B5EE
S3150001CFA000F036F800F042F800F04DF8FFF7F5FF13
S3150001CFB000F03EF8BDE8084000F03BB808B5EFF7D1
S3150001CFC053FBFFF7E8FFF0F7C5F9EFF783FCFFF72F
S3150001CFD0E3FF02F02DF900F007F800F024F8BDE8B0
S3150001CFE00840EFF759BC704708B500F00DF800F09E
S3150001CFF00CF800F00BF800F00AF8FFF7F4FF08BD93
S3150001D00000F012B8002070477047704770477047AC
S3150001D01008B5F0F7BBFAF3F733FCF7F747FCBDE8C1
S3150001D0200840EFF7BDBF704702F01AB9EFF772BFBC
S3150001D0307047704700F010B808B5EFF771FFBDE80B
S3150001D0400840F3F767BD08B500F006F8FFF7F4FFEF
S3150001D050BDE80840EFF722BBEFF774BF08B5FFF74D
S3150001D0609EFFEFF771FCFFF7CDFF00B908BDFFF793
S3150001D07095FFF8E7FEE707EE100AFDEEC77AF8EE30
S3150001D080E76AF4EEC76AF1EE10FA41BF17EE903A7D
S3150001D090013307EE903AF8EEE76A16EE900A70470A
S3150001D0A0F1F740B8012800D17047C30701D4400801
S3150001D0B0F8E70020704703460120834208DC00EBB5
S3150001D0C0D072A3EB6203B3EBA00FB8BF4008704761
S3150001D0D04000F2E70F29024610B54FF001000CD8C7
S3150001D0E0D2F8CC4100FA01F32343D2F8CC119BB21A
S3150001D0F063F30F01C2F8CC11002010BD0F290246BF
S3150001D10010B54FF001000DD8D2F8CC4100FA01F369
S3150001D11043EA1443D2F8CC119BB263F31F41C2F820
S3150001D120CC11002010BD30B50F299DF80C402CD82C
S3150001D1301F2A2AD80F2B28D8012C26D845686D0618
S3150001D1400FD5090134B14518AC6B44EA835343F05A
S3150001D1508063AB6301448B6B43EA42438B630020DC
S3150001D16030BD5CB1D0F8081241F40071C0F8081264
S3150001D170D0F8081263F34811C0F80812D0F8083243
S3150001D18062F30403C0F80832E9E70120E8E7B1F5E4
S3150001D190007F14D2B2F5806F11D2436823F4806305
S3150001D1A04360C36861F31843C360C36862F309034C
S3150001D1B0C360436843F480634360002070470120E5
S3150001D1C070470F2903464FF0010014D81A6A00FA76
S3150001D1D001F189B2186AC2F30F220A4362F31720DA
S3150001D1E018621A6AC2F30F2222EA0102196A62F36D
S3150001D1F01721196200207047D0F8E03143F001038E
S3150001D200C0F8E03100207047406921B11146C0F3F2
S3150001D2100B00F2F74FBAC0F30B007047436A0129BE
S3150001D2201DBF43F002034362436A43F0807318BF94
S3150001D23043F004034362002070472DE9F04F92F852
S3150001D24006C092F802A05378D5781679577992F8E4
S3150001D25007E092F8088092F8099092F80AB0D47A19
S3150001D260127802B35B0643EA4B7343EA8A5343EAF5
S3150001D270495343EA085343EA4E4343EA0C4343EA1C
S3150001D28047330901026843EAC62301F1105143EA13
S3150001D290852301F5872142F0004243EA44230260D7
S3150001D2A0CB63BDE8F08F02686CF3C71202600268B7
S3150001D2B06AF34F320260026863F313420260036845
S3150001D2C065F341030360036866F383030360036840
S3150001D2D067F30613036003686EF30A2303600368AA
S3150001D2E068F3CB230360036869F30C3303600368B7
S3150001D2F06BF314530360036864F300030360D0E720
S3150001D30030B504460AB3B0F5E10F1ED8536880253F
S3150001D310DD608900B1FBF0F1D3F8C00020F03F00D9
S3150001D320C3F8C000002018605860D860DD60C1F302
S3150001D33087151D60C1F3873501F03F015D60C3F8B4
S3150001D340C010D8605369DC6230BD40F20160FBE772
S3150001D3502DE9F3470746DDE90AA8DDF830900846CE
S3150001D36016461D461FB311B30AB35B6993F829200C
S3150001D370520723D595F84040F4B12A7812F0060FEA
S3150001D3801CD0032283F827203146CDE90089534674
S3150001D3902A46F2F713FE60B953462A463146384605
S3150001D3A0CDE90A8902B0BDE8F047F2F769BD6FF031
S3150001D3B0040002B0BDE8F0872046FAE74FF0FF30DF
S3150001D3C0F7E74369186A70474369D8697047436844
S3150001D3D05A6943691879C2F3C012400082F001020A
S3150001D3E000F0020010435A79D20002F008021043FD
S3150001D3F09A79120102F010021043DA791B7A52016E
S3150001D40002F020029B01104303F04003184300F091
S3150001D4107B007047024630B5536800201BB3516943
S3150001D42091F8291049071ED5557899699278EB0626
S3150001D4304CBFC1F30013034615F0400418BFC1F3F6
S3150001D440401412F0010218BFC1F380122D060FD548
S3150001D450C1F3C01143EA440343EA810343EAC20329
S3150001D46063F3070030BD0246014604460346F1E771
S3150001D4700021EFE741F20273984221D011DC41F21B
S3150001D480045398421CD005DCF8B1012814BF0120D1
S3150001D4902120704741F20173984214BF01201120E7
S3150001D4A0704742F2041398420CD042F20613984296
S3150001D4B00AD042F20313984214BF0120212070477B
S3150001D4C021207047282070472B207047017570472F
S3150001D4D0007D7047F8B5077D05460C468E1801207C
S3150001D4E0B4420ED037B123780A2B03D1AB680D2194
S3150001D4F028469847AB6814F8011B28469847002828
S3150001D500EED0F8BD0020704710B5EFF761F804467C
S3150001D510FFF790FDFFF790FD23689847F3F722FB8D
S3150001D52001210020F3F75EFB002010BD08B50320A2
S3150001D530F6F754FA20B9BDE808400320F6F7E2BA37
S3150001D54008BD7047EFF764BE2DE9F04F88B3056853
S3150001D5507DB3002100F1040C01275CF83160013133
S3150001D56050F83130C3F38454C4EBD3620132162A26
S3150001D5701FD84FF00009D6F80080A646CA462244B5
S3150001D58007FA0EFB0EF1010E28EA0B08724507FA9F
S3150001D59009FB4AEA0B0A09F10109F1D803EA0A0370
S3150001D5A0A34043EA0803A9423360D6D10020BDE86F
S3150001D5B0F08F0120FBE7F0B500B30768F7B100254E
S3150001D5C04FF0010C013550F83530C3F38454C4EBE8
S3150001D5D0D3620132162A11D800210E4622440CFAD2
S3150001D5E001FE013146EA0E0604EB010E7245F6D83C
S3150001D5F0BD42E7D103EA0600A040F0BD0120FCE7E9
S3150001D60001B10847704741F20273984221D011DCFB
S3150001D61041F2045398421CD005DCF8B1012814BF2D
S3150001D62001202120704741F20173984214BF012065
S3150001D6301120704742F2041398420CD042F20613AD
S3150001D64098420AD042F20313984214BF01202120C6
S3150001D650704721207047282070472B2070470B28E0
S3150001D66008B503D8F7F776F8002008BD2120FCE7B6
S3150001D6700378052B19D840782BB9052815D93928EF
S3150001D68015D9F5F751BC5A1E012A04D80F288CBFAB
S3150001D690212000207047032B01D10928F7E7042B2D
S3150001D6A001D10B28F3E70528F1E721207047184639
S3150001D6B07047F6F72BB800207047704708B501F0A0
S3150001D6C057FE002008BD70477047704708B578B10E
S3150001D6D071B14B880BB9002008BD0A88042A0EBF18
S3150001D6E01346082310220374043101F00FFBF2E7FD
S3150001D6F04FF43560F0E720B319B303888F2B1AD0A6
S3150001D70007D8412B15D0442B0BD0292B0DD0012046
S3150001D7107047AA2B03D0EF2B09D0A12BF7D10423F5
S3150001D72000E001230B70002070470023FAE7022373
S3150001D730F8E70323F6E71388012B0CBF0923082317
S3150001D740F0E722207047037C042B08D1431E0330E7
S3150001D75013F8012F6AB98342FAD101207047082BC9
S3150001D76007D1431E0F3013F8012F12B98342FAD1A4
S3150001D770F3E700207047F7F7A7B94FF00042F7F734
S3150001D780B3BB0439092944D8DFE801F0111E222F61
S3150001D79005434343343C431F012B3CD900F47F40EE
S3150001D7A0B0F5007F08BF052018BF00207047052887
S3150001D7B033D000F47F40B0F5807F30D0B0F5007FE4
S3150001D7C014BF002006207047052808BF2120EBE77B
S3150001D7D0052826D000F47F40B0F5807F23D0B0F530
S3150001D7E0007F14BF002007207047421F504250415E
S3150001D7F04000704700F47F40A0F5807358425841BD
S3150001D800C000704700F47F40B0F5807F08BF092053
S3150001D810CAE7002070473120704701207047032076
S3150001D820704711207047042070472DE9F0410446E6
S3150001D8301D4617462AB323B3A1F10C03012B03D8C6
S3150001D84040F6E8739D421CD82046FFF79AFFFF2C4D
S3150001D85006460FD9E4B200231A4621463046F8F7A8
S3150001D860EBF978B92B463A4621463046BDE8F041F8
S3150001D870F8F7E2B9053C012C4FF0FF3498BF0024BC
S3150001D880E8E72120BDE8F081084609B1FAF7CEBCE8
S3150001D890704710B50C4689B1CB89822B09D14B7BD8
S3150001D8A0097B1B0203F47063194404F11C00FFF7A2
S3150001D8B048FE2046BDE81040FAF7B8BC10BD084640
S3150001D8C009B1F8F707B8704770B50C46A9B1084613
S3150001D8D000F065FF0546204600F053FF0646204648
S3150001D8E0F7F730FA3046FAF7A1FC2046FAF79EFC24
S3150001D8F02846BDE87040FAF799BC70BDFFF7E4BF52
S3150001D90000207047FBF75EBB38B50D46144608B1DB
S3150001D910FDF72AFE15B12846FDF726FE24B120465D
S3150001D920BDE83840FDF720BE38BD48B34B880360DB
S3150001D9304A7F0B7F43EA022343844A790B7943EA00
S3150001D9400223C3878B7DCA7D43EA02238383052392
S3150001D95080F858300B88102B0CD1182380F83D30F5
S3150001D9608B1D4430163153F8042B40F8042B8B429F
S3150001D970F9D17047022380F83D30D1F806300364AF
S3150001D980704710B504461846A9B1092C11D0A31F3A
S3150001D9905C425C4194420ED178B1027C042A0EBFEE
S3150001D9A040311022443101F052F9B0FA80F04009B9
S3150001D9B010BDCC7EEEE70020FAE70120F8E7F8B5C6
S3150001D9C0064609B1002008600AB1002010600BB1BB
S3150001D9D0002018600024254601272046F7F7A4FDFC
S3150001D9E08646D8B161B10368706807FA03F303424A
S3150001D9F006D00B6807FA04FC43EA0C030B600135F9
S3150001DA0062B1DEF80030F06807FA03F3034205D08D
S3150001DA10136807FA04F00343136001350134142C2B
S3150001DA20DBD12846F8BD10B58AB192F90000F7F7A7
S3150001DA307BFD044658B101F03BFC94F8893113B1E2
S3150001DA40013B84F88931BDE8104001F0A9BC10BD45
S3150001DA5038B50C460546002840D000293ED00021A5
S3150001DA601122204601F01CF9AB79D9070AD5042306
S3150001DA702374D5F8073023602046FFF764FE08B902
S3150001DA80002038BDAB795A0715D4AB799B0710D561
S3150001DA9008232374224605F10B031B3553F8041B97
S3150001DAA042F8041BAB42F9D12046FFF74CFE002891
S3150001DAB0E6D02D20E5E708232374224605F11B0352
S3150001DAC005F12B0153F8040B42F8040B8B42F9D1F3
S3150001DAD02046FFF738FE0028D7D1D1E72220D0E72C
S3150001DAE010B5044686B060B100F057FE6388A12BDD
S3150001DAF0014615D007D8192B15D0412B10D0142B60
S3150001DB000ED006B010BDAE2B2BD0C32B13D0AA2B33
S3150001DB10F7D10021084606B0BDE81040F7F7E4BC8E
S3150001DB200029EED0F5E70028EBD12046FCF71AFED6
S3150001DB300028E6D1EDE70021112201A801F0B0F895
S3150001DB4001A904F11000FFF783FF0028D9D101A82C
S3150001DB50FFF7F9FD0028D4D101A90120F7F7C4FC8C
S3150001DB60CFE70028CDD10120D5E7431C10B50446E7
S3150001DB7003D1BDE8104001F0C7BB01F019FC40F22A
S3150001DB80E732034600211046E4FB03014FF0FF3361
S3150001DB9083428A4105D34FF47A720023FDF720FBB5
S3150001DBA0E7E71846E5E708B5FFF78DFD6420FFF7BF
S3150001DBB0DCFFFFF789FD6420FFF7D7FF002008BDD2
S3150001DBC04B1E012B01D9FCF705B80F207047F0B5A4
S3150001DBD0054685B00E4619B3871C3846FDF7BCFCD1
S3150001DBE00446F8B13A46002101F05AF80B232A46B9
S3150001DBF0237065703146A01C01F088F8002147F6B4
S3150001DC0018130093CDE901113B462246B02000F0DE
S3150001DC10DAFD05462046FDF7A7FC284605B0F0BD0E
S3150001DC202125FAE71925F8E7FBF740BC00F056BDB8
S3150001DC30FBF758BEFBF760BFFBF790BFFCF788B94F
S3150001DC402DE9F743D0F80480DDF8289004461746FD
S3150001DC501E46B8F1000F0CD0836801930023009390
S3150001DC604A4638463146C0470446204603B0BDE819
S3150001DC70F0830420FDF770FC054670B1A368C0F877
S3150001DC800090009302462468434638463146A04731
S3150001DC9004462846FDF768FCE7E71924E5E72DE980
S3150001DCA0F0411D46DDE906381446002206460F46B8
S3150001DCB0C8F8002053B910210120FDF745FC40B1F9
S3150001DCC0C0E9024547600670C8F800000020BDE8BB
S3150001DCD0F0811920FBE72DE9F04F9B460378032BD2
S3150001DCE087B007460D46164657D1B1F80CA0BAF1D2
S3150001DCF0C90F54D8D1F8148008F1D8094946012032
S3150001DD00FDF722FC044668B105ABCDE9006339464F
S3150001DD1000235A460220FFF7C2FF074638B12046C4
S3150001DD20FDF722FC1925284607B0BDE8F08F04232C
S3150001DD3023606B7984F8D1302B7884F8CF302B7936
S3150001DD4084F8D03004F1D803A968C4F8D430A4F813
S3150001DD50D280524684F804A0601D00F0D7FF2969DD
S3150001DD60D4F8D400424600F0D1FFDDF814800096C5
S3150001DD704B4622460221CDE90187CB2000F023FD47
S3150001DD8005462046FDF7F0FB052DCCD0B8F1000F76
S3150001DD90C9D04046FDF7E8FBC5E70225C3E72125C3
S3150001DDA0C1E72DE9F04F90F800B0BBF1030FBBB00E
S3150001DDB0064688461546994660D1002960D0459B9E
S3150001DDC0002B5DD0C92A5ED8D022002106A800F01A
S3150001DDD067FF05F10C010120FDF7B6FB05AB0193C9
S3150001DDE0449B0093469A0346044631460420FFF7B6
S3150001DDF056FF059F82461CB160B12046FDF7B4FB74
S3150001DE0027B9192528463BB0BDE8F08F3846FDF7FE
S3150001DE10ABFBF6E7459B63602A466581414684F87C
S3150001DE2008900DF11D008DF81C50CDF818B08DF835
S3150001DE30E79000F06BFF2A46414604F10C0000F022
S3150001DE4065FF449B0093CDE9017AD02306AA0221FE
S3150001DE50CB2000F0B8FC05280546D3D040B12046BA
S3150001DE60FDF782FB002FCDD03846FDF77DFBC9E7D4
S3150001DE70214606F11000FEF77CFFC3E70225C1E744
S3150001DE804FF43565BEE72125BCE72DE9F347074683
S3150001DE90904699460C4600295FD091F8223033B955
S3150001DEA01C20FDF759FB054660BB192502E0486AAF
S3150001DEB020B92125284602B0BDE8F087FEF77CFF90
S3150001DEC005460028F5D00430B0F5807FF1D8FDF77E
S3150001DED043FB06460028E8D0D4F824A04580012358
S3150001DEE003802A465146043000F010FF02225146B3
S3150001DEF03046F7F74DFE05463046FDF735FB002D5A
S3150001DF00CED0D7E7A4460646BCE80F000FC6DCF81C
S3150001DF1000303370238B6B82A37E2B75A38BEB8230
S3150001DF20E38B2B83238C6B832C469FB13B78012B90
S3150001DF300ED80A9B009342464B4621463846F8F7CF
S3150001DF409FFC0546002CB5D02046FDF70DFBB1E739
S3150001DF500225F7E74FF43565F6E70028E6D14FF4D9
S3150001DF603565A7E710B5034650B149B100F118046C
S3150001DF7007C984E80700012283F82420002010BD88
S3150001DF804FF43560FBE72DE9F041054608460C469E
S3150001DF9016461F4600F0B3F83B463246214620B9E5
S3150001DFA02846BDE8F041FFF740BC2846BDE8F041F0
S3150001DFB0F9F784BF062810B40BD020F0FF04B4F59E
S3150001DFC0807F06D0B4F5007F03D05DF8044B00F0E6
S3150001DFD0A1B821205DF8044B704773B50022009269
S3150001DFE08DF8042010B9212002B070BD0029FAD0A5
S3150001DFF0441E002514F8010F20B9032AF3D1009B12
S3150001E0000B60F1E72E2801D10132F2E7A0F13003CE
S3150001E010DBB2092BE7D802F108000DEB000601354A
S3150001E02016F8080C00EB800003EB4003042D06F8FC
S3150001E030083CDFD1D7E72DE9F04104460E461F46DD
S3150001E04001EB0308BA4230DA98F80000551EA11810
S3150001E050B318434511D16B1CE05DE15CE054E15519
S3150001E060F15C98F80000F05488F800102B46314610
S3150001E0702046FFF7E0FFAA1CE4E793F800C08445B9
S3150001E08010D2013591F800E014F805C004F805E056
S3150001E09081F800C016F805C093F800E006F805E01F
S3150001E0A083F800C001310133D3E7BDE8F0810138BF
S3150001E0B0092810D8DFE800F005090B0F0F0F0F0F25
S3150001E0C00F0D00230B60002070470123FAE702239E
S3150001E0D0F8E70323F6E72120704703280DD8DFE888
S3150001E0E000F00206080A01230B7000207047022384
S3150001E0F0FAE70323F8E70A23F6E721207047031F0F
S3150001E100042B05D90C38012894BF00200120704743
S3150001E1100020704773B504460E4692B3196881B361
S3150001E1200021019110F47F411DBF0C4620120730DA
S3150001E130204601A9F8F73EF9054618B9062C04DC74
S3150001E140D4B90125284602B070BDB4F5407F08D088
S3150001E1500ADCB4F5807F04D0B4F5007F01D0072C2A
S3150001E160EFD1019B3370EDE724F48073B3F5806F33
S3150001E170F7D0B4F5C06FF3E701983146FFF7ADFF6D
S3150001E180E0E72125DEE72DE9F34705460C469046F3
S3150001E19001F08EF8D5E90079043709FB07FA06463E
S3150001E1A05046FDF7D9F90346606030B9304601F0B3
S3150001E1B0F7F8192002B0BDE8F0871FFA89F2B9B263
S3150001E1C004F10800CDF800A0FEF755FE6B68A382A6
S3150001E1D000253046E58284F8188001F0E1F82846EA
S3150001E1E0E8E72DE9F7434FF000088946074615464B
S3150001E1F01E46CDF8048001F073F8B9F1010F04460B
S3150001E2000CD102462B46394601A8F9F73DFF10B954
S3150001E210019B0433336003B0BDE8F08301462A460F
S3150001E22001A8F9F7F7FE012824D0B0B101F058F89A
S3150001E230001B854209D201F053F8001B85420CD31D
S3150001E240F9F7B2FE80B11920E5E743462246394681
S3150001E25001A8F9F719FF0028EDD1019B002BF2D097
S3150001E260043333600020D6E72A46214601A8F9F790
S3150001E270D1FEF2E71120CEE70846FDF775B938B5AC
S3150001E2800C4611463AB994F82C30022B0ED10423D0
S3150001E29084F82C3009E02068056C002DF3D0526813
S3150001E2A009892346A8470028EDD038BDE068F9F76B
S3150001E2B0BDFF2046BDE83840F9F7B8BF0846F9F773
S3150001E2C0B5BF531C70B505460E46144613D001F072
S3150001E2D06FF840F2E733024600211846E4FB0201DB
S3150001E2E04FF0FF3484428B4105D34FF47A720023F9
S3150001E2F0FCF776FF0446234600223146284601F004
S3150001E30017F8C31C012B98BF002070BDF7B5002676
S3150001E310CDE900660F46044600283FD0036B002B6B
S3150001E3203CD0836B002B39D090F83D006B464FF4FF
S3150001E3307A723146FFF755FF0546A8B1D4F8843005
S3150001E3407BB1C4F8846000930126009B1F7000997D
S3150001E350206B00F039F9054658B1009836B1C4F87A
S3150001E3608400284603B0F0BD0646EEE7F9F75EFFE6
S3150001E370F7E7D4E90D13186800F052FF002EF0D02C
S3150001E38094F83D0001AB4FF47A720121FFF729FFA2
S3150001E3900028E6D1019BC4F88430E2E70125E0E7D5
S3150001E3A051B14AB110890B89984205D1528A4B8ADB
S3150001E3B0D31A5842584170470020704791F82130CE
S3150001E3C04BB1013B81F821300B6823B1806C4FF4CE
S3150001E3D0003100F025BF7047F8B50F4615461E46B9
S3150001E3E00446F0B102B9E3B100F062FFE46F0346FF
S3150001E3F01CB900F0D5FF2D20F8BD2279BA420BD108
S3150001E40015B104F130022A600EB1083434601846A1
S3150001E41000F0C6FF0020EFE72468002CEDD1184676
S3150001E420E7E72120E8E72DE9F7430C460021CDE98E
S3150001E43000110646002855D0002C53D090F888309C
S3150001E440012B5FFA83F84FD1836C002B4CD090F8E7
S3150001E4503C006B464FF47A72FFF7C3FE054678B966
S3150001E4600346218801AA3046FFF7B6FF20B9DDF839
S3150001E4700490B9F1000F07D10098F9F7D7FE2325CB
S3150001E480284603B0BDE8F08300F012FFB9F8223048
S3150001E4905A1CA9F82220238300F082FF009F2388BB
S3150001E4A03B81238B3B840FCC07F108053E600FC5EA
S3150001E4B094E8070085E8070000F012FF7862009CE7
S3150001E4C000F0F2FE0099A06281F82C80484600F027
S3150001E4D07BF805460028D3D1B06C4FF4003100F02B
S3150001E4E09FFECDE72125CBE70325C9E708B50346FE
S3150001E4F058B1806C48B193F88830012B07D14FF49D
S3150001E500003100F08DFE002008BD2120FCE703202C
S3150001E510FAE713B5144680B17AB1002201AB019234
S3150001E520FFF75AFF58B9019B4BB1DA68E2601A69E5
S3150001E5305B692261636102B010BD2120FBE72320E4
S3150001E540F9E738B5054690B189B190F88830012BC5
S3150001E5500FD1836C6BB14C3000F036F8044620B90C
S3150001E560A86C4FF4801100F05BFE204638BD2124D3
S3150001E570FBE70324F9E792F82C30102B10B510466F
S3150001E58003D1BDE81040F9F751BE1468918004F13A
S3150001E5905C00114600F018F830B9A06C4FF4001178
S3150001E5A0BDE8104000F03CBE10BD0846F9F73EBE7E
S3150001E5B040B1092906D80023C0E900330172C360BE
S3150001E5C0184670472120704737B500230D46019341
S3150001E5D0044678B171B1007A01AB4FF47A72012128
S3150001E5E0FFF7FFFD20B9019920464D60FAF782FD3C
S3150001E5F003B030BD2120FBE713B500230C46019380
S3150001E60090B189B101A9FAF799FD48B9019B3BB1CE
S3150001E6105A682260184602B0BDE81040F9F706BEF6
S3150001E6200023236002B010BD2120FBE7FAF70EBEDE
S3150001E630437810B483B10378012B09D0022B03D19F
S3150001E640137843F06003137000205DF8044B7047A4
S3150001E650137843F02003F6E70A2911D8012404FAB6
S3150001E66001F111F0440F17D111F4A06F0CD111F47F
S3150001E670207F05D0137843F06003137002230370E3
S3150001E6805DF8044BFBF716BD137823F0600343F0E6
S3150001E690200313700470F3E71378F8E77FB50B4690
S3150001E6A0C10719D5042B17D800D1AAB1012101FA46
S3150001E6B003F30020049340F6B833CDE90100ADF829
S3150001E6C01600ADF81420009304AA0823EA2000F0EE
S3150001E6D07AF807B05DF804FB2120FAE71FB50A4670
S3150001E6E069B10023CDE9013348F6B803009301214E
S3150001E6F00623172000F067F805B05DF804FB222019
S3150001E700FAE71FB50A4679B10B787BB10023CDE94B
S3150001E710013347F61813009302211823942000F0C1
S3150001E72052F805B05DF804FB2220FAE72120F8E74C
S3150001E73037B54FF48C7314460D460193043201AB81
S3150001E7402146F7F737FE28B920682DB9012894BF6D
S3150001E7500020012003B030BD281A18BF0120F9E7B7
S3150001E76004280CD8DFE800F009030B070900002391
S3150001E7700B70002070470123FAE70223F8E70F2008
S3150001E780704718B10379006803B9C068704710B5BE
S3150001E790044600F0A5FD001B10BD8089704720B11D
S3150001E7A003790BB9006870470020704750B1436880
S3150001E7B00BB18B4205D90AB15B1A13800C3108449F
S3150001E7C07047002070472DE9FF4105460F469046E8
S3150001E7D01C46002003AB4FF47A7201210390FFF728
S3150001E7E000FDE0B901461022039800F059FA039E94
S3150001E7F0B8F1000F05D02246414606F1100000F09F
S3150001E80085FA0C9B7580C4F30B04348001930B9B32
S3150001E810009332460A9B39462846FBF7F5FF04B0BA
S3150001E820BDE8F08170B5A1FB025434B92946FCF765
S3150001E830C5FE064628B9304670BD0C220260002688
S3150001E840F9E72A46214600F02BFAF4E72DE9F047CD
S3150001E85088B0002B1D461446BCBF03F10043144685
S3150001E860129A109EDDF84CA0B6BF1D4600232D233B
S3150001E8701370149B23F02008B8F1460F05D0B8F1A8
S3150001E880450F00D10136022300E0032307AA0492B3
S3150001E89006AACDE902A2CDE9003622462B46ECF7BF
S3150001E8A0EFFFB8F1470F074619D1119BDB070ED5CC
S3150001E8B000EB06090022002320462946FCF73EFC10
S3150001E8C008B1CDF81C903022079B4B451ED3079B00
S3150001E8D0159ADB1B3846136008B0BDE8F087B8F11E
S3150001E8E0460F00EB0609E5D10378302B0AD1002249
S3150001E8F0002320462946FCF721FC18B9C6F101067A
S3150001E900CAF80060DAF800309944D3E7591C079138
S3150001E9101A70D9E7F7B50029BABF49422D232B232F
S3150001E92009290270437029DD0DF1070425460A27DE
S3150001E9302246B1FBF7F607FB1613303302F8013C0A
S3150001E9400B46632B04F1FF343146F1DC3031931E63
S3150001E95004F8011C411C1C46AB420AD30DF1090304
S3150001E9609B1AA54238BF0023821C1344181A03B010
S3150001E970F0BD13F8016B01F8016FEDE7302330317B
S3150001E9808370C170031DF1E72DE9F04716469846DD
S3150001E9908A680B69DDF820909342B8BF134633604D
S3150001E9A091F8432007460C460AB1013333602368C8
S3150001E9B0990642BF336802333360256815F00605B0
S3150001E9C006D104F1190AE36832689B1AAB4226DCC8
S3150001E9D094F843302268003B18BF012392062BD4DA
S3150001E9E004F1430241463846C84701301ED0236828
S3150001E9F0226903F00603042B02BFE5683368ED1AAA
S3150001EA00A3680CBF25EAE57500259342C4BF9B1A8E
S3150001EA10ED1800261A34B5421AD1002008E0012368
S3150001EA20524641463846C847013003D14FF0FF30C0
S3150001EA30BDE8F0870135C6E7E1185A1C302081F898
S3150001EA404300224494F8451082F843100233C7E785
S3150001EA500123224641463846C8470130E6D00136F1
S3150001EA60D9E738B50B6905460C4613B90025284682
S3150001EA7038BD18B1036A0BB9FDF77AFAB4F90C304F
S3150001EA80002BF3D0626ED00704D4990502D4A06D91
S3150001EA9000F03AF928462146FDF75AF9636EDA077E
S3150001EAA00546E4D4A3899B05E1D4A06D00F02DF9B8
S3150001EAB0DDE72DE9F8430746884614460026D4E9E2
S3150001EAC00195B9F1010905D52468002CF7D1304625
S3150001EAD0BDE8F883AB89012B07D9B5F90E300133AF
S3150001EAE003D029463846C04706436835E9E710B5DD
S3150001EAF00C46B1F90E10FDF7FFFA0028ABBF636DA6
S3150001EB00A3891B1823F48053ACBF6365A38110BD91
S3150001EB102DE9F0411F468B89DB0505460C46164655
S3150001EB2005D5B1F90E1002230022FDF7D3FAA38908
S3150001EB30B4F90E1023F48053A38132463B4628468E
S3150001EB40BDE8F041FDF7FABA10B50C46B1F90E1061
S3150001EB50FDF7C0FAB4F90C30421C0BBF23F4805305
S3150001EB6043F48053A381A38118BF606510BDB1F939
S3150001EB700E10FDF79FBA30B51446002C9BB0054622
S3150001EB801A4605DA8B2303604FF0FF301BB030BD08
S3150001EB904FF40273ADF80C304FF00003199314BF14
S3150001EBA004F1FF332346029305934FF6FF73009159
S3150001EBB00491ADF80E3069461E9BFDF73BFE431CE2
S3150001EBC0BCBF8B232B60002CE0D0009B00221A7067
S3150001EBD0DCE7F8B50E461446054618B1036A0BB9CB
S3150001EBE0FDF7C6F9A369A360A3891A0701D52369AD
S3150001EBF043B921462846FDF705FA18B14FF0FF370C
S3150001EC003846F8BD23682269981A6369F6B28342C9
S3150001EC10374605DC21462846FFF723FF0028EDD1BC
S3150001EC20A368013BA36023685A1C22601E706269B7
S3150001EC30431C9A4204D0A389DB07E1D50A2EDFD112
S3150001EC4021462846FFF70DFF0028D9D0D6E710B593
S3150001EC5001390244904201D1002005E0037811F800
S3150001EC60014FA34201D0181B10BD0130F2E78842C3
S3150001EC7010B501EB020402D98442234607D8431E8C
S3150001EC80A14207D011F8012B03F8012FF8E702443E
S3150001EC90824200D110BD13F8011D02F8011DF7E7EC
S3150001ECA002440346934200D1704703F8011BF9E77A
S3150001ECB0F0B5044608B9146844B1204614F8015B5E
S3150001ECC00F4617F8016B1EB965B91560002005E0FE
S3150001ECD0B542F6D1002BF0D114600370F0BD1C468D
S3150001ECE00CE01DB9274614F8013B0E4616F8015BE8
S3150001ECF0AB42F6D1002BF2D000233B701460EDE756
S3150001ED000123FFF7D5BF7047704770470A44914208
S3150001ED1000F1FF3300D1704710B511F8014B03F82C
S3150001ED20014F9142F9D110BD034613F8012B002A78
S3150001ED30FBD1181A0138704708B50620FDF78EFF7A
S3150001ED400120FEF774F82DE9F74F03690C69A34218
S3150001ED5007467EDB013C01F11408A30000F114050E
S3150001ED60009305EB8403019358F8243055F82420C9
S3150001ED7001339A4208EB8409B2FBF3F62ED34FF026
S3150001ED80000AC446AE46D3465CF8043B98B206FB7D
S3150001ED9000A0020C1B0C06FB0323DEF8002080B248
S3150001EDA092B2121A5A44DEF800004FEA134A9BB295
S3150001EDB0C3EB224303EB104392B242EA0342E1451D
S3150001EDC04EF8042B4FEA234BDED2009BEB582BB9AE
S3150001EDD0019B043B9D421A462FD33C61384600F005
S3150001EDE086F8002825DB2946002058F8042BD1F89F
S3150001EDF000C01FFA82FE1FFA8CF3A3EB0E03034435
S3150001EE00120CC2EB234202EB1C429BB243EA0243C1
S3150001EE10C14541F8043B4FEA2240E6D255F8242089
S3150001EE2005EB840322B9043B9D421A460BD33C6190
S3150001EE300136304603B0BDE8F08F1268043B002A64
S3150001EE40CBD1013CC6E71268043B002AEFD1013C55
S3150001EE50EAE70020EEE7B0F5803F034636BF03043C
S3150001EE6000201020B3F1807F3CBF1B020830B3F1B4
S3150001EE70805F3CBF1B010430B3F1804F3CBF9B0058
S3150001EE800230002B05DB13F0804F00F1010008BFB3
S3150001EE90202070470368024613F007000BD0D907FC
S3150001EEA021D4980749BF5B089B08012013605CBF0A
S3150001EEB013600220704799B209B91B0C1020D9B210
S3150001EEC009B908301B0A190704BF1B090430990741
S3150001EED004BF9B080230D90703D45B0800F1010087
S3150001EEE003D01360704700207047202070470A69DD
S3150001EEF003460069801A30B50ED11433143103EB81
S3150001EF00820401EB820154F8045D51F8042D954207
S3150001EF1003D005D24FF0FF3030BDA342F3D3FBE758
S3150001EF200120F9E72DE9F0478E681F46BE42824669
S3150001EF300C469046334653D8B1F90C0010F4906F45
S3150001EF402BD065692368096905EB4505A3EB010922
S3150001EF5005EBD5757B1C6D104B44AB422A4684BF2D
S3150001EF601D462A46430527D511465046FCF726FB82
S3150001EF70064658B321694A46FFF7C8FEA38923F41A
S3150001EF80906343F08003A381266165614E44A5EB3E
S3150001EF9009052660A5603E463B461F4620683A465F
S3150001EFA04146FFF764FEA3689B1BA36023683B44AD
S3150001EFB023600020BDE8F087504600F0D5F80646EC
S3150001EFC00028E1D121695046FDF7CAF80C23CAF899
S3150001EFD00030A38943F04003A3814FF0FF30E9E7F6
S3150001EFE03E46DBE79368013B002B10B4936008DAD9
S3150001EFF09469A34201DB0A2903D15DF8044BFFF7AB
S3150001F000E8BD1368581C1060197008465DF8044B7A
S3150001F0107047F8B506460F461446D518AC4201D1DD
S3150001F020002007E014F8011B3A463046FFF7DAFFE5
S3150001F030431CF3D1F8BD70B50C46B1F90E10002989
S3150001F04096B015461E460ADAA18911F0800113D140
S3150001F0504FF48062002031602A6016B070BD6A46A6
S3150001F060FDF704FE0028EFDB019901F47041A1F5DB
S3150001F070005359425941EBE700214022EAE78B89C7
S3150001F08073B59E0705460C4607D504F14703236071
S3150001F09023610123636102B070BD01AB6A46FFF7CC
S3150001F0A0CAFF009E28463146FCF788FAB4F90C30AF
S3150001F0B038B99A05EFD423F0030343F00203A38181
S3150001F0C0E3E743F08003A381019B2060C4E90406C2
S3150001F0D0002BE0D0B4F90E102846FDF7D9FD002823
S3150001F0E0D9D0A38923F0030343F00103A381D2E717
S3150001F0F01F2938B505460C4604D9162303604FF07F
S3150001F100FF3038BDC26B12B152F821304BB92846D7
S3150001F11000F016F8224601462846BDE83840FDF7BC
S3150001F120C7BD012B0AD0591C03D116230360012048
S3150001F130E7E7002142F82410204698470020E0E73F
S3150001F140FDF77BBE82B001B901A942B14BB113787B
S3150001F1500B601278101E18BF012002B070471046CE
S3150001F160FBE76FF00100F8E72DE9F0410746144689
S3150001F1700D4621B9BDE8F0411146FCF71FBA2AB97F
S3150001F180FCF7EEFF25462846BDE8F08100F027F89A
S3150001F1908442064602D8B4EB500FF4D821463846CD
S3150001F1A0FCF70CFA804608B94546ECE7B44222461C
S3150001F1B0294628BF3246FFF7A9FD29463846FCF7FE
S3150001F1C0CFFFF1E70346084641B1FF2A04D98A2257
S3150001F1D01A604FF0FF3070470A700120704751F8EE
S3150001F1E0043C181F002BBCBF0B58C0187047000009
S3150001F1F05FF800F0650B00005FF800F0C121000028
S3150001F2005FF800F03F2B00005FF800F0AB2B000029
S3150001F2105FF800F01D2700005FF800F00D250000E3
S3150001F2205FF800F0112800005FF800F05529000092
S3150001F2305FF800F0352300005FF800F0F50B0000E1
S3150001F2405FF800F0B52400005FF800F0E527000044
S3150001F2505FF800F0732800005FF800F075240000E5
S3150001F2605FF800F0812300005FF800F099060000C6
S3150001F2705FF800F0C10A00005FF800F0E50B00003E
S3150001F2805FF800F0254100005FF800F04917000023
S3150001F2905FF800F0911000005FF800F0150A000019
S3150001F2A05FF800F0312900005FF800F071240000DA
S3150001F2B05FF800F01D0400005FF800F0552700001C
S3150001F2C05FF800F06D0900005FF800F09725000077
S3150001F2D05FF800F0D92400005FF800F03109000062
S3150001F2E05FF800F0B92300005FF800F0810F00001D
S3150001F2F05FF800F0590F00005FF800F0F109000017
S3150001F3005FF800F09F0600005FF800F06526000038
S3150001F3105FF800F00D2A00005FF800F07916000092
S3150001F3205FF800F0812600005FF800F091240000EC
S3150001F3305FF800F0C92800005FF800F09727000089
S3150001F3405FF800F0F94000005FF800F0CF2A0000F6
S3150001F3505FF800F0550E00005FF800F0D7230000BB
S3150001F3605FF800F0310E00005FF800F001040000C4
S3150001F3705FF800F0790D00005FF800F0512A0000F7
S3150001F3805FF800F0C32900005FF800F0A50A00004D
S3150001F3905FF800F0D90D00005FF800F00B040000E3
S3150001F3A05FF800F0130400005FF800F0612300002D
S3150001F3B05FF800F0D123000000000000784A0178D0
S3150001F3C0D2F80035F0B54478877CC57CDFF8D0E10A
S3150001F3D061F39243C2F800350178427F04F00103DC
S3150001F3E09B0012F00F0643EA91134FEAC3431FBF76
S3150001F3F0C7F3021C43EA8C2305F0030C4FEA4C0CBD
S3150001F4001CBF4CEAD71C43EACC13DEF89CC42CF48F
S3150001F410601C08BF43F410632CF4FC5C43EA0C0C3B
S3150001F420CEF89CC4DFF88CC1ACF80030C3F3C21C23
S3150001F430C3F38223042B98BF0133BCF1000F00F004
S3150001F440A680BCF1010F00F0A580ACF1020EBEF161
S3150001F450020F01D80CF1010C9B0243EACC13DFF831
S3150001F46058C1ACF800304E4BD3F8ACC4C1F34401DB
S3150001F4702CF01F0C41EA0C01C3F8AC14D3F810149C
S3150001F48021F4FE1C817801F00301490141EAD4010E
S3150001F4904CEA8131C3F81014D3F80414847821F4AA
S3150001F4A0FC11A40841EAC431C3F80414D3F80814C2
S3150001F4B0447C07F00F077F0047EAD41721F4F811BF
S3150001F4C041EA0741C3F80814D3F80C148479354F7F
S3150001F4D0640821F4FE1141EA8431C3F80C14D3F80F
S3150001F4E03814C47964F35031C3F83814D3F81414BA
S3150001F4F0047A64F39431C3F81414C37A847AD7F87E
S3150001F50008155B0043EAD413047B04F001046FF38E
S3150001F510090143EA44230B432349C7F80835234C21
S3150001F520D1F834740123C1F83434D4F8103A23F0F5
S3150001F5300F0343EA1513C4F8103AC1F8347466B3DD
S3150001F54002F00F0252041A4990F82440D1F84037CC
S3150001F55023F4F0131A43C1F84027D1F87C27837F9F
S3150001F56022F00F02C3F383031343C1F87C3790F8EB
S3150001F5702530D1F8482703F007035B0022F4F03267
S3150001F58043EAD41342EA4333C1F84837F0BD4FF09A
S3150001F590020C61E74FF0000C5EE74FF4C012D2E7B0
S3150001F5A000A0052400800424001004240030042453
S3150001F5B0008005242A4601002846010024C2FE7F58
S3150001F5C0010000000D0A2048454150204558484198
S3150001F5D0555354454420445552494E4720414C4CBD
S3150001F5E04F434154494F4E200D0A000D0A556E7383
S3150001F5F07570706F72746564206576656E740D0A38
S3150001F600003E3C3C3C3C20476F74206E657420658F
S3150001F61076656E74203A2025750D0A00736C695F54
S3150001F62068616E646C655F6D7174745F636C696546
S3150001F6306E745F6173796E63685F6576656E747308
S3150001F6403A206576656E742025780044726F707075
S3150001F650696E67206D71747420646973636F6E6E71
S3150001F660656374206576656E743A20256875004475
S3150001F670726F7070696E67206D71747420636C6946
S3150001F680656E74206576656E742C20536939317800
S3150001F690204576656E743A2025687500736C695F3E
S3150001F6A06E65745F636F6E6669677572655F6970B3
S3150001F6B05F616464726573733A2049507636204FF0
S3150001F6C04B20287661705F69643D25752900736C4E
S3150001F6D0695F6E65745F636F6E6669677572655F94
S3150001F6E069705F616464726573733A204950763458
S3150001F6F0204F4B20287661705F69643D257529008E
S3150001F700736C695F776966695F73656E645F69705B
S3150001F7105F616464726573735F696E666F2073748B
S3150001F720617475733A203078256C58004576656E9C
S3150001F7307420666C6167732064656C6574696F6EAD
S3150001F740206661696C6564207769746820737461E9
S3150001F750747573202564005258207175657565208E
S3150001F7606465696E6974206661696C656420776990
S3150001F77074682073746174757320256400424C4566
S3150001F780205458207175657565206465696E6974C4
S3150001F790206661696C656420776974682073746199
S3150001F7A07475732025640057692D466920545820C5
S3150001F7B07175657565206465696E69742066616930
S3150001F7C06C6564207769746820737461747573203D
S3150001F7D0256400476C6F62616C206C6F636B2073EC
S3150001F7E065743A20636F6D6D616E6420307825789B
S3150001F7F000482054582D3E20513A2025752C20438F
S3150001F8003A20307825582C204C3A2025752E0D0AA1
S3150001F810004661696C656420746F20737573706549
S3150001F8206E642048414C20746872656164004661CB
S3150001F830696C656420746F207365742074687265E1
S3150001F8406164207465726D696E6174652061636BB4
S3150001F8506E6F776C65646765206576656E740047C3
S3150001F8606C6F62616C206C6F636B2072656C656195
S3150001F8707365643A20636F6D6D616E64203078251F
S3150001F880780020533A20307825782E0D0A0048203A
S3150001F89052582D3E20513A2025752C20433A2030CE
S3150001F8A07825582C204C3A20256C752C0050616324
S3150001F8B06B65742053656E7420417474656D707444
S3150001F8C0207374617475733A202564004661696C0E
S3150001F8D0656420746F20646571756575652074783B
S3150001F8E0207061636B6574005061636B65742053AE
S3150001F8F0656E7420417474656D70742073746174DF
S3150001F90075733A20256400666C7573685F616C6C6B
S3150001F9105F736F636B65745F71756575657320657C
S3150001F92072723D307825580D0A00556E6B6E6F77F1
S3150001F9306E20517565756520747970653A20257854
S3150001F9400D0A00556E6B6E6F776E206672616D657E
S3150001F95020747970653A2025750D0A0020533A20E6
S3150001F960307825782E0D0A0052582D3E20513A2026
S3150001F97025752C20433A20307825582C204C3A20E6
S3150001F98025752C0057452D3E20433A2030782558C1
S3150001F9902C20533A20307825582E0D0A0054435016
S3150001F9A02041434B3A20686F737420736F636B6514
S3150001F9B074206E6F7420666F756E642028667720DA
S3150001F9C06964202575290D0A000D0A20494E564104
S3150001F9D04C49442053454C4543542049440D0A00A3
S3150001F9E04661696C656420746F2072656D6F76651A
S3150001F9F0207061636B657420747970652066726F1F
S3150001FA006D20636F6D6D616E6420656E67696E65ED
S3150001FA100D0A00526567696F6E20636F6465207316
S3150001FA20657420746F2025640D0A004D51545420CD
S3150001FA30636C69656E7420696E7374616E636520AB
S3150001FA406E6F7420696E697469616C697A65642088
S3150001FA507965740D0A004D515454207265617373B2
S3150001FA60656D626C793A20546F706963206C656EBE
S3150001FA706774682025752065786365656473206DF4
S3150001FA806178696D756D202575004D51545420724C
S3150001FA9065617373656D626C793A205061796C6F3B
S3150001FAA0616420256C752065786365656473206DD6
S3150001FAB06178202575004D51545420726561737328
S3150001FAC0656D626C793A20496E636F6D706C657411
S3150001FAD065207061796C6F61642028726563762098
S3150001FAE0256C752C20657870656374656420256CBA
S3150001FAF07529004D515454207265617373656D62A9
S3150001FB006C793A20427566666572206F7665726613
S3150001FB106C6F7720287265637620256C75202B2003
S3150001FB202575203E20746F74616C20256C75290043
S3150001FB304173796E63207570207265717565737492
S3150001FB4020706F7374656420666F7220696E7465C8
S3150001FB5072666163652025642C2070726F66696C1C
S3150001FB60652025640D0A004175746F2D6A6F696EF3
S3150001FB702070726F63657373206661696C65642EAC
S3150001FB800D0A004175746F2D6A6F696E2070726F70
S3150001FB906365737320636F6D706C657465642E0D98
S3150001FBA00A004175746F2D6A6F696E2077616974F9
S3150001FBB02061626F727465642028652E672E206E3F
S3150001FBC06574776F726B206D616E61676572206413
S3150001FBD065696E697469616C697A6564290D0A00E3
S3150001FBE05769466920636F6E6E656374696F6E202F
S3150001FBF0696E69746961746564206173796E63689D
S3150001FC00726F6E6F75736C790D0A004661696C656A
S3150001FC106420746F207369676E616C207468726505
S3150001FC206164207465726D696E6174652041434B30
S3150001FC300D0A004661696C656420746F20736967FB
S3150001FC406E616C2066696E616C2073796E632057F4
S3150001FC5069466920636C69656E742041434B0D0AE0
S3150001FC60005375636365737366756C6C7920736590
S3150001FC70742057692D466920636C69656E7420701E
S3150001FC80726F66696C652E0D0A000D0A2046616960
S3150001FC906C656420746F20636F6E6E656374207685
S3150001FCA06961206175746F2D6A6F696E2072657462
S3150001FCB072790D0A000D0A20436F6E6E65637465D5
S3150001FCC06420766961206175746F2D6A6F696E2093
S3150001FCD072657472790D0A000D0A20436F6E6E65A6
S3150001FCE0637465642073796E6368726F6E6F757382
S3150001FCF06C790D0A00496E76616C696420696E74CF
S3150001FD0065726661636520696E6465783A2025646B
S3150001FD100D0A000D0A4173796E6320576946692001
S3150001FD20636F6E6E656374696F6E20636F6D706C61
S3150001FD30657465642C207374617274696E672049F9
S3150001FD405020636F6E66696775726174696F6E0DB7
S3150001FD500A00496E76616C696420696E7465726623
S3150001FD6061636520696E6465783A2025640D0A0031
S3150001FD704661696C656420746F2072657374617283
S3150001FD8074206175746F2D6A6F696E207265747265
S3150001FD90792074696D65720D0A004661696C656446
S3150001FDA020746F207369676E616C206175746F2DA5
S3150001FDB06A6F696E206661696C7572652041434B95
S3150001FDC00D0A004661696C656420746F207369676A
S3150001FDD06E616C206175746F2D6A6F696E20737523
S3150001FDE063636573732041434B0D0A004661696C79
S3150001FDF0656420746F207369676E616C2061757428
S3150001FE006F2D6A6F696E2025732041434B0A0046A8
S3150001FE1061696C656420746F20737461727420610A
S3150001FE2075746F2D6A6F696E2072657472792074AC
S3150001FE30696D65720D0A000D0A4661696C6564207B
S3150001FE40746F207365742075702057692D4669207B
S3150001FE50666F722050726F66696C65204944202571
S3150001FE60643A203078256C780D0A000D0A537563C3
S3150001FE706365737320746F207365742075702057E2
S3150001FE80692D466920666F722050726F66696C65CE
S3150001FE902049442025640D0A000D0A4661696C65F6
S3150001FEA06420746F2067657420706572666F726D69
S3150001FEB0616E63652070726F66696C653A20307891
S3150001FEC0256C780D0A004661696C656420746F20A3
S3150001FED0656E7175657565206175746F2D6A6F69DB
S3150001FEE06E207265747279206576656E740D0A00EE
S3150001FEF053656E64696E67204576656E743A203087
S3150001FF00782558206F6E206576656E7420696420A9
S3150001FF103A203078255820666F72207175657565AF
S3150001FF20203078255800416464696E672025752064
S3150001FF30636F6D6D616E64207061636B65742074AF
S3150001FF406F207175657565203078255800466F7587
S3150001FF506E64206D6574612064617461203A20309D
S3150001FF607825580D0A0054726967676572696E676C
S3150001FF70206576656E74203078256C58206F6E206A
S3150001FF806576656E74204964203A20307825582EAE
S3150001FF900053656E64696E67206461746120706FD9
S3150001FFA0696E746572203A203078255820746F2066
S3150001FFB06173796E63206576656E742068616E641F
S3150001FFC06C657220666F72207061636B6574207454
S3150001FFD0797065203A202575005365617263682042
S3150001FFE05061636B6574206D657461646174612031
S3150001FFF0737461747573203A20256C750D0A00536C
S315000200006561726368696E67205061636B6574200F
S315000200106D657461646174610D0A00476F742050E6
S3150002002061636B657420696E666F0D0A00476F74B3
S31500020030205258205061636B65740D0A0054582093
S3150002004041434B20666F7220464C55534845442027
S315000200507061636B6574202D2066726565696E67D3
S31500020060206D6574616461746100476F7420545831
S315000200702041434B204576656E740D0A0048616E39
S31500020080646C696E67203A20534C495F434F4D4D6D
S31500020090414E445F454E47494E455F434F4E4649A2
S315000200A0475552455F5041434B45545F545950455D
S315000200B05F524551554553545F4556454E542E0D94
S315000200C00A002573207461736B2073746172746500
S315000200D0640D0A00416464696E67206D657461206F
S315000200E064617461203A20307825580D0A00526501
S315000200F06D6F76696E67206D6574612064617461E7
S31500020100203A20307825580054726967676572690B
S315000201106E67203A2030782558206576656E742001
S31500020120666F72206576656E7420656E67696E65A8
S3150002013020746F20726567697374657220657665CF
S315000201406E74730A0048616E646C696E67203A20A9
S31500020150534C495F4556454E545F454E47494E45B9
S315000201605F4153594E435F4556454E542E0D0A0084
S3150002017048616E646C696E67203A20534C495F454C
S3150002018056454E545F454E47494E455F4556454E88
S31500020190545F48414E444C45525F52454749535479
S315000201A0524154494F4E5F4556454E542E0D0A0054
S315000201B0476F74206576656E7473203A2030782511
S315000201C06C5820696E206576656E7420656E676967
S315000201D06E65207468726561640D0A004576656E07
S315000201E07420456E67696E65207468726561642065
S315000201F077616974696E6720666F72206576656ECF
S3150002020074730D0A004576656E7420456E67696ED5
S3150002021065207468726561642053746172746564E2
S315000202200D0A00476F74204576656E74733A203066
S3150002023078256C5820666F72207175657565203059
S315000202407825580A0057616974696E67206F6E20B7
S315000202504576656E74733A203078256C58206F6E39
S31500020260206576656E74206964203A2030782558B8
S3150002027020666F7220717565756520307825580A7B
S3150002028000476F7420546872656164204576656E16
S3150002029074733A203078256C5820666F7220717517
S315000202A065756520307825580A0057616974696E4C
S315000202B067206F6E20546872656164204576656EAC
S315000202C074733A203078256C58206F6E20657665F7
S315000202D06E74206964203A203078255820666F7241
S315000202E020717565756520307825580A00436F6D53
S315000202F0706172696E6720657870656374656420E3
S315000203007061636B65744944203A202575207769CC
S315000203107468207061636B65744964206F6620712E
S3150002032075657565206E6F6465203A2025752E2EDB
S31500020330210A005061697277697365206369706882
S31500020340657220737569746520636F756E743A20E1
S3150002035025752E0D0A0052534E204F554920253041
S3150002036032783A253032783A253032782E0D0A0024
S3150002037084132208005A000073030000CC670000B1
S31500020380933D000000000000000000000000000095
S315000203900000000000000000000000000000000055
S315000203A00000000000000000000000000000000045
S315000203B00000000000000000000000000000000035
S315000203C00000000000000000000000000000000025
S315000203D00000000000000000000000000000000015
S315000203E00000000000000000000000000000000005
S315000203F000000000000000000000000000000000F5
S3150002040000000000000000000000000000000000E4
S3150002041000000000000000000000000000000000D4
S3150002042000000000000000000000000000000000C4
S3150002043000000000000000000000000000000000B4
S3150002044000000000000000000000000000000000A4
S315000204500000000000000000000000000000000094
S315000204600000000000000000000000000000000084
S315000204700000000000000000000000000000000074
S315000204800000000000000000000000000000000064
S315000204900000000000000000000000000000000054
S315000204A00000000000000000000000000000000044
S315000204B00000000000000000000000000000000034
S315000204C00000000000000000000000000000000024
S315000204D00000000000000000000000000000000014
S315000204E00000000000000000000000000000000004
S315000204F0F8B500BFF8BC08BC9E467047F8B500BF09
S31500020500F8BC08BC9E467047AAAAAAAAFF00000029
S3150002051095D52008F3DE2108EFDE21080000000051
S3150002052001010000AB7B20081C000000C87B2008EC
S31500020530270000000000000000000000F07B2008F9
S3150002054018000000097C20081D00000000000000C1
S315000205500000000000000000000000000000000093
S31500020560000000005B0700008813D00700000000AF
S315000205700000000000000000000001000100000071
S31500020580DA792008170000000406040004070400B4
S3150002059002000000145C0000B84501002B7C200814
S315000205A00700000045DF2008008007240A0000003B
S315000205B0001C0624000003442100000000FC020087
S315000205C0891F0000001804240C000000000000002F
S315000205D000000000F44A01000000000084BF200869
S315000205E080BF20087CBF200878BF200800000000DA
S315000205F000000000000000000000000000000000F3
S3150002060000000000891F00000000024527000000CC
S315000206100000000000000000244B01000000000062
S3150002062094BF200890BF20088CBF200888BF2008EE
S3150002063000000000000000000000000001000000B1
S3150002064000000000000000009FFF1F0000000044A1
S3150002065026000000145D0000085D0000544B0100F6
S31500020660B0BF2008ACBF2008A8BF2008A4BF20083E
S31500020670A0BF20089CBF200898BF200800000000E9
S31500020680010000000000000000000000F13F000C25
S3150002069018000000EDE52008F13F00C01900000037
S315000206A0E1E52008651B21082DE521085D1B2108CF
S315000206B04D1C210809E52108A51B2108751C2108E6
S315000206C005E52108E51B2108144F0100010101017E
S315000206D00100000000FC0200001C06247C47010009
S315000206E08C460100305C0000245C0000C45301000B
S315000206F04C530100785D000005000000A51A0000B9
S3150002070000000000000000000000000000000000E1
S3150002071000000000456321080000000001000000FF
S3150002072000000000000000000000000095632108A0
S3150002073000000000020000000000000000000000AF
S3150002074000000000A51A00000000000002000000E0
S31500020750000000000000000000000000C163210844
S31500020760000000000400000000000000000000007D
S315000207700000000057692D466920436F6D6D616E5A
S315000207806420456E67696E65000000000000000087
S3150002079000000000A91700003000000064060000F7
S315000207A0345E00003C560100000004005C56010065
S315000207B003030000751B00003C5E000004000000FD
S315000207C03D11000077F5210800000000000000003E
S315000207D000000000000000005911000000000000A7
S315000207E00100000000000000000000000000000000
S315000207F05911000027EA210802000000000000004B
S31500020800000000000000000075110000000000005A
S3150002081003000000000000000000000000000000CD
S315000208200100FFFFFFFFFFFF0000000102030404B7
S3150002083004040204010010004D595F41505F50410B
S315000208405353504852415345000000000000000037
S315000208500000000000000000000000000000000090
S315000208600000000000000000000000000000000080
S315000208700000000000000000000000000000000070
S315000208800000000000000000000000000000000060
S315000208900000000000000000000000000000000050
S315000208A00000000000000000000000000000000040
S315000208B00000000000000000000000000000000030
S315000208C00000000000000000000000000000000020
S315000208D00000000000000000000000000000000010
S315000208E00000000000000000000000000000000000
S315000208F000000000000000000000000001000A00E5
S31500020900476974616D24243132330000000000000F
S3150002091000000000000000000000000000000000CF
S3150002092000000000000000000000000000000000BF
S3150002093000000000000000000000000000000000AF
S31500020940000000000000000000000000000000009F
S31500020950000000000000000000000000000000008F
S31500020960000000000000000000000000000000007F
S31500020970000000000000000000000000000000006F
S31500020980000000000000000000000000000000005F
S31500020990000000000000000000000000000000004F
S315000209A0000000000000000000000000000000003F
S315000209B0000000000000000000000000000000002F
S315000209C00000000002020100FFFF1F1FFF000000DF
S315000209D001000000E8030000000000000300000020
S315000209E0D05C01006460000000000000D05C0100E1
S315000209F0385D0100A05D010000000000000000005B
S31500020A0000000000000000000000000000000000DE
S31500020A1000000000000000000000000000000000CE
S31500020A2000000000000000000000000000000000BE
S31500020A30000000004300000000000000000000006B
S31500020A40000000000000000000000000000000009E
S31500020A50000000004300000000000000000000004B
S31500020A60000000000000000000000000000000007E
S31500020A70000000004300000000000000000000002B
S31500020A80000000000000000000000000000000005E
S31500020A90000000004300000000000000000000000B
S31500020AA0000000000000000000000000000000003E
S31500020AB000000000430000000000000000000000EB
S31500020AC0000000000000000000000000000000001E
S31500020AD000000000430000000000000000000000CB
S31500020AE000000000000000000000000000000000FE
S31500020AF000000000430000000000000000000000AB
S31500020B0000000000000000000000000000000000DD
S31500020B1000000000C501220845012208000000006D
S31500020B2098C52008BBB22008D9AF2008D9AF200843
S31500020B30D9AF2008D9AF2008D9AF2008D9AF2008ED
S31500020B40D9AF2008D9AF2008D9AF2008FFFFFFFF91
S31500020B50FFFFFFFFFFFFFFFFFFFF00000100415302
S31500020B6043494900000000000000000000000000A8
S31500020B7000000000000000000000000000004153D9
S31500020B804349490000000000000000000000000088
S31500020B90000000000000000000000000000000004D
S31500020BA00100000004A40524000000420100000028
S31500020BB0ACA405240000402901000000ACA40524D1
S31500020BC0010040290100000004A505240000C02000
S31500020BD001000000C4A405241F000020010000003B
S31500020BE09CA405240100C049010000009CA4052420
S31500020BF00000806201000000A4A40524000080A475
S31500020C0001000000A4A40524000080A40100000045
S31500020C109CA405240100C049010000009CA40524EF
S31500020C20000080620100000048870524000040831E
S31500020C30010000007C870524000000180100000066
S31500020C40408705240C0040A401000000CCA4052422
S31500020C500080007801000000C8A405246400005842
S31500020C6001000000C4A405240080007801000000F1
S31500020C70C0A405246400005801000000E0A4052475
S31500020C80D903005001000000DCA40524BF0400586B
S31500020C9001000000D8A405240E010048010000004E
S31500020CA038A40524000000280100000014A405242D
S31500020CB0270080A30100000038A405240300408316
S31500020CC00100000038A4052403004083030000004D
S31500020CD00CA405245A0080A30CA40524020040108B
S31500020CE00CA4052400000000030000000CA4052447
S31500020CF05A0080A30CA40524030040100CA405246A
S31500020D0000000000030000000CA405245A0080A382
S31500020D100CA40524000040100CA4052400000000C9
S31500020D200100000008A40524150000A4010000002B
S31500020D3008A40524070000A40100000004A4052459
S31500020D402000C0A30100000010A40524380080A3DF
S31500020D500100000010A405245A0080A3010000002F
S31500020D6000A505240000805A020000009CA4052468
S31500020D700300C0ACACA40524100000200100000052
S31500020D8000A505240300809C01000000D4A40524CC
S31500020D900100007801000000D0A40524F2000080C2
S31500020DA00100000058870524030080590100000055
S31500020DB0588705240C0000280100000040870524FE
S31500020DC00C0040A40100000000A405240000000855
S31500020DD00100000000A40524560583A001000000BE
S31500020DE038A40524070040A40100000038A4052405
S31500020DF00F0040A40100000038A40524070040A407
S31500020E000100000038A405240F0040A401000000E0
S31500020E109CA4052400000021010000009CA40524D6
S31500020E2001000021010000009CA405240000C01856
S31500020E30010000009CA405240100C0180200000065
S31500020E4094A405240100009494A40524020000AD94
S31500020E50010000009CA4052400000010010000000F
S31500020E6000A505240300809C0100000000A50524BE
S31500020E700000809C02000000A4A40524000080A4B7
S31500020E80A4A405240000008402000000A4A40524F2
S31500020E90000080A4A4A4052401000084010000002F
S31500020EA0A4A40524010080A401000000A4A4052432
S31500020EB0020080A40300000098A40524F80040A3C1
S31500020EC0A0A4052410008051A0A40524010040AD71
S31500020ED001000000A0A40524000040AD02000000AD
S31500020EE09CA405240000C049A0A40524000040AD2E
S31500020EF005000000A0A40524000040AD9CA4052422
S31500020F000200806298A40524F80040A3A0A4052448
S31500020F1010008051A0A40524010040AD020000008B
S31500020F2098A40524F00040A3A0A40524010040AD26
S31500020F30020000009CA405240200C049A0A40524C6
S31500020F40000040AD0200000098A405242F003EA830
S31500020F50A0A40524200020A802000000548705242E
S31500020F600100C03958870524010000210100000054
S31500020F70588705240100805203000000608705247B
S31500020F80030080AC748705240600409C7487052400
S31500020F900400405A0200000060870524030080AC6A
S31500020FA070870524010040AD010000007887052402
S31500020FB009000018010000007887052408000018BF
S31500020FC00500000074870524DA2422A84887052430
S31500020FD000004083408705240C0040837087052467
S31500020FE00C00007B70870524040000100600000038
S31500020FF07487052403008041488705240000408346
S315000210004087052403004083708705240200007B85
S31500021010708705240700001074870524020000ADBE
S315000210200100000040870524090040A401000000D9
S31500021030408705240C0040A40200000054870524C2
S3150002104000000021448705240000408C02000000B5
S315000210505487052401000021448705240100408CA1
S3150002106013000000408705240C0040A44087052495
S31500021070BF000060488705242600006048870524D3
S31500021080030040944C8705242003007068870524DA
S315000210900300C020448705240100C09C6087052404
S315000210A001008010788705240700404158870524EF
S315000210B0CC000058748705249A2412A87487052444
S315000210C00300804140870524080040837087052479
S315000210D00500007B70870524040000107487052430
S315000210E0020000AD70870524010000847C87052478
S315000210F00100408C38870524010080100900000099
S315000211009CA405240100C049A4A40524010000846E
S3150002111000A505241900C09B94A405240100801093
S3150002112014A405240100006394A405240100008C84
S3150002113094A40524020000ADACA4052400004029B5
S3150002114010A5052401004029A1D4200879D420083D
S315000211500000000000000000000000000000000087
S315000211600000000000000000000000000000000077
S315000211700000000000000000000000000000000067
S315000211800000000000000000000000000000000057
S315000211900000000000000000000000000000000047
S315000211A00000000000000000000000000000000037
S315000211B00000000000000000000000000000000027
S315000211C00000000000000000000000000000000017
S315000211D00000000000000000000000000000000007
S315000211E000000000000000000000000000000000F7
S315000211F000000000000000000000000000000000E7
S3150002120000000000000000000000000000000000D6
S3150002121000000000000000000000000000000000C6
S3150002122000000000000000000000000000000000B6
S3150002123000000000000000000000000000000000A6
S315000212400000000000000000000000000000000096
S315000212500000000000000000000000000000000086
S315000212600000000000000000000000000000000076
S315000212700000000000000000000000000000000066
S315000212800000000000000000000000000000000056
S315000212900000000000000000000000000000000046
S315000212A00000000000000000000000000000000036
S315000212B00000000000000000000000000000000026
S315000212C00000000000000000000000000000000016
S315000212D00000000000000000000000000000000006
S315000212E000000000000000000000000000000000F6
S315000212F000000000000000000000000000000000E6
S3150002130000000000000000000000000000000000D5
S3150002131000000000000000000000000000000000C5
S3150002132000000000000000000000000000000000B5
S3150002133000000000000000000000000000000000A5
S315000213400000000000000000000000000000000095
S315000213500000000000000000000000000000000085
S315000213600000000000000000000000000000000075
S315000213700000000000000000000000000000000065
S315000213800000000000000000000000000000000055
S315000213900000000000000000000000000000000045
S315000213A00000000000000000000000000000000035
S315000213B00000000000000000000000000000000025
S315000213C00000000000000000000000000000000015
S315000213D00000000000000000000000000000000005
S315000213E000000000000000000000000000000000F5
S315000213F000000000000000000000000000000000E5
S3150002140000000000000000000000000000000000D4
S3150002141000000000000000000000000000000000C4
S3150002142000000000000000000000000000000000B4
S3150002143000000000000000000000000000000000A4
S315000214400000000000000000000000000000000094
S315000214500000000000000000000000000000000084
S315000214600000000000000000000000000000000074
S315000214700000000000000000000000000000000064
S315000214800000000000000000000000000000000054
S315000214900000000000000000000000000000000044
S315000214A00000000000000000000000000000000034
S315000214B00000000000000000000000000000000024
S315000214C00000000000000000000000000000000014
S315000214D00000000000000000000000000000000004
S315000214E000000000000000000000000000000000F4
S315000214F000000000000000000000000000000000E4
S3150002150000000000000000000000000000000000D3
S3150002151000000000000000000000000000000000C3
S3150002152000000000000000000000000000000000B3
S3150002153000000000000000000000000000000000A3
S315000215400000000000000000000000000000000093
S315000215500000000000000000000000000000000083
S315000215600000000000000000000000000000000073
S315000215700000000000000000000000000000000063
S315000215800000000000000000000000000000000053
S315000215900000000000000000000000000000000043
S315000215A00000000000000000000000000000000033
S315000215B00000000000000000000000000000000023
S315000215C00000000000000000000000000000000013
S315000215D00000000000000000000000000000000003
S315000215E000000000000000000000000000000000F3
S315000215F000000000000000000000000000000000E3
S3150002160000000000000000000000000000000000D2
S3150002161000000000000000000000000000000000C2
S3150002162000000000000000000000000000000000B2
S3150002163000000000000000000000000000000000A2
S315000216400000000000000000000000000000000092
S315000216500000000000000000000000000000000082
S315000216600000000000000000000000000000000072
S315000216700000000000000000000000000000000062
S315000216800000000000000000000000000000000052
S315000216900000000000000000000000000000000042
S315000216A00000000000000000000000000000000032
S315000216B00000000000000000000000000000000022
S315000216C00000000000000000000000000000000012
S503216D6E
S70500000000FA
